71601,34.20168,-91.929399,AR,Jefferson,Arsenal
71601,34.20168,-91.929399,AR,Jefferson,Hardin
71601,34.20168,-91.929399,AR,Jefferson,Jefferson Square
71601,34.20168,-91.929399,AR,Jefferson,Pine Bluff
71602,34.261382,-92.132192,AR,Jefferson,Pine Bluff
71602,34.261382,-92.132192,AR,Jefferson,White Hall
71603,34.198278,-92.034403,AR,Jefferson,Pine Bluff
71611,34.200673,-91.939537,AR,Jefferson,Pine Bluff
71612,34.228866,-92.00089,AR,Jefferson,Pine Bluff
71612,34.228866,-92.00089,AR,Jefferson,White Hall
71613,34.140197,-92.10718,AR,Jefferson,Pine Bluff
71630,33.590628,-91.248596,AR,Desha,Arkansas City
71631,33.5443,-92.26543,AR,Bradley,Banks
71631,33.5443,-92.26543,AR,Bradley,Gravelridge
71631,33.5443,-92.26543,AR,Bradley,Lanark
71635,33.129096,-91.960667,AR,Ashley,Crossett
71635,33.129096,-91.960667,AR,Ashley,Meridian
71638,33.525724,-91.435385,AR,Chicot,Baxter
71638,33.525724,-91.435385,AR,Chicot,Bellaire
71638,33.525724,-91.435385,AR,Chicot,Collins
71638,33.525724,-91.435385,AR,Chicot,Dermott
71638,33.525724,-91.435385,AR,Chicot,Halley
71638,33.525724,-91.435385,AR,Chicot,Halley Junction
71639,33.888705,-91.490885,AR,Desha,Avery
71639,33.888705,-91.490885,AR,Desha,Back Gate
71639,33.888705,-91.490885,AR,Desha,Dumas
71639,33.888705,-91.490885,AR,Desha,Garrett Bridge
71639,33.888705,-91.490885,AR,Desha,Mitchellville
71639,33.888705,-91.490885,AR,Desha,Pendleton
71639,33.888705,-91.490885,AR,Desha,Reedville
71640,33.10548,-91.25988,AR,Chicot,Boueff
71640,33.10548,-91.25988,AR,Chicot,Chicot
71640,33.10548,-91.25988,AR,Chicot,Endoka
71640,33.10548,-91.25988,AR,Chicot,Eudora
71640,33.10548,-91.25988,AR,Chicot,Grand Lake
71640,33.10548,-91.25988,AR,Chicot,Indian
71640,33.10548,-91.25988,AR,Chicot,Readland
71642,33.344234,-91.818649,AR,Ashley,Fort Hill
71642,33.344234,-91.818649,AR,Ashley,Fountain Hill
71643,33.984603,-91.556472,AR,Lincoln,Cole Spur
71643,33.984603,-91.556472,AR,Lincoln,Gould
71643,33.984603,-91.556472,AR,Lincoln,Meroney
71644,34.08996,-91.73424,AR,Lincoln,Grady
71644,34.08996,-91.73424,AR,Lincoln,Shannon
71644,34.08996,-91.73424,AR,Lincoln,Tamo
71646,33.18696,-91.85364,AR,Ashley,Beech Creek
71646,33.18696,-91.85364,AR,Ashley,Berea
71646,33.18696,-91.85364,AR,Ashley,Berlin
71646,33.18696,-91.85364,AR,Ashley,Bovine
71646,33.18696,-91.85364,AR,Ashley,Fountain Prairie
71646,33.18696,-91.85364,AR,Ashley,Gulledge
71646,33.18696,-91.85364,AR,Ashley,Hamburg
71646,33.18696,-91.85364,AR,Ashley,Milo
71646,33.18696,-91.85364,AR,Ashley,Mist
71646,33.18696,-91.85364,AR,Ashley,Old Milo
71647,33.39942,-92.1237,AR,Bradley,Hermitage
71647,33.39942,-92.1237,AR,Bradley,Johnsville
71647,33.39942,-92.1237,AR,Bradley,Mount Olive
71647,33.39942,-92.1237,AR,Bradley,Patsville
71647,33.39942,-92.1237,AR,Bradley,Rock Island Junction
71647,33.39942,-92.1237,AR,Bradley,Smearney
71647,33.39942,-92.1237,AR,Bradley,Sumpter
71647,33.39942,-92.1237,AR,Bradley,Vick
71651,33.347207,-92.285793,AR,Bradley,Jersey
71651,33.347207,-92.285793,AR,Bradley,Morobay
71652,33.877586,-92.306949,AR,Cleveland,Kingsland
71652,33.877586,-92.306949,AR,Cleveland,Saline
71653,33.330484,-91.284186,AR,Chicot,Ashton
71653,33.330484,-91.284186,AR,Chicot,Chanticleer
71653,33.330484,-91.284186,AR,Chicot,Fairview
71653,33.330484,-91.284186,AR,Chicot,Gaines Landing
71653,33.330484,-91.284186,AR,Chicot,Jennie
71653,33.330484,-91.284186,AR,Chicot,Lake Village
71653,33.330484,-91.284186,AR,Chicot,Luna
71653,33.330484,-91.284186,AR,Chicot,Macon Lake
71653,33.330484,-91.284186,AR,Chicot,McMilan Corner
71653,33.330484,-91.284186,AR,Chicot,Panther Forest
71653,33.330484,-91.284186,AR,Chicot,Red Leaf
71653,33.330484,-91.284186,AR,Chicot,Shives
71654,33.65646,-91.40802,AR,Desha,Masonville
71654,33.65646,-91.40802,AR,Desha,Mc Gehee
71654,33.65646,-91.40802,AR,Desha,McArthur
71654,33.65646,-91.40802,AR,Desha,McGehee
71654,33.65646,-91.40802,AR,Desha,Trippe
71655,33.6249,-91.8009,AR,Drew,Coleman
71655,33.6249,-91.8009,AR,Drew,Cominto
71655,33.6249,-91.8009,AR,Drew,Florence
71655,33.6249,-91.8009,AR,Drew,Lacey
71655,33.6249,-91.8009,AR,Drew,Ladelle
71655,33.6249,-91.8009,AR,Drew,Monticello
71655,33.6249,-91.8009,AR,Drew,Montongo
71655,33.6249,-91.8009,AR,Drew,Mount Tabor
71655,33.6249,-91.8009,AR,Drew,Tennessee
71655,33.6249,-91.8009,AR,Drew,UA Monticello
71656,33.630719,-91.791081,AR,Drew,Monticello
71656,33.630719,-91.791081,AR,Drew,University of Arkansas
71657,33.625295,-91.789337,AR,Drew,Monticello
71658,33.30654,-91.51518,AR,Ashley,Boydell
71658,33.30654,-91.51518,AR,Ashley,Montrose
71658,33.30654,-91.51518,AR,Ashley,Snyder
71658,33.30654,-91.51518,AR,Ashley,Thebes
71659,34.146589,-91.795504,AR,Jefferson,Linwood
71659,34.146589,-91.795504,AR,Jefferson,Moscow
71660,33.763918,-92.192406,AR,Cleveland,Hebron
71660,33.763918,-92.192406,AR,Cleveland,New Edinburg
71660,33.763918,-92.192406,AR,Cleveland,Orlando
71661,33.112866,-91.52822,AR,Ashley,Empire
71661,33.112866,-91.52822,AR,Ashley,Parkdale
71662,33.81228,-91.4031,AR,Desha,Gourd
71662,33.81228,-91.4031,AR,Desha,Pickens
71662,33.81228,-91.4031,AR,Desha,Tyro
71663,33.238405,-91.516386,AR,Ashley,Portland
71665,34.00866,-92.1411,AR,Cleveland,Calmer
71665,34.00866,-92.1411,AR,Cleveland,Dialion
71665,34.00866,-92.1411,AR,Cleveland,Herbine
71665,34.00866,-92.1411,AR,Cleveland,Kedron
71665,34.00866,-92.1411,AR,Cleveland,Pansy
71665,34.00866,-92.1411,AR,Cleveland,Randall
71665,34.00866,-92.1411,AR,Cleveland,Rison
71665,34.00866,-92.1411,AR,Cleveland,Rowell
71665,34.00866,-92.1411,AR,Cleveland,Rye
71665,34.00866,-92.1411,AR,Cleveland,Staves
71665,34.00866,-92.1411,AR,Cleveland,Toledo
71666,33.659552,-91.194003,AR,Desha,Duce
71666,33.659552,-91.194003,AR,Desha,Mc Gehee
71666,33.659552,-91.194003,AR,Desha,McGehee
71666,33.659552,-91.194003,AR,Desha,Possum Fork
71666,33.659552,-91.194003,AR,Desha,Rohwer
71667,33.939645,-91.844739,AR,Lincoln,Cornerville
71667,33.939645,-91.844739,AR,Lincoln,Crigler
71667,33.939645,-91.844739,AR,Lincoln,Glendale
71667,33.939645,-91.844739,AR,Lincoln,Griffith Spring
71667,33.939645,-91.844739,AR,Lincoln,Nebo
71667,33.939645,-91.844739,AR,Lincoln,Palmyra
71667,33.939645,-91.844739,AR,Lincoln,Relfs Bluff
71667,33.939645,-91.844739,AR,Lincoln,Star City
71667,33.939645,-91.844739,AR,Lincoln,Tarry
71670,33.67218,-91.54062,AR,Desha,Selma
71670,33.67218,-91.54062,AR,Desha,Tillar
71671,33.609178,-92.070158,AR,Bradley,Bradley Quarters
71671,33.609178,-92.070158,AR,Bradley,Carmel
71671,33.609178,-92.070158,AR,Bradley,Farmville
71671,33.609178,-92.070158,AR,Bradley,McKinney
71671,33.609178,-92.070158,AR,Bradley,Warren
71674,33.798097,-91.302406,AR,Desha,Kelso
71674,33.798097,-91.302406,AR,Desha,Kurdo
71674,33.798097,-91.302406,AR,Desha,Red Fork
71674,33.798097,-91.302406,AR,Desha,Watson
71674,33.798097,-91.302406,AR,Desha,Yancopin
71675,33.62142,-91.9278,AR,Drew,Green Hill
71675,33.62142,-91.9278,AR,Drew,Rock Springs
71675,33.62142,-91.9278,AR,Drew,Wilmar
71676,33.053808,-91.571053,AR,Ashley,Wilmot
71677,33.750509,-91.549042,AR,Drew,Winchester
71677,33.750509,-91.549042,AR,Drew,Yukon
71678,34.032116,-91.788646,AR,Lincoln,Yorktown
71701,33.5814,-92.81934,AR,Ouachita,Camden
71701,33.5814,-92.81934,AR,Ouachita,East Camden
71711,33.581943,-92.834036,AR,Ouachita,Camden
71720,33.73061,-92.636797,AR,Ouachita,Bearden
71721,33.890766,-93.202851,AR,Clark,Beirne
71722,33.698184,-93.198955,AR,Nevada,Bluff City
71724,33.323766,-92.548566,AR,Union,Calion
71725,34.045382,-92.647954,AR,Dallas,Carthage
71726,33.707156,-93.02885,AR,Ouachita,Chidester
71728,33.997111,-93.108204,AR,Clark,Curtis
71730,33.214492,-92.664791,AR,Union,El Dorado
71731,33.209369,-92.66693,AR,Union,El Dorado
71740,33.093825,-93.188033,AR,Columbia,Emerson
71742,33.813506,-92.420535,AR,Dallas,Fordyce
71743,33.917085,-93.145662,AR,Clark,Gurdon
71744,33.513001,-92.562851,AR,Calhoun,Hampton
71745,33.502995,-92.392347,AR,Calhoun,Harrell
71747,33.057457,-92.182408,AR,Union,Huttig
71748,33.908253,-92.443094,AR,Dallas,Ivan
71749,33.016895,-92.725033,AR,Union,Junction City
71750,33.195209,-92.481515,AR,Union,Lawson
71751,33.409352,-92.779759,AR,Ouachita,Louann
71752,33.384319,-93.19479,AR,Columbia,Mc Neil
71753,33.264345,-93.233796,AR,Columbia,Magnolia
71753,33.264345,-93.233796,AR,Columbia,Village
71754,33.267422,-93.23923,AR,Columbia,Magnolia
71758,33.314945,-92.942896,AR,Union,Mount Holly
71759,33.324963,-92.666277,AR,Union,Norphlet
71762,33.36565,-92.728056,AR,Union,Smackover
71763,34.021111,-92.792778,AR,Dallas,Manning
71763,34.021111,-92.792778,AR,Dallas,Sparkman
71764,33.418904,-93.030723,AR,Ouachita,Stephens
71765,33.209097,-92.443857,AR,Union,Strong
71766,33.753543,-92.456546,AR,Calhoun,Thornton
71768,33.2075,-92.666111,AR,Union,El Dorado
71768,33.2075,-92.666111,AR,Union,Urbana
71770,33.352964,-93.291433,AR,Columbia,Waldo
71772,33.831489,-93.126424,AR,Clark,Whelen Spgs
71772,33.831489,-93.126424,AR,Clark,Whelen Springs
71801,33.661513,-93.58943,AR,Hempstead,Hope
71801,33.661513,-93.58943,AR,Hempstead,Perrytown
71802,33.666096,-93.587333,AR,Hempstead,Hope
71820,33.76695,-94.262426,AR,Little River,Alleene
71822,33.674109,-94.125689,AR,Little River,Ashdown
71823,33.83518,-94.11906,AR,Sevier,Ben Lomond
71825,33.888971,-93.519746,AR,Hempstead,Blevins
71826,33.112881,-93.649259,AR,Lafayette,Bradley
71827,33.367353,-93.446445,AR,Lafayette,Buckner
71828,33.625138,-93.260649,AR,Nevada,Cale
71831,33.751594,-93.821408,AR,Hempstead,Columbus
71832,34.044054,-94.343484,AR,Sevier,De Queen
71833,33.993503,-93.841005,AR,Howard,Dierks
71834,33.118192,-93.958398,AR,Miller,Doddridge
71835,33.66952,-93.40107,AR,Nevada,Emmet
71836,33.697375,-94.40226,AR,Little River,Foreman
71837,33.286971,-93.891637,AR,Miller,Fouke
71838,33.629501,-93.816318,AR,Hempstead,Fulton
71839,33.317011,-93.760241,AR,Miller,Garland City
71840,33.383776,-93.908965,AR,Miller,Genoa
71841,34.149902,-94.31418,AR,Sevier,Gillham
71842,33.904506,-94.265675,AR,Sevier,Horatio
71844,33.696604,-93.354315,AR,Nevada,Laneburg
71845,33.360581,-93.579901,AR,Lafayette,Lewisville
71846,33.917861,-94.115216,AR,Sevier,Lockesburg
71847,33.932758,-93.639952,AR,Hempstead,Mc Caskill
71851,33.871355,-93.917645,AR,Howard,Mineral Spgs
71851,33.871355,-93.917645,AR,Howard,Mineral Springs
71852,33.945803,-93.850288,AR,Howard,Nashville
71853,33.59707,-93.973796,AR,Little River,Ogden
71854,33.436576,-94.019848,AR,Miller,Texarkana
71855,33.878935,-93.742793,AR,Hempstead,Ozan
71857,33.802675,-93.377033,AR,Nevada,Prescott
71858,33.569569,-93.289236,AR,Nevada,Rosston
71859,33.774332,-93.884417,AR,Howard,Okay
71859,33.774332,-93.884417,AR,Howard,Saratoga
71860,33.361637,-93.503365,AR,Lafayette,Stamps
71861,33.111405,-93.447276,AR,Columbia,Taylor
71862,33.750451,-93.668049,AR,Hempstead,Washington
71864,33.489851,-93.301468,AR,Nevada,Willisville
71865,33.739315,-94.111223,AR,Little River,Wilton
71866,33.869003,-94.403839,AR,Little River,Winthrop
71901,34.496486,-93.032712,AR,Garland,Blue Springs
71901,34.496486,-93.032712,AR,Garland,Central City
71901,34.496486,-93.032712,AR,Garland,Euclid Heights
71901,34.496486,-93.032712,AR,Garland,Fountain Lake
71901,34.496486,-93.032712,AR,Garland,H Spg Nat Pk
71901,34.496486,-93.032712,AR,Garland,Hot Springs
71901,34.496486,-93.032712,AR,Garland,Hot Springs National
71901,34.496486,-93.032712,AR,Garland,Hot Springs National Park
71901,34.496486,-93.032712,AR,Garland,HS
71901,34.496486,-93.032712,AR,Garland,Lakeside
71901,34.496486,-93.032712,AR,Garland,Mountain Valley
71901,34.496486,-93.032712,AR,Garland,Mt Valley
71901,34.496486,-93.032712,AR,Garland,Oaklawn
71901,34.496486,-93.032712,AR,Garland,Ozark Lithia
71901,34.496486,-93.032712,AR,Garland,Piney
71901,34.496486,-93.032712,AR,Garland,Pleasant Hill
71901,34.496486,-93.032712,AR,Garland,Price
71901,34.496486,-93.032712,AR,Garland,Red Oak
71902,34.50235,-93.057544,AR,Garland,Hot Springs
71902,34.50235,-93.057544,AR,Garland,Hot Springs National
71902,34.50235,-93.057544,AR,Garland,Hot Springs National Park
71903,34.525891,-92.99636,AR,Garland,Hot Springs
71903,34.525891,-92.99636,AR,Garland,Hot Springs National Park
71909,34.61058,-93.01476,AR,Garland,Hot Spgs Vl
71909,34.61058,-93.01476,AR,Garland,Hot Springs
71909,34.61058,-93.01476,AR,Garland,Hot Springs National
71909,34.61058,-93.01476,AR,Garland,Hot Springs National Park
71909,34.61058,-93.01476,AR,Garland,Hot Springs Village
71910,34.668247,-93.001118,AR,Garland,Hot Springs
71910,34.668247,-93.001118,AR,Garland,Hot Springs National Park
71910,34.668247,-93.001118,AR,Garland,Hot Springs Village
71913,34.42469,-93.09629,AR,Garland,Hot Springs
71913,34.42469,-93.09629,AR,Garland,Hot Springs National
71913,34.42469,-93.09629,AR,Garland,Hot Springs National Park
71913,34.42469,-93.09629,AR,Garland,Lake Hamilton
71914,34.529159,-93.051519,AR,Garland,Hot Springs
71914,34.529159,-93.051519,AR,Garland,Hot Springs National
71914,34.529159,-93.051519,AR,Garland,Hot Springs National Park
71920,34.264722,-93.460833,AR,Clark,Alpine
71920,34.264722,-93.460833,AR,Clark,Amity
71921,34.2441,-93.37992,AR,Clark,Alpine
71921,34.2441,-93.37992,AR,Clark,Amity
71921,34.2441,-93.37992,AR,Clark,Caney Valley
71921,34.2441,-93.37992,AR,Clark,Elm
71921,34.2441,-93.37992,AR,Clark,Fendley
71921,34.2441,-93.37992,AR,Clark,Point Cedar
71921,34.2441,-93.37992,AR,Clark,Rosboro
71922,34.027118,-93.45016,AR,Pike,Antoine
71923,34.085898,-93.045684,AR,Clark,Arkadelphia
71923,34.085898,-93.045684,AR,Clark,Caddo Valley
71923,34.085898,-93.045684,AR,Clark,Dalark
71923,34.085898,-93.045684,AR,Clark,Degray
71923,34.085898,-93.045684,AR,Clark,Griffithtown
71923,34.085898,-93.045684,AR,Clark,Gum Springs
71923,34.085898,-93.045684,AR,Clark,Hearn
71923,34.085898,-93.045684,AR,Clark,Hollywood
71923,34.085898,-93.045684,AR,Clark,Joan
71923,34.085898,-93.045684,AR,Clark,Richwood
71923,34.085898,-93.045684,AR,Clark,West Gum Springs
71923,34.085898,-93.045684,AR,Clark,Witherspoon
71929,34.336448,-93.193258,AR,Hot Spring,Bismarck
71929,34.336448,-93.193258,AR,Hot Spring,Lambert
71932,34.552927,-94.204398,AR,Polk,Board Camp
71932,34.552927,-94.204398,AR,Polk,Opal
71933,34.347207,-93.316503,AR,Hot Spring,Bonnerdale
71933,34.347207,-93.316503,AR,Hot Spring,Mazarn
71935,34.358611,-93.688611,AR,Montgomery,Caddo Gap
71935,34.358611,-93.688611,AR,Montgomery,Fancy Hill
71935,34.358611,-93.688611,AR,Montgomery,Hopper
71935,34.358611,-93.688611,AR,Montgomery,Manfred
71937,34.429351,-94.417896,AR,Polk,Cove
71937,34.429351,-94.417896,AR,Polk,Hatton
71940,34.057278,-93.530098,AR,Pike,Bowen
71940,34.057278,-93.530098,AR,Pike,Delight
71940,34.057278,-93.530098,AR,Pike,Pike
71940,34.057278,-93.530098,AR,Pike,Piney Grove
71940,34.057278,-93.530098,AR,Pike,Pisgah
71940,34.057278,-93.530098,AR,Pike,Tobin
71941,34.199333,-92.931422,AR,Hot Spring,Donaldson
71941,34.199333,-92.931422,AR,Hot Spring,Saginaw
71942,34.244521,-92.982342,AR,Hot Spring,Friendship
71943,34.324416,-93.547401,AR,Pike,Glenwood
71943,34.324416,-93.547401,AR,Pike,Lodi
71944,34.230254,-94.36213,AR,Polk,Grannis
71945,34.487192,-94.35293,AR,Polk,Hatfield
71949,34.710102,-93.220625,AR,Garland,Beaudry
71949,34.710102,-93.220625,AR,Garland,Buckville
71949,34.710102,-93.220625,AR,Garland,Jessieville
71950,34.220101,-93.58301,AR,Pike,Kirby
71951,34.5,-93.05,AR,Garland,Hot Springs
71951,34.5,-93.05,AR,Garland,Hot Springs National Park
71952,34.310476,-93.846112,AR,Pike,Langley
71953,34.60764,-94.2135,AR,Polk,Acorn
71953,34.60764,-94.2135,AR,Polk,Big Fork
71953,34.60764,-94.2135,AR,Polk,Black Fork
71953,34.60764,-94.2135,AR,Polk,Dallas
71953,34.60764,-94.2135,AR,Polk,Ink
71953,34.60764,-94.2135,AR,Polk,Mena
71953,34.60764,-94.2135,AR,Polk,Menos
71953,34.60764,-94.2135,AR,Polk,Mountain Fork
71953,34.60764,-94.2135,AR,Polk,Nunley
71953,34.60764,-94.2135,AR,Polk,Potter
71953,34.60764,-94.2135,AR,Polk,Potter Junction
71953,34.60764,-94.2135,AR,Polk,Rocky
71953,34.60764,-94.2135,AR,Polk,Yocana
71956,34.58496,-93.15696,AR,Garland,Mountain Pine
71956,34.58496,-93.15696,AR,Garland,Mt Pine
71957,34.534979,-93.504073,AR,Montgomery,Gaston
71957,34.534979,-93.504073,AR,Montgomery,Hurricane Grove
71957,34.534979,-93.504073,AR,Montgomery,Joplin
71957,34.534979,-93.504073,AR,Montgomery,Mount Ida
71958,34.06095,-93.689939,AR,Pike,Billstown
71958,34.06095,-93.689939,AR,Pike,Kimberley
71958,34.06095,-93.689939,AR,Pike,Mount Moriah
71958,34.06095,-93.689939,AR,Pike,Murfreesboro
71959,34.219416,-93.852143,AR,Pike,Newhope
71960,34.457226,-93.657823,AR,Montgomery,Norman
71961,34.604027,-93.83182,AR,Montgomery,Huddleston
71961,34.604027,-93.83182,AR,Montgomery,Oden
71961,34.604027,-93.83182,AR,Montgomery,Pine Ridge
71961,34.604027,-93.83182,AR,Montgomery,Whitetown
71962,34.080979,-93.314393,AR,Clark,Okolona
71964,34.450158,-93.197251,AR,Garland,Pearcy
71965,34.652412,-93.747235,AR,Montgomery,Pencil Bluff
71965,34.652412,-93.747235,AR,Montgomery,Y City
71966,34.585833,-93.91,AR,Montgomery,Oden
71966,34.585833,-93.91,AR,Montgomery,Pine Ridge
71968,34.523895,-93.299582,AR,Garland,Bear
71968,34.523895,-93.299582,AR,Garland,Royal
71969,34.66805,-93.666032,AR,Montgomery,Gibbs
71969,34.66805,-93.666032,AR,Montgomery,Sims
71970,34.677222,-93.560177,AR,Montgomery,Story
71971,34.29048,-94.09482,AR,Howard,Athens
71971,34.29048,-94.09482,AR,Howard,Umpire
71972,34.375951,-94.357777,AR,Polk,Vandervoort
71973,34.312438,-94.346936,AR,Polk,Wickes
71998,34.129042,-93.051992,AR,Clark,Arkadelphia
71998,34.129042,-93.051992,AR,Clark,Ouachita Baptist University
71999,34.124529,-93.072399,AR,Clark,Arkadelphia
71999,34.124529,-93.072399,AR,Clark,Henderson State University
72001,35.047793,-92.905101,AR,Perry,Adona
72002,34.632983,-92.486426,AR,Saline,Alexander
72003,34.297589,-91.345171,AR,Arkansas,Almyra
72004,34.318415,-91.842383,AR,Jefferson,Altheimer
72005,35.554257,-91.080965,AR,Jackson,Amagon
72005,35.554257,-91.080965,AR,Jackson,Balch
72006,35.284958,-91.362504,AR,Woodruff,Augusta
72007,34.997111,-91.970805,AR,Lonoke,Austin
72010,35.305421,-91.585816,AR,White,Bald Knob
72011,34.532579,-92.47729,AR,Saline,Bauxite
72012,35.073551,-91.896331,AR,White,Beebe
72013,35.423104,-92.413884,AR,Van Buren,Bee Branch
72014,35.427637,-91.107215,AR,Jackson,Beedeville
72015,34.566563,-92.583045,AR,Saline,Benton
72015,34.566563,-92.583045,AR,Saline,Haskell
72015,34.566563,-92.583045,AR,Saline,Tull
72016,34.881567,-92.692504,AR,Perry,Bigelow
72017,34.836954,-91.538165,AR,Prairie,Biscoe
72018,34.562736,-92.586155,AR,Saline,Benton
72019,34.56369,-92.586207,AR,Saline,Benton
72020,35.54995,-91.438267,AR,White,Bradford
72021,34.891991,-91.193555,AR,Monroe,Brinkley
72022,34.598058,-92.488227,AR,Saline,Benton
72022,34.598058,-92.488227,AR,Saline,Bryant
72023,34.964998,-92.015595,AR,Lonoke,Cabot
72024,34.788454,-91.746133,AR,Lonoke,Carlisle
72024,34.788454,-91.746133,AR,Lonoke,Hamilton
72025,35.030179,-93.036863,AR,Perry,Casa
72025,35.030179,-93.036863,AR,Perry,Divide
72025,35.030179,-93.036863,AR,Perry,Homewood
72025,35.030179,-93.036863,AR,Perry,Pontoon
72025,35.030179,-93.036863,AR,Perry,Round Mountain
72026,34.455148,-91.327569,AR,Arkansas,Casscoe
72027,35.401579,-92.560518,AR,Conway,Catholic Point
72027,35.401579,-92.560518,AR,Conway,Center Ridge
72027,35.401579,-92.560518,AR,Conway,Lick Mountain
72027,35.401579,-92.560518,AR,Conway,Middleton
72028,35.521105,-92.41774,AR,Van Buren,Choctaw
72029,34.695459,-91.30756,AR,Monroe,Clarendon
72030,35.366302,-92.705971,AR,Conway,Beverage Town
72030,35.366302,-92.705971,AR,Conway,Cleveland
72031,35.6136,-92.50578,AR,Van Buren,Alread
72031,35.6136,-92.50578,AR,Van Buren,Botkinburg
72031,35.6136,-92.50578,AR,Van Buren,Clinton
72031,35.6136,-92.50578,AR,Van Buren,Crabtree
72031,35.6136,-92.50578,AR,Van Buren,Culpeper
72031,35.6136,-92.50578,AR,Van Buren,Formosa
72031,35.6136,-92.50578,AR,Van Buren,Koch Ridge
72031,35.6136,-92.50578,AR,Van Buren,Plant
72031,35.6136,-92.50578,AR,Van Buren,Rex
72031,35.6136,-92.50578,AR,Van Buren,Rupert
72031,35.6136,-92.50578,AR,Van Buren,Walnut Grove
72032,35.0673,-92.3808,AR,Faulkner,Beryl
72032,35.0673,-92.3808,AR,Faulkner,Brumley
72032,35.0673,-92.3808,AR,Faulkner,Central Baptist College
72032,35.0673,-92.3808,AR,Faulkner,Conway
72032,35.0673,-92.3808,AR,Faulkner,Gleason
72032,35.0673,-92.3808,AR,Faulkner,Gold Creek
72032,35.0673,-92.3808,AR,Faulkner,Gold Lake Estates
72032,35.0673,-92.3808,AR,Faulkner,Preston
72032,35.0673,-92.3808,AR,Faulkner,Saltillo
72032,35.0673,-92.3808,AR,Faulkner,Skunkhollow
72033,35.082476,-92.37509,AR,Faulkner,Conway
72034,35.089669,-92.442567,AR,Faulkner,Conway
72035,35.073922,-92.457553,AR,Faulkner,Conway
72035,35.073922,-92.457553,AR,Faulkner,UCA
72035,35.073922,-92.457553,AR,Faulkner,Univ of Central
72035,35.073922,-92.457553,AR,Faulkner,University of Central Ar
72036,35.003283,-91.250233,AR,Woodruff,Cotton Plant
72036,35.003283,-91.250233,AR,Woodruff,Maberry
72037,34.537779,-91.873895,AR,Lonoke,Coy
72038,34.421824,-91.227791,AR,Arkansas,Crocketts Blf
72038,34.421824,-91.227791,AR,Arkansas,Crocketts Bluff
72039,35.298334,-92.439056,AR,Faulkner,Damascus
72039,35.298334,-92.439056,AR,Van Buren,Gravesville
72039,35.298334,-92.439056,AR,Van Buren,Martinville
72039,35.298334,-92.439056,AR,Faulkner,Twin Groves
72040,34.958367,-91.509222,AR,Prairie,Childress
72040,34.958367,-91.509222,AR,Prairie,Des Arc
72040,34.958367,-91.509222,AR,Prairie,Four Mile Corner
72040,34.958367,-91.509222,AR,Prairie,Hayley
72040,34.958367,-91.509222,AR,Prairie,Little Dixie
72040,34.958367,-91.509222,AR,Prairie,Sand Hill
72041,34.715356,-91.542833,AR,Prairie,De Valls Blf
72041,34.715356,-91.542833,AR,Prairie,De Valls Bluff
72041,34.715356,-91.542833,AR,Prairie,Devalls Bluff
72041,34.715356,-91.542833,AR,Prairie,Tollville
72042,34.292792,-91.337922,AR,Arkansas,De Luce
72042,34.292792,-91.337922,AR,Arkansas,De Witt
72042,34.292792,-91.337922,AR,Arkansas,Dewitt
72043,35.637842,-91.257878,AR,Jackson,Diaz
72044,35.645789,-92.190482,AR,Cleburne,Brewer
72044,35.645789,-92.190482,AR,Cleburne,Edgemont
72044,35.645789,-92.190482,AR,Cleburne,Parma
72045,35.106575,-92.087418,AR,White,El Paso
72046,34.57434,-91.97706,AR,Lonoke,Allport
72046,34.57434,-91.97706,AR,Lonoke,Blakemore
72046,34.57434,-91.97706,AR,Lonoke,Bredlow Corner
72046,34.57434,-91.97706,AR,Lonoke,Cobbs
72046,34.57434,-91.97706,AR,Lonoke,England
72046,34.57434,-91.97706,AR,Lonoke,Estes
72046,34.57434,-91.97706,AR,Lonoke,Ferda
72046,34.57434,-91.97706,AR,Lonoke,Geridge
72046,34.57434,-91.97706,AR,Lonoke,Ryan
72046,34.57434,-91.97706,AR,Lonoke,Seaton
72046,34.57434,-91.97706,AR,Lonoke,Seaton Dump
72046,34.57434,-91.97706,AR,Lonoke,Tomberlin
72046,34.57434,-91.97706,AR,Lonoke,Wampoo
72047,35.217403,-92.213012,AR,Faulkner,Barney
72047,35.217403,-92.213012,AR,Faulkner,Enola
72048,34.193665,-91.132556,AR,Arkansas,Ethel
72051,35.762178,-92.304721,AR,Stone,Fox
72051,35.762178,-92.304721,AR,Stone,Mozart
72052,35.121614,-91.729578,AR,White,Garner
72053,34.71166,-92.22229,AR,Pulaski,College Sta
72053,34.71166,-92.22229,AR,Pulaski,College Station
72053,34.71166,-92.22229,AR,Pulaski,Genevia
72055,34.120469,-91.378469,AR,Arkansas,Arkansas Post National Memor
72055,34.120469,-91.378469,AR,Arkansas,Gillett
72057,34.118272,-92.308042,AR,Grant,Grapevine
72058,35.21928,-92.3241,AR,Faulkner,Greenbrier
72058,35.21928,-92.3241,AR,Faulkner,Linder
72058,35.21928,-92.3241,AR,Faulkner,McGintytown
72058,35.21928,-92.3241,AR,Faulkner,Pleasant Valley
72058,35.21928,-92.3241,AR,Faulkner,Republican
72058,35.21928,-92.3241,AR,Faulkner,Springhill
72059,35.155922,-91.346107,AR,Woodruff,Gregory
72060,35.121245,-91.647567,AR,White,Griffithville
72061,35.320292,-92.327885,AR,Faulkner,Guy
72063,35.28978,-92.784,AR,Conway,Hattieville
72063,35.28978,-92.784,AR,Conway,Macedonia
72063,35.28978,-92.784,AR,Conway,Old Hickory
72063,35.28978,-92.784,AR,Conway,Robertsville
72064,34.797715,-91.570184,AR,Prairie,Center Point
72064,34.797715,-91.570184,AR,Prairie,Hazen
72064,34.797715,-91.570184,AR,Prairie,Screeton
72065,34.52952,-92.22246,AR,Saline,East End
72065,34.52952,-92.22246,AR,Saline,Hensley
72066,34.976537,-91.747656,AR,Prairie,Hickory Plains
72066,34.976537,-91.747656,AR,Prairie,Hickory Plns
72067,35.57004,-92.17464,AR,Cleburne,Greers Ferry
72067,35.57004,-92.17464,AR,Cleburne,Higden
72068,35.181008,-91.715439,AR,White,Higginson
72068,35.181008,-91.715439,AR,White,Higgson
72069,34.602963,-91.165029,AR,Monroe,Blackton
72069,34.602963,-91.165029,AR,Monroe,Holly Grove
72069,34.602963,-91.165029,AR,Monroe,Lawrenceville
72069,34.602963,-91.165029,AR,Monroe,Palmer
72069,34.602963,-91.165029,AR,Monroe,Pine City
72069,34.602963,-91.165029,AR,Monroe,Raymond
72070,35.045804,-92.690848,AR,Perry,Houston
72070,35.045804,-92.690848,AR,Perry,Oakgrove
72070,35.045804,-92.690848,AR,Perry,Stony Point
72072,34.542157,-91.732209,AR,Lonoke,Humnoke
72073,34.380437,-91.660081,AR,Arkansas,Humphrey
72074,35.050948,-91.126664,AR,Woodruff,Hunter
72075,35.637828,-91.190996,AR,Jackson,Jacksonport
72076,34.874693,-92.122352,AR,Pulaski,Air Base
72076,34.874693,-92.122352,AR,Pulaski,Gravel Ridge
72076,34.874693,-92.122352,AR,Pulaski,Jacksonville
72076,34.874693,-92.122352,AR,Pulaski,JAX
72076,34.874693,-92.122352,AR,Pulaski,Little Rock AFB
72076,34.874693,-92.122352,AR,Pulaski,Lr AFB
72076,34.874693,-92.122352,AR,Pulaski,Lr Airforce Base
72076,34.874693,-92.122352,AR,Pulaski,LrAFB
72076,34.874693,-92.122352,AR,Pulaski,Macon
72078,34.86416,-92.122487,AR,Pulaski,Jacksonville
72079,34.385634,-92.168401,AR,Jefferson,Jefferson
72080,35.395533,-92.806007,AR,Conway,Gobblers Point
72080,35.395533,-92.806007,AR,Conway,Jerusalem
72080,35.395533,-92.806007,AR,Conway,Lost Corner
72081,35.42928,-91.69092,AR,White,Judsonia
72081,35.42928,-91.69092,AR,White,Providence
72081,35.42928,-91.69092,AR,White,Steprock
72082,35.232917,-91.670949,AR,White,Kenseh
72082,35.232917,-91.670949,AR,White,Kensen
72082,35.232917,-91.670949,AR,White,Kensett
72083,34.607506,-92.002984,AR,Lonoke,Keo
72084,34.219063,-92.603497,AR,Grant,Brush Creek
72084,34.219063,-92.603497,AR,Grant,Leola
72084,34.219063,-92.603497,AR,Grant,Lono
72084,34.219063,-92.603497,AR,Grant,Willow
72085,35.362925,-91.82971,AR,White,Letona
72086,34.78812,-91.94886,AR,Lonoke,Bayou Metro
72086,34.78812,-91.94886,AR,Lonoke,Furlow
72086,34.78812,-91.94886,AR,Lonoke,Lonoke
72086,34.78812,-91.94886,AR,Lonoke,Pettus
72086,34.78812,-91.94886,AR,Lonoke,Wattensaw
72087,34.566522,-92.816237,AR,Garland,Lonsdale
72087,34.566522,-92.816237,AR,Garland,Owensville
72088,35.5941,-92.27772,AR,Van Buren,Fairfield Bay
72088,35.5941,-92.27772,AR,Van Buren,Shirley
72089,34.596252,-92.486894,AR,Saline,Bryant
72099,34.891861,-92.158312,AR,Pulaski,Jacksonville
72099,34.891861,-92.158312,AR,Pulaski,Little Rck AFB
72099,34.891861,-92.158312,AR,Pulaski,Little Rock AFB
72099,34.891861,-92.158312,AR,Pulaski,Little Rock Air Force Base
72099,34.891861,-92.158312,AR,Pulaski,Lr AFB
72099,34.891861,-92.158312,AR,Pulaski,LrAFB
72101,35.262221,-91.203001,AR,Woodruff,Fair Oaks
72101,35.262221,-91.203001,AR,Woodruff,Grays
72101,35.262221,-91.203001,AR,Woodruff,Hillemann
72101,35.262221,-91.203001,AR,Woodruff,Howell
72101,35.262221,-91.203001,AR,Woodruff,Mc Crory
72101,35.262221,-91.203001,AR,Woodruff,McCrory
72101,35.262221,-91.203001,AR,Woodruff,Morton
72101,35.262221,-91.203001,AR,Woodruff,Pumpkin Bend
72101,35.262221,-91.203001,AR,Woodruff,Riverside
72101,35.262221,-91.203001,AR,Woodruff,Wiville
72102,35.114602,-91.823524,AR,White,Mc Rae
72102,35.114602,-91.823524,AR,White,McRae
72103,34.590766,-92.37946,AR,Saline,Mabelvale
72103,34.590766,-92.37946,AR,Saline,Royal Oak
72103,34.590766,-92.37946,AR,Saline,Shannon Hills
72104,34.40154,-92.83632,AR,Hot Spring,Brown Springs
72104,34.40154,-92.83632,AR,Hot Spring,Butterfield
72104,34.40154,-92.83632,AR,Hot Spring,Durian
72104,34.40154,-92.83632,AR,Hot Spring,Gifford
72104,34.40154,-92.83632,AR,Hot Spring,Glen Rose
72104,34.40154,-92.83632,AR,Hot Spring,Magnet Cove
72104,34.40154,-92.83632,AR,Hot Spring,Malvern
72104,34.40154,-92.83632,AR,Hot Spring,Perla
72104,34.40154,-92.83632,AR,Hot Spring,Rockport
72104,34.40154,-92.83632,AR,Hot Spring,Rolla
72104,34.40154,-92.83632,AR,Hot Spring,Social Hill
72105,34.4375,-92.8875,AR,Hot Spring,Jones Mill
72105,34.4375,-92.8875,AR,Hot Spring,Malvern
72106,34.969289,-92.431561,AR,Faulkner,Lollie
72106,34.969289,-92.431561,AR,Faulkner,Mayflower
72107,35.146522,-92.55359,AR,Conway,Menifee
72108,34.735002,-91.099721,AR,Monroe,Monroe
72110,35.23866,-92.67108,AR,Conway,Dabney
72110,35.23866,-92.67108,AR,Conway,Hickory Hill
72110,35.23866,-92.67108,AR,Conway,Lanty
72110,35.23866,-92.67108,AR,Conway,Lewisburg
72110,35.23866,-92.67108,AR,Conway,Morrilton
72110,35.23866,-92.67108,AR,Conway,Oppelo
72110,35.23866,-92.67108,AR,Conway,Riverview
72110,35.23866,-92.67108,AR,Conway,Sandtown
72110,35.23866,-92.67108,AR,Conway,Wesley Chapel
72111,35.185421,-92.073842,AR,Faulkner,Garland Springs
72111,35.185421,-92.073842,AR,Faulkner,Hammonsville
72111,35.185421,-92.073842,AR,Faulkner,Mount Vernon
72112,35.55396,-91.1925,AR,Jackson,Algoa
72112,35.55396,-91.1925,AR,Jackson,Auvergne
72112,35.55396,-91.1925,AR,Jackson,Bengall
72112,35.55396,-91.1925,AR,Jackson,Blackville
72112,35.55396,-91.1925,AR,Jackson,Fitzgerald
72112,35.55396,-91.1925,AR,Jackson,Ingleside
72112,35.55396,-91.1925,AR,Jackson,Johnstown
72112,35.55396,-91.1925,AR,Jackson,Murphys Corner
72112,35.55396,-91.1925,AR,Jackson,New Pr
72112,35.55396,-91.1925,AR,Jackson,Newport
72112,35.55396,-91.1925,AR,Jackson,Remmel
72112,35.55396,-91.1925,AR,Jackson,Weldon
72113,34.852398,-92.404691,AR,Pulaski,Maumelle
72113,34.852398,-92.404691,AR,Pulaski,N Little Rock
72113,34.852398,-92.404691,AR,Pulaski,Nlr
72113,34.852398,-92.404691,AR,Pulaski,No Little Rock
72113,34.852398,-92.404691,AR,Pulaski,North Little Rock
72114,34.767166,-92.254875,AR,Pulaski,N L R
72114,34.767166,-92.254875,AR,Pulaski,N Little Rock
72114,34.767166,-92.254875,AR,Pulaski,Nlr
72114,34.767166,-92.254875,AR,Pulaski,No Little Rock
72114,34.767166,-92.254875,AR,Pulaski,North Little Rock
72114,34.767166,-92.254875,AR,Pulaski,Veterans Admin Fac
72114,34.767166,-92.254875,AR,Pulaski,Veterans Admin. Fac.
72114,34.767166,-92.254875,AR,Pulaski,Veterans Administration Faci
72115,34.766295,-92.259072,AR,Pulaski,N Little Rock
72115,34.766295,-92.259072,AR,Pulaski,No Little Rock
72115,34.766295,-92.259072,AR,Pulaski,North Little Rock
72116,34.802035,-92.235768,AR,Pulaski,N L R
72116,34.802035,-92.235768,AR,Pulaski,N Little Rock
72116,34.802035,-92.235768,AR,Pulaski,N LR
72116,34.802035,-92.235768,AR,Pulaski,Nlr
72116,34.802035,-92.235768,AR,Pulaski,No Little Rock
72116,34.802035,-92.235768,AR,Pulaski,North Little Rock
72117,34.78092,-92.15208,AR,Pulaski,Baucum
72117,34.78092,-92.15208,AR,Pulaski,Booker
72117,34.78092,-92.15208,AR,Pulaski,Galloway
72117,34.78092,-92.15208,AR,Pulaski,Marche
72117,34.78092,-92.15208,AR,Pulaski,McAlmont
72117,34.78092,-92.15208,AR,Pulaski,N L R
72117,34.78092,-92.15208,AR,Pulaski,N Little Rock
72117,34.78092,-92.15208,AR,Pulaski,N LR
72117,34.78092,-92.15208,AR,Pulaski,Nlr
72117,34.78092,-92.15208,AR,Pulaski,No Little Rock
72117,34.78092,-92.15208,AR,Pulaski,North Little Rock
72117,34.78092,-92.15208,AR,Pulaski,Rixey
72118,34.802369,-92.31696,AR,Pulaski,Blue Hill
72118,34.802369,-92.31696,AR,Pulaski,Crystal Hill
72118,34.802369,-92.31696,AR,Pulaski,Jeffery
72118,34.802369,-92.31696,AR,Pulaski,Maumelle
72118,34.802369,-92.31696,AR,Pulaski,N L R
72118,34.802369,-92.31696,AR,Pulaski,N Little Rock
72118,34.802369,-92.31696,AR,Pulaski,N LR
72118,34.802369,-92.31696,AR,Pulaski,Nlr
72118,34.802369,-92.31696,AR,Pulaski,No Little Rock
72118,34.802369,-92.31696,AR,Pulaski,North Little Rock
72118,34.802369,-92.31696,AR,Pulaski,West Marche
72119,34.763985,-92.258586,AR,Pulaski,N Little Rock
72119,34.763985,-92.258586,AR,Pulaski,Nlr
72119,34.763985,-92.258586,AR,Pulaski,No Little Rock
72119,34.763985,-92.258586,AR,Pulaski,North Little Rock
72120,34.892804,-92.231859,AR,Pulaski,N Little Rock
72120,34.892804,-92.231859,AR,Pulaski,Nlr
72120,34.892804,-92.231859,AR,Pulaski,No Little Rock
72120,34.892804,-92.231859,AR,Pulaski,North Little Rock
72120,34.892804,-92.231859,AR,Pulaski,Sherwood
72121,35.423264,-91.839892,AR,White,Davenport
72121,35.423264,-91.839892,AR,White,Dewey
72121,35.423264,-91.839892,AR,White,Hickory Flat
72121,35.423264,-91.839892,AR,White,Little Red
72121,35.423264,-91.839892,AR,White,McJester
72121,35.423264,-91.839892,AR,White,Pangburn
72122,34.80463,-92.850568,AR,Saline,Paron
72123,35.255496,-91.235121,AR,Woodruff,Patterson
72124,34.811333,-92.234881,AR,Pulaski,N Little Rock
72124,34.811333,-92.234881,AR,Pulaski,Nlr
72124,34.811333,-92.234881,AR,Pulaski,No Little Rock
72124,34.811333,-92.234881,AR,Pulaski,North Little Rock
72124,34.811333,-92.234881,AR,Pulaski,Sherwood
72125,35.037223,-92.794614,AR,Perry,Perry
72126,34.97292,-92.87172,AR,Perry,Aplin
72126,34.97292,-92.87172,AR,Perry,Cherry Hill
72126,34.97292,-92.87172,AR,Perry,Deberrie
72126,34.97292,-92.87172,AR,Perry,Nimrod
72126,34.97292,-92.87172,AR,Perry,Perryville
72126,34.97292,-92.87172,AR,Perry,Thornburg
72126,34.97292,-92.87172,AR,Perry,Williams Junction
72127,35.160737,-92.634377,AR,Conway,Hill Creek
72127,35.160737,-92.634377,AR,Conway,Plumerville
72128,34.359293,-92.607618,AR,Grant,Poyen
72129,34.294448,-92.504614,AR,Grant,Buie
72129,34.294448,-92.504614,AR,Grant,Prattsville
72130,35.689015,-92.144913,AR,Cleburne,Prim
72130,35.689015,-92.144913,AR,Cleburne,Woodrow
72131,35.378007,-92.210229,AR,Cleburne,Enders
72131,35.378007,-92.210229,AR,Cleburne,Fairbanks
72131,35.378007,-92.210229,AR,Cleburne,Pearson
72131,35.378007,-92.210229,AR,Cleburne,Quitman
72132,34.460182,-92.17719,AR,Jefferson,Kearney
72132,34.460182,-92.17719,AR,Jefferson,Orion
72132,34.460182,-92.17719,AR,Jefferson,Redfield
72133,34.175799,-91.627993,AR,Jefferson,Reydell
72134,34.603333,-91.341667,AR,Monroe,Aberdeen
72134,34.603333,-91.341667,AR,Monroe,Lookout Store
72134,34.603333,-91.341667,AR,Monroe,Preston Ferry
72134,34.603333,-91.341667,AR,Monroe,Roe
72135,34.869776,-92.522556,AR,Pulaski,Natural Steps
72135,34.869776,-92.522556,AR,Pulaski,Northpoint
72135,34.869776,-92.522556,AR,Pulaski,Pinnacle
72135,34.869776,-92.522556,AR,Pulaski,Roland
72136,35.216583,-92.069911,AR,White,Gravel Hill
72136,35.216583,-92.069911,AR,White,Romance
72137,35.312759,-91.980405,AR,White,Rose Bud
72137,35.312759,-91.980405,AR,White,Sidon
72139,35.361358,-91.509058,AR,White,Russell
72140,34.33774,-91.181444,AR,Arkansas,Saint Charles
72141,35.522817,-92.668783,AR,Van Buren,Scotland
72142,34.776533,-92.06399,AR,Pulaski,Hamiter
72142,34.776533,-92.06399,AR,Pulaski,Kerr
72142,34.776533,-92.06399,AR,Pulaski,Scott
72142,34.776533,-92.06399,AR,Pulaski,Toltec
72143,35.25228,-91.84926,AR,White,Georgetown
72143,35.25228,-91.84926,AR,White,Searcy
72145,35.252087,-91.742855,AR,White,Searcy
72149,35.247481,-91.726679,AR,White,Searcy
72150,34.305789,-92.40026,AR,Grant,Cane Creek
72150,34.305789,-92.40026,AR,Grant,Center Grove
72150,34.305789,-92.40026,AR,Grant,Prague
72150,34.305789,-92.40026,AR,Grant,Sheridan
72150,34.305789,-92.40026,AR,Grant,South Sheridan
72152,34.35636,-91.98708,AR,Jefferson,Haywood
72152,34.35636,-91.98708,AR,Jefferson,Pastoria
72152,34.35636,-91.98708,AR,Jefferson,Sherrill
72153,35.5794,-92.29158,AR,Van Buren,Eglantine
72153,35.5794,-92.29158,AR,Van Buren,Lexington
72153,35.5794,-92.29158,AR,Van Buren,Rushing
72153,35.5794,-92.29158,AR,Van Buren,Shirley
72156,35.275653,-92.675788,AR,Conway,Arthur
72156,35.275653,-92.675788,AR,Conway,Cypress Valley
72156,35.275653,-92.675788,AR,Conway,Solgohachia
72157,35.28012,-92.53692,AR,Conway,Bird Town
72157,35.28012,-92.53692,AR,Conway,Mallet Town
72157,35.28012,-92.53692,AR,Conway,Springfield
72158,34.569207,-92.578913,AR,Saline,Benton
72160,34.22361,-91.52111,AR,Arkansas,Bayou Meto
72160,34.22361,-91.52111,AR,Arkansas,Brummitt
72160,34.22361,-91.52111,AR,Arkansas,Farelly Lake
72160,34.22361,-91.52111,AR,Arkansas,Lodge Corner
72160,34.22361,-91.52111,AR,Arkansas,One Horse Store
72160,34.22361,-91.52111,AR,Arkansas,Slovac
72160,34.22361,-91.52111,AR,Arkansas,Stuttgart
72164,34.675748,-92.237351,AR,Pulaski,Sweet Home
72165,35.554588,-91.474166,AR,Independence,Thida
72166,34.057122,-91.234851,AR,Arkansas,Nady
72166,34.057122,-91.234851,AR,Arkansas,Tichnor
72167,34.450558,-92.654895,AR,Saline,Fenter
72167,34.450558,-92.654895,AR,Saline,Traskwood
72168,34.438521,-91.893833,AR,Jefferson,Tucker
72169,35.391187,-91.22719,AR,Jackson,Tupelo
72170,34.576457,-91.531458,AR,Prairie,Ulm
72173,35.06694,-92.17476,AR,Faulkner,Holland
72173,35.06694,-92.17476,AR,Faulkner,Naylor
72173,35.06694,-92.17476,AR,Faulkner,Otto
72173,35.06694,-92.17476,AR,Faulkner,Vilonia
72175,34.360225,-91.79301,AR,Jefferson,Wabbaseka
72176,35.018174,-91.94649,AR,Lonoke,Butlerville
72176,35.018174,-91.94649,AR,Lonoke,Sylvania
72176,35.018174,-91.94649,AR,Lonoke,Ward
72178,35.206381,-91.608079,AR,White,West Point
72179,35.44751,-91.900253,AR,Cleburne,Hiram
72179,35.44751,-91.900253,AR,Cleburne,Wilburn
72180,34.530195,-92.211883,AR,Pulaski,Woodson
72181,35.193472,-92.465202,AR,Faulkner,Wooster
72182,34.44549,-92.03839,AR,Jefferson,Plum Bayou
72182,34.44549,-92.03839,AR,Jefferson,Wright
72183,34.598156,-92.216135,AR,Pulaski,Tafton
72183,34.598156,-92.216135,AR,Pulaski,Tafton-Wrightville
72183,34.598156,-92.216135,AR,Pulaski,Wrightsville
72189,35.256273,-91.195381,AR,Woodruff,American Greeting Card
72189,35.256273,-91.195381,AR,Woodruff,Mc Crory
72190,34.798097,-92.256024,AR,Pulaski,N Little Rock
72190,34.798097,-92.256024,AR,Pulaski,Nlr
72190,34.798097,-92.256024,AR,Pulaski,No Little Rock
72190,34.798097,-92.256024,AR,Pulaski,North Little Rock
72198,34.7715,-92.266897,AR,Pulaski,N Little Rock
72198,34.7715,-92.266897,AR,Pulaski,North Little Rock
72198,34.7715,-92.266897,AR,Pulaski,Scholastic Parcels
72199,34.785804,-92.255214,AR,Pulaski,Camp Robinson
72199,34.785804,-92.255214,AR,Pulaski,N Little Rock
72199,34.785804,-92.255214,AR,Pulaski,Nlr
72199,34.785804,-92.255214,AR,Pulaski,No Little Rock
72199,34.785804,-92.255214,AR,Pulaski,North Little Rock
72201,34.748078,-92.276457,AR,Pulaski,Little Rock
72202,34.7389,-92.274633,AR,Pulaski,Little Rock
72203,34.633321,-92.226709,AR,Pulaski,Little Rock
72204,34.723843,-92.347871,AR,Pulaski,Little Rock
72205,34.751922,-92.345672,AR,Pulaski,Little Rock
72206,34.681307,-92.27776,AR,Pulaski,Little Rock
72207,34.773082,-92.358471,AR,Pulaski,Cammack Village
72207,34.773082,-92.358471,AR,Pulaski,Cammack Vlg
72207,34.773082,-92.358471,AR,Pulaski,Little Rock
72209,34.672097,-92.362416,AR,Pulaski,Little Rock
72210,34.712586,-92.457803,AR,Pulaski,Little Rock
72211,34.760749,-92.445427,AR,Pulaski,Little Rock
72212,34.790223,-92.422264,AR,Pulaski,Little Rock
72214,34.775891,-92.277155,AR,Pulaski,Little Rock
72215,34.753071,-92.347004,AR,Pulaski,Little Rock
72216,34.82589,-92.216914,AR,Pulaski,Little Rock
72217,34.775922,-92.357628,AR,Pulaski,Little Rock
72219,34.680928,-92.3472,AR,Pulaski,Little Rock
72221,34.793038,-92.535999,AR,Pulaski,Little Rock
72222,34.72453,-92.353702,AR,Pulaski,Little Rock
72223,34.746004,-92.29084,AR,Pulaski,Little Rock
72225,34.752796,-92.349189,AR,Pulaski,Little Rock
72227,34.774106,-92.374415,AR,Pulaski,Little Rock
72231,34.746261,-92.276659,AR,Pulaski,Little Rock
72231,34.746261,-92.276659,AR,Pulaski,N Little Rock
72231,34.746261,-92.276659,AR,Pulaski,Nlr
72231,34.746261,-92.276659,AR,Pulaski,North Little Rock
72260,34.747293,-92.286658,AR,Pulaski,Little Rock
72295,34.745708,-92.27978,AR,Pulaski,Little Rock
72301,35.146563,-90.177352,AR,Crittenden,West Memphis
72303,35.14701,-90.185924,AR,Crittenden,West Memphis
72310,35.91768,-89.79886,AR,Mississippi,Armorel
72311,34.687108,-90.939626,AR,Lee,Aubrey
72312,34.493787,-90.713159,AR,Phillips,Barton
72313,35.515803,-90.196734,AR,Mississippi,Bassett
72315,35.94318,-89.89932,AR,Mississippi,Blytheville
72315,35.94318,-89.89932,AR,Mississippi,Gosnell
72316,35.92993,-89.916897,AR,Mississippi,Blytheville
72319,35.961585,-89.974738,AR,Mississippi,Blytheville
72319,35.961585,-89.974738,AR,Mississippi,Gosnell
72320,34.844026,-90.528188,AR,Lee,Brickeys
72321,35.816597,-89.939769,AR,Mississippi,Burdette
72321,35.816597,-89.939769,AR,Mississippi,Tukertown
72322,35.105433,-90.771374,AR,Saint Francis,Caldwell
72324,35.394814,-90.79663,AR,Cross,Birdeye
72324,35.394814,-90.79663,AR,Cross,Cherry Valley
72325,35.219721,-90.324168,AR,Crittenden,Clarkedale
72326,35.102623,-90.76959,AR,Saint Francis,Colt
72327,35.20758,-90.34398,AR,Crittenden,Crawfordsville
72327,35.20758,-90.34398,AR,Crittenden,Crawfordsvlle
72327,35.20758,-90.34398,AR,Crittenden,Jericho
72328,34.193874,-90.9472,AR,Phillips,Crumrod
72329,35.55072,-89.949775,AR,Mississippi,Driver
72330,35.594515,-90.218765,AR,Mississippi,Dyess
72331,35.269497,-90.46142,AR,Crittenden,Earle
72331,35.269497,-90.46142,AR,Crittenden,Twist
72332,35.099676,-90.305839,AR,Crittenden,Edmondson
72333,34.304716,-90.852738,AR,Phillips,Elaine
72335,35.012397,-90.782355,AR,Saint Francis,Forrest City
72336,35.013162,-90.785455,AR,Saint Francis,Forrest City
72338,35.467529,-90.059363,AR,Mississippi,Frenchman Byu
72338,35.467529,-90.059363,AR,Mississippi,Frenchmans Bayou
72339,35.395515,-90.24902,AR,Crittenden,Gilmore
72340,34.970296,-90.992775,AR,Saint Francis,Goodwin
72341,34.871575,-90.729171,AR,Lee,Haynes
72342,34.533018,-90.601243,AR,Phillips,Helena
72346,35.06712,-90.45228,AR,Saint Francis,Blackfish
72346,35.06712,-90.45228,AR,Saint Francis,Heth
72347,35.404017,-90.994778,AR,Cross,Hickory Ridge
72348,34.920523,-90.311029,AR,Saint Francis,Horseshoe Lake
72348,34.920523,-90.311029,AR,Saint Francis,Horseshoe Lk
72348,34.920523,-90.311029,AR,Saint Francis,Hughes
72350,35.513409,-90.145986,AR,Mississippi,Joiner
72351,35.694638,-90.102767,AR,Mississippi,Keiser
72352,34.780461,-90.746676,AR,Lee,La Grange
72353,34.398323,-90.866902,AR,Phillips,Lambrook
72354,35.607107,-90.33552,AR,Poinsett,Lepanto
72355,34.67764,-90.767453,AR,Phillips,Lexa
72358,35.756918,-89.932328,AR,Mississippi,Luxora
72358,35.756918,-89.932328,AR,Mississippi,Tomato
72359,35.013056,-90.7225,AR,Saint Francis,Madison
72360,34.772374,-90.762665,AR,Lee,Marianna
72364,35.213006,-90.202685,AR,Crittenden,Marion
72365,35.530804,-90.414142,AR,Poinsett,Marked Tree
72366,34.54282,-90.986332,AR,Phillips,Marvell
72367,34.19965,-91.039272,AR,Phillips,Mellwood
72368,34.763741,-90.766708,AR,Lee,Moro
72369,34.399355,-90.865962,AR,Phillips,Oneida
72370,35.703523,-89.974581,AR,Mississippi,Osceola
72372,34.95207,-90.904029,AR,Saint Francis,Palestine
72373,35.271241,-90.558288,AR,Cross,Parkin
72374,34.538156,-90.879149,AR,Phillips,Poplar Grove
72376,35.097258,-90.282934,AR,Crittenden,Proctor
72377,35.558436,-90.432112,AR,Poinsett,Rivervale
72379,34.043221,-91.043702,AR,Desha,Snow Lake
72383,34.54409,-90.983569,AR,Phillips,Turner
72384,35.339209,-90.255939,AR,Crittenden,Turrell
72386,35.485574,-90.371039,AR,Poinsett,Tyronza
72387,35.255454,-90.807725,AR,Cross,Vanndale
72389,34.396758,-90.863995,AR,Phillips,Wabash
72390,34.546617,-90.645529,AR,Phillips,West Helena
72391,35.595321,-90.214914,AR,Mississippi,West Ridge
72392,34.953612,-91.099638,AR,Saint Francis,Wheatley
72394,35.022701,-90.686118,AR,Saint Francis,Round Pond
72394,35.022701,-90.686118,AR,Saint Francis,Widener
72395,35.572882,-90.043975,AR,Mississippi,Reverie TN
72395,35.572882,-90.043975,AR,Mississippi,Wilson
72396,35.225405,-90.788153,AR,Cross,Wynne
72401,35.824808,-90.697175,AR,Craighead,Jonesboro
72402,35.806103,-90.774552,AR,Craighead,Jonesboro
72403,35.869765,-90.640487,AR,Craighead,Jonesboro
72404,35.800265,-90.714862,AR,Craighead,Jonesboro
72410,36.127822,-90.924239,AR,Lawrence,Alicia
72411,35.741926,-90.560407,AR,Craighead,Bay
72412,36.207876,-90.621506,AR,Greene,Beech Grove
72413,36.241727,-90.960054,AR,Randolph,Biggers
72414,35.83637,-90.366266,AR,Craighead,Black Oak
72415,36.122987,-91.133935,AR,Lawrence,Black Rock
72416,35.902843,-90.78556,AR,Craighead,Bono
72417,35.901357,-90.58088,AR,Craighead,Brookland
72419,35.757685,-90.320635,AR,Craighead,Caraway
72421,35.840201,-90.956267,AR,Craighead,Cash
72422,36.411931,-90.587967,AR,Clay,Corning
72424,36.381098,-90.72394,AR,Clay,Datto
72425,36.192222,-90.730252,AR,Greene,Delaplaine
72426,35.855661,-90.045048,AR,Mississippi,Dell
72427,35.863806,-90.951982,AR,Craighead,Egypt
72428,35.715896,-90.198184,AR,Mississippi,Etowah
72429,35.509779,-90.929907,AR,Poinsett,Fisher
72430,36.339055,-90.22285,AR,Clay,Greenway
72431,35.655714,-91.076929,AR,Jackson,Grubbs
72432,35.561729,-90.72215,AR,Poinsett,Harrisburg
72433,36.047283,-90.973982,AR,Lawrence,Hoxie
72434,36.180475,-91.194025,AR,Lawrence,Imboden
72435,36.315336,-90.586579,AR,Clay,Knobel
72435,36.315336,-90.586579,AR,Clay,Peach Orchard
72436,36.21,-90.51222,AR,Greene,Lafe
72436,36.21,-90.51222,AR,Greene,Marmaduke
72437,35.816616,-90.441207,AR,Craighead,Lake City
72438,35.932079,-90.252668,AR,Mississippi,Leachville
72439,36.069972,-90.746267,AR,Greene,Light
72439,36.069972,-90.746267,AR,Greene,Walnut Ridge
72440,35.997577,-91.247233,AR,Lawrence,Lynn
72441,36.385775,-90.394279,AR,Clay,Mc Dougal
72442,35.883098,-90.168223,AR,Mississippi,Manila
72443,36.190078,-90.38319,AR,Greene,Marmaduke
72444,36.424145,-90.898712,AR,Randolph,Maynard
72445,35.969792,-91.028835,AR,Lawrence,Minturn
72447,35.883241,-90.35184,AR,Craighead,Monette
72449,36.180656,-90.834326,AR,Randolph,O Kean
72450,36.057247,-90.502389,AR,Greene,Paragould
72451,36.058786,-90.499707,AR,Greene,Paragould
72453,36.278302,-90.662335,AR,Clay,Peach Orchard
72454,36.3834,-90.195043,AR,Clay,Piggott
72455,36.3105,-91.03878,AR,Randolph,Pocahontas
72456,36.443108,-90.270438,AR,Clay,Pollard
72457,36.077829,-91.064155,AR,Lawrence,Portia
72458,36.052816,-91.149604,AR,Lawrence,Powhatan
72459,36.18688,-91.285302,AR,Lawrence,Ravenden
72460,36.360741,-91.24368,AR,Randolph,Ravenden Spgs
72460,36.360741,-91.24368,AR,Randolph,Ravenden Springs
72461,36.265856,-90.293377,AR,Clay,Rector
72462,36.358163,-90.758478,AR,Randolph,Reyno
72464,36.452763,-90.141674,AR,Clay,Saint Francis
72465,35.986948,-90.879291,AR,Lawrence,Sedgwick
72466,36.097394,-91.274131,AR,Lawrence,Smithville
72467,35.849336,-90.679349,AR,Craighead,St University
72467,35.849336,-90.679349,AR,Craighead,State Univ
72467,35.849336,-90.679349,AR,Craighead,State University
72469,35.97282,-91.3839,AR,Lawrence,Calamine
72469,35.97282,-91.3839,AR,Lawrence,Strawberry
72470,36.453426,-90.724904,AR,Clay,Success
72471,35.836973,-91.118711,AR,Jackson,Swifton
72472,35.66694,-90.53916,AR,Poinsett,Trumann
72473,35.73442,-91.198661,AR,Jackson,Tuckerman
72474,36.044624,-90.672594,AR,Greene,Walcott
72475,35.565622,-90.936173,AR,Poinsett,Waldenburg
72476,36.09072,-90.95958,AR,Lawrence,Light
72476,36.09072,-90.95958,AR,Lawrence,Walnut Ridge
72476,36.09072,-90.95958,AR,Lawrence,Williams Baptist College
72476,36.09072,-90.95958,AR,Lawrence,Wms College
72478,36.465273,-91.042048,AR,Randolph,Warm Springs
72479,35.643977,-90.929712,AR,Poinsett,Weiner
72482,36.316801,-91.391813,AR,Sharp,Williford
72501,35.773469,-91.6381,AR,Independence,Batesville
72503,35.727389,-91.673733,AR,Independence,Batesville
72512,36.228348,-91.752774,AR,Izard,Franklin
72512,36.228348,-91.752774,AR,Izard,Horseshoe Bend
72512,36.228348,-91.752774,AR,Izard,Horseshoe Bnd
72513,36.222517,-91.61178,AR,Sharp,Ash Flat
72515,36.30245,-91.978351,AR,Fulton,Bexar
72517,36.132138,-91.962572,AR,Izard,Brockwell
72519,36.152503,-92.016533,AR,Izard,Calico Rock
72519,36.152503,-92.016533,AR,Izard,Jordan
72520,36.391882,-91.727113,AR,Fulton,Camp
72521,35.894197,-91.503465,AR,Sharp,Cave City
72522,35.8041,-91.47648,AR,Independence,Charlotte
72523,35.623195,-91.782919,AR,Cleburne,Concord
72524,35.83077,-91.348165,AR,Independence,Cord
72525,36.315833,-91.4825,AR,Sharp,Cherokee Village
72525,36.315833,-91.4825,AR,Sharp,Cherokee Vlg
72525,36.315833,-91.4825,AR,Sharp,Hardy
72526,35.877635,-91.76058,AR,Independence,Cushman
72527,35.732739,-91.681637,AR,Independence,Desha
72528,36.228212,-92.107943,AR,Izard,Dolph
72529,36.29543,-91.540492,AR,Sharp,Cherokee Village
72529,36.29543,-91.540492,AR,Sharp,Cherokee Vlg
72529,36.29543,-91.540492,AR,Sharp,Hardy
72530,35.512977,-92.031354,AR,Cleburne,Drasco
72530,35.512977,-92.031354,AR,Cleburne,Wolf Bayou
72531,36.314549,-92.09861,AR,Fulton,Elizabeth
72532,36.092593,-91.579676,AR,Sharp,Evening Shade
72533,36.01218,-92.2155,AR,Stone,Fifty Six
72533,36.01218,-92.2155,AR,Stone,Mountain View
72534,35.605698,-91.730413,AR,Independence,Floral
72536,36.123302,-91.808456,AR,Izard,Franklin
72537,36.368676,-92.459573,AR,Baxter,Gamaliel
72538,36.441864,-92.095472,AR,Fulton,Gepp
72539,36.294145,-91.77599,AR,Fulton,Glencoe
72540,35.957204,-91.938344,AR,Izard,Guion
72542,36.256526,-91.53818,AR,Sharp,Hardy
72542,36.256526,-91.53818,AR,Sharp,Highland
72543,35.493501,-92.031852,AR,Cleburne,Eden Isle
72543,35.493501,-92.031852,AR,Cleburne,Heber Springs
72544,36.349196,-92.231716,AR,Baxter,Henderson
72545,35.487914,-92.055731,AR,Cleburne,Heber Springs
72545,35.487914,-92.055731,AR,Cleburne,Mays Mission
72546,35.596815,-91.946535,AR,Cleburne,Ida
72550,35.722685,-91.763142,AR,Independence,Locust Grove
72553,35.706177,-91.482775,AR,Independence,Magness
72554,36.497654,-91.54194,AR,Fulton,Mammoth Spg
72554,36.497654,-91.54194,AR,Fulton,Mammoth Spring
72555,35.751456,-91.944708,AR,Stone,Marcella
72556,36.06217,-91.89924,AR,Izard,Boswell
72556,36.06217,-91.89924,AR,Izard,Melbourne
72556,36.06217,-91.89924,AR,Izard,Zion
72560,35.867456,-92.123865,AR,Stone,Hanover
72560,35.867456,-92.123865,AR,Stone,Mountain View
72561,35.964212,-91.806374,AR,Izard,Mount Pleasant
72561,35.964212,-91.806374,AR,Izard,Mt Pleasant
72562,35.727707,-91.435632,AR,Independence,Newark
72564,35.612233,-91.438675,AR,Independence,Oil Trough
72565,36.21472,-91.918823,AR,Izard,Oxford
72566,36.174282,-92.092744,AR,Izard,Pineville
72567,35.842601,-91.925046,AR,Stone,Pleasant Grove
72567,35.842601,-91.925046,AR,Stone,Pleasant Grv
72568,35.564579,-91.626652,AR,Independence,Pleasant Plains
72568,35.564579,-91.626652,AR,Independence,Pleasant Plns
72569,36.083169,-91.437209,AR,Sharp,Poughkeepsie
72571,35.645202,-91.533615,AR,Independence,Rosie
72572,35.917914,-91.298942,AR,Lawrence,Saffell
72573,36.040356,-91.821692,AR,Izard,Sage
72575,35.691013,-91.590512,AR,Independence,Salado
72576,36.367489,-91.825824,AR,Fulton,Moko
72576,36.367489,-91.825824,AR,Fulton,Salem
72577,35.984477,-91.639615,AR,Sharp,Sidney
72578,36.465622,-91.990164,AR,Fulton,Sturkie
72579,35.799327,-91.472922,AR,Independence,Sulphur Rock
72581,35.549597,-91.952473,AR,Cleburne,Tumbling Shls
72581,35.549597,-91.952473,AR,Cleburne,Tumbling Shoals
72583,36.386789,-91.991298,AR,Fulton,Viola
72584,36.157784,-91.85142,AR,Izard,La Crosse
72584,36.157784,-91.85142,AR,Izard,Violet Hill
72585,36.215052,-92.007034,AR,Izard,Forty Four
72585,36.215052,-92.007034,AR,Izard,Wideman
72587,36.226251,-91.854109,AR,Izard,Wiseman
72601,36.238821,-93.114328,AR,Boone,Harrison
72601,36.238821,-93.114328,AR,Boone,Zinc
72602,36.22696,-93.115091,AR,Boone,Harrison
72611,36.300437,-93.274506,AR,Boone,Alpena
72611,36.300437,-93.274506,AR,Boone,Carrollton
72613,36.38642,-93.617629,AR,Carroll,Beaver
72615,36.264197,-93.103432,AR,Boone,Bergman
72616,36.36702,-93.58014,AR,Carroll,Berryville
72616,36.36702,-93.58014,AR,Carroll,Grandview
72616,36.36702,-93.58014,AR,Carroll,Metalton
72616,36.36702,-93.58014,AR,Carroll,Rudd
72616,36.36702,-93.58014,AR,Carroll,Urbanette
72617,36.031701,-92.357454,AR,Baxter,Big Flat
72617,36.031701,-92.357454,AR,Baxter,Harriet
72619,36.382828,-92.579818,AR,Marion,Bull Shoals
72623,36.449082,-92.349269,AR,Baxter,Clarkridge
72624,36.084866,-93.306736,AR,Newton,Compton
72626,36.319081,-92.534547,AR,Baxter,Cotter
72628,35.842526,-93.350809,AR,Newton,Deer
72628,35.842526,-93.350809,AR,Newton,Limestone
72628,35.842526,-93.350809,AR,Newton,Nail
72628,35.842526,-93.350809,AR,Newton,Wayton
72629,35.721345,-92.586703,AR,Van Buren,Dennard
72630,36.464444,-92.92,AR,Boone,Diamond City
72630,36.464444,-92.92,AR,Boone,Lead Hill
72631,36.400948,-93.736695,AR,Carroll,Busch
72631,36.400948,-93.736695,AR,Carroll,Eureka Spgs
72631,36.400948,-93.736695,AR,Carroll,Eureka Springs
72631,36.400948,-93.736695,AR,Carroll,Holiday Island
72631,36.400948,-93.736695,AR,Carroll,Holiday Isle
72632,36.444978,-93.740676,AR,Carroll,Elk Ranch
72632,36.444978,-93.740676,AR,Carroll,Eureka
72632,36.444978,-93.740676,AR,Carroll,Eureka Spgs
72632,36.444978,-93.740676,AR,Carroll,Eureka Springs
72633,36.154251,-92.914436,AR,Boone,Everton
72634,36.279343,-92.593895,AR,Marion,Flippin
72634,36.279343,-92.593895,AR,Marion,Rea Valley
72635,36.30264,-92.48448,AR,Baxter,East Cotter
72635,36.30264,-92.48448,AR,Baxter,Gassville
72635,36.30264,-92.48448,AR,Baxter,Monkey Run
72635,36.30264,-92.48448,AR,Baxter,Whiteville
72636,35.966279,-92.813057,AR,Searcy,Gilbert
72638,36.3312,-93.4236,AR,Carroll,Green Forest
72638,36.3312,-93.4236,AR,Carroll,Rule
72639,36.045,-92.501389,AR,Searcy,Cozahome
72639,36.045,-92.501389,AR,Searcy,Harriet
72640,36.017949,-93.041336,AR,Newton,Hasty
72641,36.002568,-93.217954,AR,Newton,Jasper
72641,36.002568,-93.217954,AR,Newton,Low Gap
72641,36.002568,-93.217954,AR,Newton,Mossville
72641,36.002568,-93.217954,AR,Newton,Mount Sherman
72641,36.002568,-93.217954,AR,Newton,Piercetown
72642,36.38443,-92.521129,AR,Baxter,Lakeview
72644,36.469449,-92.916329,AR,Boone,Diamond City
72644,36.469449,-92.916329,AR,Boone,Lead Hill
72645,35.82678,-92.57502,AR,Searcy,Chimes
72645,35.82678,-92.57502,AR,Searcy,Flag
72645,35.82678,-92.57502,AR,Searcy,Leslie
72645,35.82678,-92.57502,AR,Searcy,Oxley
72645,35.82678,-92.57502,AR,Searcy,Rumley
72648,36.084759,-93.14693,AR,Newton,Dogpatch
72648,36.084759,-93.14693,AR,Newton,Erbie
72648,36.084759,-93.14693,AR,Newton,Marble Falls
72648,36.084759,-93.14693,AR,Newton,Pruitt
72650,35.940312,-92.656563,AR,Searcy,Canaan
72650,35.940312,-92.656563,AR,Searcy,Dongola
72650,35.940312,-92.656563,AR,Searcy,Landis
72650,35.940312,-92.656563,AR,Searcy,Marshall
72651,36.28759,-92.438972,AR,Baxter,Midway
72653,36.35262,-92.3667,AR,Baxter,Mountain Home
72653,36.35262,-92.3667,AR,Baxter,Mtn Home
72653,36.35262,-92.3667,AR,Baxter,Salesville
72654,36.336533,-92.384535,AR,Baxter,Mountain Home
72654,36.336533,-92.384535,AR,Baxter,Mtn Home
72655,35.92,-93.06,AR,Newton,Bass
72655,35.92,-93.06,AR,Newton,Mount Judea
72657,35.8948,-92.246904,AR,Stone,Timbo
72658,36.2085,-92.26668,AR,Baxter,Norfork
72658,36.2085,-92.26668,AR,Baxter,Old Joe
72659,36.207031,-92.282934,AR,Baxter,Norfork
72660,36.459428,-93.431893,AR,Carroll,Oak Grove
72661,36.449464,-92.574135,AR,Marion,Oakland
72662,36.456548,-93.172793,AR,Boone,Omaha
72663,35.943278,-92.334065,AR,Stone,Onia
72663,35.943278,-92.334065,AR,Stone,Pleasant Hills
72666,35.93805,-93.282571,AR,Newton,Parthenon
72668,36.41783,-92.766644,AR,Marion,Peel
72669,36.072776,-92.886999,AR,Searcy,Pindall
72670,36.053135,-93.409673,AR,Newton,Ponca
72672,36.217134,-92.737719,AR,Marion,Pyatt
72675,35.965276,-92.812156,AR,Searcy,Saint Joe
72675,35.965276,-92.812156,AR,Searcy,St Joe
72677,36.217652,-92.740882,AR,Marion,Summit
72679,35.699195,-92.863769,AR,Pope,Tilly
72680,35.842844,-92.354172,AR,Stone,Alco
72680,35.842844,-92.354172,AR,Stone,Timbo
72682,36.143149,-92.983087,AR,Boone,Bruno
72682,36.143149,-92.983087,AR,Boone,Valley Spgs
72682,36.143149,-92.983087,AR,Boone,Valley Springs
72683,35.941766,-93.109327,AR,Newton,Vendor
72685,36.042357,-92.985835,AR,Newton,Mount Hersey
72685,36.042357,-92.985835,AR,Newton,Western Grove
72685,36.042357,-92.985835,AR,Newton,Yardelle
72686,35.789648,-92.835353,AR,Searcy,Witts Springs
72687,36.223245,-92.682994,AR,Marion,Yellville
72701,36.05094,-94.1364,AR,Washington,Fayetteville
72702,36.063066,-94.162463,AR,Washington,Fayetteville
72703,36.099773,-94.153894,AR,Washington,Fayetteville
72704,36.080874,-94.201559,AR,Washington,Fayetteville
72704,36.080874,-94.201559,AR,Washington,Wheeler
72711,36.3554,-94.044946,AR,Benton,Avoca
72712,36.375647,-94.209338,AR,Benton,Bentonville
72714,36.45714,-94.23732,AR,Benton,Bella Vista
72715,36.467949,-94.297268,AR,Benton,Bella Vista
72715,36.467949,-94.297268,AR,Benton,The Highlands
72716,36.32258,-94.18085,AR,Benton,Bentonville
72716,36.32258,-94.18085,AR,Benton,Wal-Mart Inc
72717,35.909848,-94.37716,AR,Washington,Canehill
72718,36.275844,-94.203808,AR,Benton,Cave Springs
72719,36.374201,-94.317969,AR,Benton,Centerton
72721,35.846802,-93.819393,AR,Madison,Combs
72722,36.342647,-94.43934,AR,Benton,Decatur
72727,36.052406,-93.995694,AR,Washington,Elkins
72728,36.205388,-94.231692,AR,Washington,Elm Springs
72729,35.803586,-94.473781,AR,Washington,Evansville
72730,36.043692,-94.238565,AR,Washington,Farmington
72730,36.043692,-94.238565,AR,Washington,Fayetteville
72732,36.391692,-93.912175,AR,Benton,Garfield
72733,36.47989,-93.919021,AR,Benton,Gateway
72734,36.268323,-94.486877,AR,Benton,Gentry
72734,36.268323,-94.486877,AR,Benton,Springtown
72735,36.100183,-93.989097,AR,Washington,Goshen
72736,36.42222,-94.447295,AR,Benton,Gravette
72737,35.994467,-94.174409,AR,Washington,Greenland
72738,36.141271,-93.868502,AR,Madison,Hindsville
72739,36.478701,-94.328444,AR,Benton,Hiwasse
72740,36.085667,-93.734435,AR,Madison,Huntsville
72741,36.129144,-94.164122,AR,Washington,Johnson
72742,36.037868,-93.500749,AR,Madison,Kingston
72744,35.950316,-94.413006,AR,Washington,Lincoln
72745,36.258693,-94.130198,AR,Benton,Lowell
72747,36.398981,-94.573958,AR,Benton,Maysville
72749,35.852571,-94.430226,AR,Washington,Morrow
72751,36.447789,-94.115116,AR,Benton,Pea Ridge
72752,35.839705,-93.597634,AR,Madison,Pettigrew
72753,35.97675,-94.319194,AR,Washington,Prairie Grove
72756,36.322705,-94.02785,AR,Benton,Rogers
72757,36.333653,-94.12731,AR,Benton,Rogers
72758,36.329665,-94.127155,AR,Benton,Rogers
72760,35.855662,-93.723204,AR,Madison,Saint Paul
72761,36.183359,-94.539153,AR,Benton,Siloam Spgs
72761,36.183359,-94.539153,AR,Benton,Siloam Springs
72762,36.180785,-94.167717,AR,Washington,Springdale
72764,36.179938,-94.145696,AR,Washington,Bethel Heights
72764,36.179938,-94.145696,AR,Washington,Bethel Hts
72764,36.179938,-94.145696,AR,Washington,Fayetteville
72764,36.179938,-94.145696,AR,Washington,Springdale
72765,36.195888,-94.102795,AR,Washington,Springdale
72766,36.185364,-94.130656,AR,Washington,Springdale
72768,36.478438,-94.462102,AR,Benton,Sulphur Spgs
72768,36.478438,-94.462102,AR,Benton,Sulphur Springs
72769,36.021731,-94.497053,AR,Washington,Summers
72770,36.187972,-94.227786,AR,Washington,Tontitown
72773,35.925152,-93.907474,AR,Madison,Wesley
72774,35.928209,-94.183808,AR,Washington,West Fork
72776,35.93919,-93.603214,AR,Madison,Witter
72801,35.282948,-93.138428,AR,Pope,Russellville
72802,35.31758,-93.091084,AR,Pope,Russellville
72811,35.278223,-93.134189,AR,Pope,Russellville
72812,35.223193,-93.120324,AR,Pope,Russellville
72820,35.505512,-93.844411,AR,Franklin,Alix
72821,35.439891,-93.763349,AR,Franklin,Altus
72821,35.439891,-93.763349,AR,Franklin,Wiederkehr Vg
72821,35.439891,-93.763349,AR,Franklin,Wiederkehr Village
72823,35.244334,-92.936881,AR,Pope,Appleton
72823,35.244334,-92.936881,AR,Pope,Atkins
72823,35.244334,-92.936881,AR,Pope,Blackwell
72824,35.10648,-93.45198,AR,Yell,Belleville
72824,35.10648,-93.45198,AR,Yell,Corinth
72826,35.145286,-93.721189,AR,Logan,Blue Mountain
72827,34.895706,-93.595583,AR,Yell,Bluffton
72828,34.946389,-93.405278,AR,Yell,Briggsville
72828,34.946389,-93.405278,AR,Yell,Rover
72829,35.168243,-93.223463,AR,Yell,Centerville
72830,35.465085,-93.471562,AR,Johnson,Clarksville
72832,35.43513,-93.671096,AR,Johnson,Coal Hill
72833,35.06796,-93.373459,AR,Yell,Danville
72834,35.221232,-93.160284,AR,Yell,Dardanelle
72835,35.239495,-93.444305,AR,Logan,Delaware
72837,35.371485,-93.116823,AR,Pope,Dover
72838,34.890905,-93.674751,AR,Yell,Gravelly
72839,35.526713,-93.339763,AR,Johnson,Hagarville
72840,35.440758,-93.662707,AR,Johnson,Hartman
72840,35.440758,-93.662707,AR,Johnson,Hunt
72841,34.862851,-93.763621,AR,Scott,Harvey
72842,35.096421,-93.612292,AR,Yell,Havana
72842,35.096421,-93.612292,AR,Yell,Waveland
72843,35.509314,-92.975107,AR,Pope,Hector
72845,35.369083,-93.364086,AR,Johnson,Knoxville
72846,35.438642,-93.391685,AR,Johnson,Lamar
72847,35.341599,-93.239244,AR,Pope,London
72851,35.330381,-93.441665,AR,Logan,New Blaine
72852,35.714433,-93.57523,AR,Johnson,Oark
72853,35.04457,-93.182835,AR,Yell,Ola
72854,35.670828,-93.43045,AR,Johnson,Ozone
72855,35.288262,-93.728734,AR,Logan,Paris
72856,35.690402,-93.054572,AR,Newton,Pelsor
72857,34.990157,-93.299478,AR,Yell,Plainview
72858,35.213796,-92.995721,AR,Pope,Pottsville
72860,34.932257,-93.40388,AR,Yell,Rover
72863,35.330908,-93.544797,AR,Logan,Scranton
72865,35.327466,-93.634301,AR,Logan,Subiaco
72901,35.366,-94.413642,AR,Sebastian,Fort Smith
72902,35.3197,-94.35318,AR,Sebastian,Fort Smith
72903,35.3455,-94.37758,AR,Sebastian,Fort Smith
72904,35.40339,-94.38977,AR,Sebastian,Fort Smith
72905,35.286594,-94.276239,AR,Sebastian,Fort Chaffee
72905,35.286594,-94.276239,AR,Sebastian,Fort Smith
72906,35.330629,-94.396602,AR,Sebastian,Fort Smith
72908,35.2996,-94.409478,AR,Sebastian,Fort Smith
72913,35.38415,-94.376166,AR,Sebastian,Fort Smith
72914,35.385872,-94.399733,AR,Sebastian,Fort Smith
72916,35.326437,-94.423658,AR,Sebastian,Bonanza
72916,35.326437,-94.423658,AR,Sebastian,Fort Smith
72917,35.331225,-94.37681,AR,Sebastian,Fort Smith
72918,35.301729,-94.408019,AR,Sebastian,Fort Smith
72919,35.352237,-94.353023,AR,Sebastian,Beverly Enterprises
72919,35.352237,-94.353023,AR,Sebastian,Fort Smith
72921,35.486757,-94.227174,AR,Crawford,Alma
72923,35.329328,-94.306177,AR,Sebastian,Barling
72926,34.713356,-94.028142,AR,Scott,Boles
72927,35.137425,-93.920695,AR,Logan,Booneville
72928,35.287852,-93.943319,AR,Franklin,Branch
72930,35.434165,-93.94488,AR,Franklin,Cecil
72932,35.606741,-94.327052,AR,Crawford,Cedarville
72933,35.30192,-94.042905,AR,Franklin,Charleston
72934,35.703482,-94.236518,AR,Crawford,Chester
72935,35.497374,-94.188404,AR,Crawford,Dyer
72936,35.217776,-94.260958,AR,Sebastian,Greenwood
72937,35.189791,-94.413379,AR,Sebastian,Hackett
72938,35.00519,-94.389892,AR,Sebastian,Hartford
72940,35.080324,-94.261638,AR,Sebastian,Huntington
72941,35.336949,-94.170533,AR,Sebastian,Central City
72941,35.336949,-94.170533,AR,Sebastian,Lavaca
72943,35.169105,-93.784677,AR,Logan,Magazine
72944,35.017534,-94.201396,AR,Scott,Abbott
72944,35.017534,-94.201396,AR,Scott,Mansfield
72945,35.106879,-94.363723,AR,Sebastian,Midland
72946,35.629888,-94.086149,AR,Crawford,Mountainburg
72947,35.501887,-94.056353,AR,Crawford,Mulberry
72948,35.696396,-94.42181,AR,Crawford,Natural Dam
72949,35.490486,-93.83857,AR,Franklin,Ozark
72950,34.792808,-93.875162,AR,Scott,Parks
72951,35.25995,-93.833359,AR,Logan,Ratcliff
72952,35.466713,-94.316469,AR,Crawford,Rudy
72955,35.585182,-94.433559,AR,Crawford,Uniontown
72956,35.443498,-94.34022,AR,Crawford,Van Buren
72957,35.438608,-94.352594,AR,Crawford,Van Buren
72958,34.899469,-94.094254,AR,Scott,Bates
72958,34.899469,-94.094254,AR,Scott,Waldron
72959,35.81138,-94.106103,AR,Washington,Winslow
