46001,40.251384,-85.660463,IN,Madison,Alexandria
46011,40.131179,-85.761842,IN,Madison,Anderson
46012,40.141971,-85.628094,IN,Madison,Anderson
46013,40.053006,-85.676882,IN,Madison,Anderson
46014,40.08703,-85.67633,IN,Madison,Anderson
46015,40.108596,-85.67518,IN,Madison,Anderson
46016,40.097201,-85.681347,IN,Madison,Anderson
46017,40.08426,-85.6047,IN,Madison,Anderson
46017,40.08426,-85.6047,IN,Madison,Chesterfield
46018,40.093342,-85.685401,IN,Madison,Anderson
46030,40.175147,-86.017681,IN,Hamilton,Arcadia
46031,40.16214,-85.9356,IN,Hamilton,Aroma
46031,40.16214,-85.9356,IN,Hamilton,Atlanta
46031,40.16214,-85.9356,IN,Hamilton,East Union
46031,40.16214,-85.9356,IN,Hamilton,Ekin
46032,39.967649,-86.160227,IN,Hamilton,Carmel
46033,39.975924,-86.08032,IN,Hamilton,Carmel
46034,40.129985,-86.018106,IN,Hamilton,Cicero
46035,40.193307,-86.665691,IN,Clinton,Colfax
46036,40.272959,-85.843758,IN,Madison,Curtisville
46036,40.272959,-85.843758,IN,Madison,Duck Creek
46036,40.272959,-85.843758,IN,Madison,Elwood
46036,40.272959,-85.843758,IN,Madison,Leisure
46036,40.272959,-85.843758,IN,Madison,Meadowood Est
46036,40.272959,-85.843758,IN,Madison,Meadowood Estates
46036,40.272959,-85.843758,IN,Madison,New Lancaster
46036,40.272959,-85.843758,IN,Madison,Pipe Creek
46036,40.272959,-85.843758,IN,Madison,Rigdon
46036,40.272959,-85.843758,IN,Madison,West Elwood
46037,39.9479,-85.975,IN,Hamilton,Fishers
46038,39.96,-85.98366,IN,Hamilton,Fishers
46039,40.377511,-86.313689,IN,Clinton,Forest
46040,39.927526,-85.828673,IN,Hancock,Fortville
46041,40.26462,-86.52846,IN,Clinton,Frankfort
46041,40.26462,-86.52846,IN,Clinton,Hillisburg
46044,40.223059,-85.771497,IN,Madison,Frankton
46045,40.29197,-86.147711,IN,Tipton,Goldsmith
46047,40.286838,-85.947714,IN,Tipton,Hobbs
46048,39.954093,-85.795621,IN,Madison,Ingalls
46049,40.290062,-86.230566,IN,Tipton,Kempton
46050,40.194024,-86.358834,IN,Clinton,Kirklin
46051,40.061719,-85.834745,IN,Madison,Lapel
46052,40.051603,-86.470531,IN,Boone,Lebanon
46055,39.891661,-85.901929,IN,Hancock,Mc Cordsville
46055,39.891661,-85.901929,IN,Hancock,McCordsville
46055,39.891661,-85.901929,IN,Hancock,Woodbury
46056,39.982476,-85.614191,IN,Madison,Emporia
46056,39.982476,-85.614191,IN,Madison,Markleville
46057,40.327309,-86.424171,IN,Clinton,Boyleston
46057,40.327309,-86.424171,IN,Clinton,Michigantown
46058,40.371179,-86.626904,IN,Clinton,Frankfort
46058,40.371179,-86.626904,IN,Clinton,Mulberry
46060,40.040132,-86.00591,IN,Hamilton,Noblesville
46060,40.040132,-86.00591,IN,Hamilton,Strawtown
46061,40.057606,-86.031722,IN,Hamilton,Noblesville
46062,40.03853,-86.005091,IN,Hamilton,Noblesville
46063,40.269855,-85.730519,IN,Madison,Orestes
46064,39.99252,-85.77294,IN,Madison,Huntsville
46064,39.99252,-85.77294,IN,Madison,Pendleton
46065,40.417917,-86.595717,IN,Clinton,Rossville
46067,40.415976,-86.515395,IN,Clinton,Sedalia
46068,40.380698,-86.088622,IN,Tipton,Nevada
46068,40.380698,-86.088622,IN,Tipton,Sharpsville
46069,40.137561,-86.21159,IN,Hamilton,Sheridan
46070,40.340908,-85.662129,IN,Madison,Summitville
46071,40.125801,-86.611995,IN,Boone,Thorntown
46072,40.287496,-86.046318,IN,Tipton,Tipton
46074,40.037435,-86.153185,IN,Hamilton,Westfield
46075,39.982382,-86.35094,IN,Boone,Whitestown
46076,40.363274,-85.95734,IN,Tipton,Windfall
46077,39.956095,-86.273792,IN,Boone,Zionsville
46082,39.9798,-86.119237,IN,Hamilton,Carmel
46085,39.979634,-86.119609,IN,Hamilton,Fishers
46085,39.979634,-86.119609,IN,Hamilton,Newgistics Merchandise Retrn
46102,39.996834,-86.620497,IN,Boone,Advance
46103,39.697239,-86.582314,IN,Hendricks,Amo
46104,39.656163,-85.574678,IN,Rush,Arlington
46105,39.762383,-86.814179,IN,Putnam,Bainbridge
46106,39.507357,-86.199658,IN,Johnson,Bargersville
46106,39.507357,-86.199658,IN,Johnson,Providence
46107,39.715417,-86.095646,IN,Marion,Beech Grove
46110,39.5648,-85.921392,IN,Shelby,Boggstown
46111,39.540408,-86.366352,IN,Morgan,Brooklyn
46112,39.859746,-86.383573,IN,Hendricks,Brownsburg
46113,39.640017,-86.308573,IN,Morgan,Camby
46115,39.732645,-85.570001,IN,Rush,Carthage
46117,39.817766,-85.617132,IN,Hancock,Charlottesville
46117,39.817766,-85.617132,IN,Hancock,Charlottesvle
46118,39.655558,-86.521037,IN,Hendricks,Belleville
46118,39.655558,-86.521037,IN,Hendricks,Clayton
46120,39.51282,-86.81922,IN,Putnam,Belle Union
46120,39.51282,-86.81922,IN,Putnam,Cloverdale
46120,39.51282,-86.81922,IN,Putnam,Cunot
46121,39.67309,-86.664333,IN,Putnam,Coatesville
46121,39.67309,-86.664333,IN,Putnam,Reno
46122,39.771018,-86.540474,IN,Hendricks,Danville
46123,39.760556,-86.526389,IN,Hendricks,Avon
46124,39.353574,-85.964085,IN,Johnson,Atterbury
46124,39.353574,-85.964085,IN,Johnson,Camp atterbry
46124,39.353574,-85.964085,IN,Johnson,Camp Atterbury
46124,39.353574,-85.964085,IN,Johnson,Camp Attrbry
46124,39.353574,-85.964085,IN,Johnson,Edinburgh
46125,39.522149,-86.637917,IN,Morgan,Eminence
46126,39.609769,-85.887525,IN,Shelby,Fairland
46127,39.743856,-85.354057,IN,Rush,Falmouth
46128,39.651369,-86.745964,IN,Putnam,Fillmore
46129,39.705783,-85.823391,IN,Hancock,Carrollton
46129,39.705783,-85.823391,IN,Hancock,Finly
46130,39.694471,-85.782306,IN,Shelby,Fountaintown
46131,39.488252,-86.054873,IN,Johnson,Amity
46131,39.488252,-86.054873,IN,Johnson,Bengal
46131,39.488252,-86.054873,IN,Johnson,Franklin
46131,39.488252,-86.054873,IN,Johnson,Hopewell
46131,39.488252,-86.054873,IN,Johnson,Urmeyville
46133,39.611007,-85.273628,IN,Fayette,Glenwood
46135,39.64758,-86.86722,IN,Putnam,Greencastle
46135,39.64758,-86.86722,IN,Putnam,Limedale
46135,39.64758,-86.86722,IN,Putnam,Manhattan
46135,39.64758,-86.86722,IN,Putnam,Morton
46135,39.64758,-86.86722,IN,Putnam,Mount Meridian
46135,39.64758,-86.86722,IN,Putnam,Mt Meridian
46140,39.794852,-85.791522,IN,Hancock,Eden
46140,39.794852,-85.791522,IN,Hancock,Gem
46140,39.794852,-85.791522,IN,Hancock,Greenfield
46142,39.621324,-86.14211,IN,Johnson,Greenwood
46143,39.601573,-86.133793,IN,Johnson,Greenwd
46143,39.601573,-86.133793,IN,Johnson,Greenwood
46143,39.601573,-86.133793,IN,Johnson,Grnwood
46144,39.661231,-85.648483,IN,Shelby,Gwynneville
46146,39.577781,-85.579338,IN,Rush,Homer
46147,39.974266,-86.635771,IN,Boone,Jamestown
46148,39.794447,-85.525839,IN,Henry,Knightstown
46148,39.794447,-85.525839,IN,Henry,Ogden
46148,39.794447,-85.525839,IN,Henry,Raysville
46149,39.886653,-86.546411,IN,Hendricks,Lizton
46150,39.57895,-85.635677,IN,Rush,Manilla
46151,39.4107,-86.46318,IN,Morgan,Centerton
46151,39.4107,-86.46318,IN,Morgan,Lake Edgewood
46151,39.4107,-86.46318,IN,Morgan,Martinsville
46151,39.4107,-86.46318,IN,Morgan,Paradise Lake
46151,39.4107,-86.46318,IN,Morgan,Waverly
46154,39.858357,-85.767408,IN,Hancock,Maxwell
46155,39.742938,-85.429654,IN,Rush,Mays
46156,39.502223,-85.467205,IN,Rush,Milroy
46156,39.502223,-85.467205,IN,Rush,Moscow
46157,39.57097,-86.5216,IN,Morgan,Monrovia
46158,39.592032,-86.375059,IN,Morgan,Mooresville
46160,39.380093,-86.264593,IN,Morgan,Bean Blossom
46160,39.380093,-86.264593,IN,Morgan,Fruitdale
46160,39.380093,-86.264593,IN,Morgan,Morgantown
46161,39.674407,-85.699943,IN,Shelby,Freeport
46161,39.674407,-85.699943,IN,Shelby,Morristown
46162,39.555482,-85.957258,IN,Johnson,Needham
46163,39.734334,-85.908374,IN,Hancock,Brookville Heights
46163,39.734334,-85.908374,IN,Hancock,Brookville Hts
46163,39.734334,-85.908374,IN,Hancock,New Palestine
46164,39.341154,-86.103529,IN,Johnson,Nineveh
46165,39.855141,-86.646545,IN,Hendricks,North Salem
46166,39.399504,-86.586345,IN,Morgan,Paragon
46167,39.878885,-86.469256,IN,Hendricks,Pittsboro
46168,39.709427,-86.395053,IN,Hendricks,Cartersburg
46168,39.709427,-86.395053,IN,Hendricks,Plainfield
46170,39.57359,-86.862163,IN,Putnam,Putnamville
46171,39.540941,-86.959946,IN,Putnam,Reelsville
46172,39.847885,-86.799339,IN,Putnam,Barnard
46172,39.847885,-86.799339,IN,Putnam,Fincastle
46172,39.847885,-86.799339,IN,Putnam,New Maysville
46172,39.847885,-86.799339,IN,Putnam,Roachdale
46173,39.615609,-85.446541,IN,Rush,Rushville
46175,39.823183,-86.955674,IN,Putnam,Russellville
46176,39.51857,-85.778917,IN,Shelby,Shelbyville
46180,39.62443,-86.605019,IN,Hendricks,Stilesville
46181,39.365002,-86.183378,IN,Johnson,Peoga
46181,39.365002,-86.183378,IN,Johnson,Samaria
46181,39.365002,-86.183378,IN,Johnson,Spearsville
46181,39.365002,-86.183378,IN,Johnson,Trafalgar
46182,39.45244,-85.66593,IN,Shelby,Waldron
46183,39.654145,-86.276621,IN,Marion,West Newton
46184,39.555508,-86.091336,IN,Johnson,New Whiteland
46184,39.555508,-86.091336,IN,Johnson,Whiteland
46186,39.885591,-85.608655,IN,Hancock,Warrington
46186,39.885591,-85.608655,IN,Hancock,Wilkinson
46186,39.885591,-85.608655,IN,Hancock,Willow Branch
46201,39.774629,-86.109637,IN,Marion,Indianapolis
46202,39.789789,-86.159462,IN,Marion,Indianapolis
46203,39.743419,-86.104228,IN,Marion,Indianapolis
46204,39.774822,-86.158971,IN,Marion,Indianapolis
46205,39.827486,-86.133117,IN,Marion,Indianapolis
46205,39.827486,-86.133117,IN,Marion,Uptown
46206,39.742836,-86.159777,IN,Marion,Indianapolis
46207,39.742239,-86.164298,IN,Marion,Indianapolis
46208,39.820704,-86.169262,IN,Marion,Indianapolis
46209,39.744999,-86.158607,IN,Marion,Bus Rply
46209,39.744999,-86.158607,IN,Marion,Business Reply
46209,39.744999,-86.158607,IN,Marion,Indianapolis
46211,39.892914,-86.257085,IN,Marion,Indianapolis
46211,39.892914,-86.257085,IN,Marion,Time Life Inc
46214,39.788672,-86.29565,IN,Marion,Eagle Creek
46214,39.788672,-86.29565,IN,Marion,Indianapolis
46216,39.861466,-86.014172,IN,Marion,Ft Benjamin Harrison
46216,39.861466,-86.014172,IN,Marion,Indianapolis
46216,39.861466,-86.014172,IN,Marion,Oaklandon
46217,39.667568,-86.198814,IN,Marion,Indianapolis
46217,39.667568,-86.198814,IN,Marion,Southport
46218,39.809206,-86.103073,IN,Marion,Indianapolis
46219,39.780423,-86.044659,IN,Marion,Indianapolis
46219,39.780423,-86.044659,IN,Marion,Irvington
46220,39.867992,-86.108018,IN,Marion,Indianapolis
46221,39.699569,-86.233683,IN,Marion,Indianapolis
46221,39.699569,-86.233683,IN,Marion,West Indianapolis
46222,39.791182,-86.212094,IN,Marion,Indianapolis
46223,39.785128,-86.161787,IN,Marion,I U P U I
46223,39.785128,-86.161787,IN,Marion,Indianapolis
46224,39.79296,-86.25708,IN,Marion,Indianapolis
46224,39.79296,-86.25708,IN,Marion,Spdway
46224,39.79296,-86.25708,IN,Marion,Spdwy
46224,39.79296,-86.25708,IN,Marion,Speedway
46225,39.747805,-86.160941,IN,Marion,Indianapolis
46226,39.836981,-86.046783,IN,Marion,Indianapolis
46226,39.836981,-86.046783,IN,Marion,Lawrence
46227,39.674837,-86.127705,IN,Marion,Indianapolis
46227,39.674837,-86.127705,IN,Marion,Southport
46228,39.848173,-86.193351,IN,Marion,Indianapolis
46229,39.77874,-85.97664,IN,Marion,Cumberland
46229,39.77874,-85.97664,IN,Marion,Indianapolis
46230,39.866751,-86.109147,IN,Marion,Indianapolis
46231,39.722652,-86.30895,IN,Marion,Bridgeport
46231,39.722652,-86.30895,IN,Marion,Indianapolis
46234,39.80771,-86.33759,IN,Marion,Clermont
46234,39.80771,-86.33759,IN,Marion,Indianapolis
46235,39.768333,-86.158056,IN,Marion,Indianapolis
46235,39.768333,-86.158056,IN,Marion,Oaklandon
46236,39.86321,-85.96736,IN,Marion,Indianapolis
46236,39.86321,-85.96736,IN,Marion,Oaklandon
46237,39.65622,-86.1003,IN,Marion,Indianapolis
46237,39.65622,-86.1003,IN,Marion,Southport
46239,39.717557,-86.000421,IN,Marion,Indianapolis
46239,39.717557,-86.000421,IN,Marion,Wanamaker
46240,39.905944,-86.128201,IN,Marion,Indianapolis
46240,39.905944,-86.128201,IN,Marion,Nora
46241,39.725953,-86.25473,IN,Marion,Drexel Gardens
46241,39.725953,-86.25473,IN,Marion,Drexel Gdns
46241,39.725953,-86.25473,IN,Marion,Indianapolis
46241,39.725953,-86.25473,IN,Marion,Mars Hill
46241,39.725953,-86.25473,IN,Marion,Maywood
46241,39.725953,-86.25473,IN,Marion,Park Fletcher
46242,39.70131,-86.257374,IN,Marion,Indianapolis
46244,39.774382,-86.158793,IN,Marion,Indianapolis
46247,39.675539,-86.12938,IN,Marion,Indianapolis
46247,39.675539,-86.12938,IN,Marion,Southport
46249,39.861999,-86.002044,IN,Marion,Army Finance Center
46249,39.861999,-86.002044,IN,Marion,Army Finance Ctr
46249,39.861999,-86.002044,IN,Marion,Indianapolis
46250,39.903249,-86.068818,IN,Marion,Castleton
46250,39.903249,-86.068818,IN,Marion,Indianapolis
46251,39.724125,-86.269787,IN,Marion,Indianapolis
46253,39.826866,-86.270775,IN,Marion,Eagle Creek
46253,39.826866,-86.270775,IN,Marion,Indianapolis
46254,39.840838,-86.265101,IN,Marion,Eagle Creek
46254,39.840838,-86.265101,IN,Marion,Indianapolis
46255,39.766744,-86.163967,IN,Marion,Indianapolis
46255,39.766744,-86.163967,IN,Marion,Merchants Bank
46255,39.766744,-86.163967,IN,Marion,National City Bank
46256,39.901691,-86.015662,IN,Marion,Castleton
46256,39.901691,-86.015662,IN,Marion,Indianapolis
46259,39.656811,-85.996975,IN,Marion,Acton
46259,39.656811,-85.996975,IN,Marion,Indianapolis
46260,39.892649,-86.180844,IN,Marion,Indianapolis
46260,39.892649,-86.180844,IN,Marion,Nora
46262,39.893169,-86.181003,IN,Marion,Indianapolis
46262,39.893169,-86.181003,IN,Marion,Union Federal Bank
46266,39.767943,-86.160502,IN,Marion,Indianapolis
46266,39.767943,-86.160502,IN,Marion,National Bank of Detroit
46268,39.897141,-86.228019,IN,Marion,Indianapolis
46268,39.897141,-86.228019,IN,Marion,New Augusta
46274,39.895207,-86.257246,IN,Marion,Indianapolis
46274,39.895207,-86.257246,IN,Marion,Time/Life
46275,39.76778,-86.157755,IN,Marion,Indianapolis
46275,39.76778,-86.157755,IN,Marion,Time Life Inc
46277,39.772026,-86.155024,IN,Marion,Bank One
46277,39.772026,-86.155024,IN,Marion,Indianapolis
46278,39.883333,-86.238611,IN,Marion,Indianapolis
46278,39.883333,-86.238611,IN,Marion,New Augusta
46278,39.883333,-86.238611,IN,Marion,Traders Point
46280,39.937574,-86.138329,IN,Hamilton,Indianapolis
46280,39.937574,-86.138329,IN,Hamilton,Nora
46282,39.769381,-86.160168,IN,Marion,Indianapolis
46283,39.77728,-86.111789,IN,Marion,Brylane
46283,39.77728,-86.111789,IN,Marion,Indianapolis
46285,39.743009,-86.162811,IN,Marion,Eli Lilly Co
46285,39.743009,-86.162811,IN,Marion,Indianapolis
46290,39.936276,-86.211203,IN,Hamilton,Indianapolis
46290,39.936276,-86.211203,IN,Hamilton,Nora
46291,39.782399,-86.047878,IN,Marion,Indianapolis
46291,39.782399,-86.047878,IN,Marion,R C A Manuf Co
46291,39.782399,-86.047878,IN,Marion,Rca Mfg Co
46295,39.673619,-86.194091,IN,Marion,Indianapolis
46295,39.673619,-86.194091,IN,Marion,USPS Scanner REpair
46296,39.770156,-86.161029,IN,Marion,Indianapolis
46296,39.770156,-86.161029,IN,Marion,USPS Symbol Repair
46298,39.89393,-86.229942,IN,Marion,Greater Indiana District
46298,39.89393,-86.229942,IN,Marion,Indianapolis
46301,41.672687,-86.973604,IN,Porter,Beverly Shores
46301,41.672687,-86.973604,IN,Porter,Beverly Shrs
46302,41.353384,-87.125263,IN,Porter,Boone Grove
46303,41.377765,-87.444811,IN,Lake,Cedar Lake
46303,41.377765,-87.444811,IN,Lake,Cook
46304,41.617037,-87.028793,IN,Porter,Burns Harbor
46304,41.617037,-87.028793,IN,Porter,Chesterton
46304,41.617037,-87.028793,IN,Porter,Porter
46307,41.419705,-87.354291,IN,Lake,Crown Point
46307,41.419705,-87.354291,IN,Lake,Lakes of Four Seasons
46307,41.419705,-87.354291,IN,Lake,Palmer
46308,41.417149,-87.363926,IN,Lake,Crown Point
46310,41.184919,-87.209975,IN,Jasper,Demotte
46310,41.184919,-87.209975,IN,Jasper,Kersey
46311,41.48732,-87.508227,IN,Lake,Dyer
46312,41.636175,-87.456737,IN,Lake,East Chicago
46319,41.53214,-87.421913,IN,Lake,Griffith
46319,41.53214,-87.421913,IN,Lake,New Elliott
46320,41.613152,-87.504662,IN,Lake,Hammond
46321,41.55553,-87.497888,IN,Lake,Hammond
46321,41.55553,-87.497888,IN,Lake,Munster
46322,41.551945,-87.457161,IN,Lake,Hammond
46322,41.551945,-87.457161,IN,Lake,Highland
46323,41.584786,-87.451351,IN,Lake,Hammond
46323,41.584786,-87.451351,IN,Lake,Hessville
46324,41.585919,-87.502396,IN,Lake,Hammond
46324,41.585919,-87.502396,IN,Lake,South Calumet Avenue
46325,41.614095,-87.514713,IN,Lake,Hammond
46327,41.632444,-87.508675,IN,Lake,Hammond
46340,41.41204,-86.777964,IN,La Porte,Hanna
46341,41.34042,-87.198181,IN,Porter,Hebron
46342,41.51934,-87.24996,IN,Lake,Hobart
46342,41.51934,-87.24996,IN,Lake,New Chicago
46345,41.528451,-86.697613,IN,La Porte,Kingsbury
46346,41.479434,-86.69476,IN,La Porte,Kingsford Heights
46346,41.479434,-86.69476,IN,La Porte,Kingsford Hts
46347,41.314916,-87.034521,IN,Porter,Kouts
46348,41.31342,-86.887041,IN,La Porte,La Crosse
46349,41.127882,-87.461946,IN,Newton,Lake Village
46350,41.614878,-86.734117,IN,La Porte,La Porte
46352,41.62198,-86.695386,IN,La Porte,La Porte
46355,41.363967,-87.267208,IN,Lake,Leroy
46356,41.284559,-87.416071,IN,Lake,Belshaw
46356,41.284559,-87.416071,IN,Lake,Creston
46356,41.284559,-87.416071,IN,Lake,Lake Dalecarlia
46356,41.284559,-87.416071,IN,Lake,Lowell
46356,41.284559,-87.416071,IN,Lake,North Hayden
46360,41.709441,-86.864786,IN,La Porte,City
46360,41.709441,-86.864786,IN,La Porte,Long Beach
46360,41.709441,-86.864786,IN,La Porte,Mich City
46360,41.709441,-86.864786,IN,La Porte,Michiana Shores
46360,41.709441,-86.864786,IN,La Porte,Michiana Shrs
46360,41.709441,-86.864786,IN,La Porte,Michigan City
46360,41.709441,-86.864786,IN,La Porte,Trail Creek
46361,41.719635,-86.902914,IN,La Porte,Michigan City
46365,41.597919,-86.549243,IN,La Porte,Mill Creek
46366,41.220866,-86.773298,IN,Starke,North Judson
46368,41.58462,-87.17472,IN,Porter,Ogden Dunes
46368,41.58462,-87.17472,IN,Porter,Portage
46371,41.686889,-86.609518,IN,La Porte,Rolling Pr
46371,41.686889,-86.609518,IN,La Porte,Rolling Prairie
46372,41.142111,-87.310237,IN,Newton,Roselawn
46373,41.451569,-87.476665,IN,Lake,Dyer
46373,41.451569,-87.476665,IN,Lake,Saint John
46373,41.451569,-87.476665,IN,Lake,St John
46374,41.197538,-86.894413,IN,Starke,San Pierre
46375,41.490429,-87.456888,IN,Lake,Schererville
46376,41.18338,-87.462356,IN,Lake,Schneider
46377,41.192768,-87.345317,IN,Lake,Shelby
46379,41.16614,-87.438854,IN,Newton,Sumava Resorts
46379,41.16614,-87.438854,IN,Newton,Sumava Rsts
46380,41.199044,-86.972303,IN,Jasper,Tefft
46380,41.199044,-86.972303,IN,Jasper,Wheatfield
46381,41.171767,-87.335809,IN,Newton,Thayer
46382,41.47602,-86.77908,IN,La Porte,Union Mills
46382,41.47602,-86.77908,IN,La Porte,Wellsboro
46383,41.489214,-87.074602,IN,Porter,Valparaiso
46383,41.489214,-87.074602,IN,Porter,Valpo
46384,41.493624,-87.054754,IN,Porter,Valparaiso
46384,41.493624,-87.054754,IN,Porter,Valpo
46385,41.473056,-87.061111,IN,Porter,Valparaiso
46385,41.473056,-87.061111,IN,Porter,Valpo
46390,41.435469,-86.892131,IN,La Porte,Haskells
46390,41.435469,-86.892131,IN,La Porte,South Wanatah
46390,41.435469,-86.892131,IN,La Porte,Thomaston
46390,41.435469,-86.892131,IN,La Porte,Wanatah
46391,41.551257,-86.899358,IN,La Porte,Otis
46391,41.551257,-86.899358,IN,La Porte,Westville
46392,41.192267,-87.052631,IN,Jasper,Wheatfield
46393,41.512642,-87.177875,IN,Porter,Wheeler
46394,41.679405,-87.496209,IN,Lake,Robertsdale
46394,41.679405,-87.496209,IN,Lake,Whiting
46401,41.460909,-87.285371,IN,Lake,Gary
46402,41.601011,-87.336284,IN,Lake,Gary
46403,41.590239,-87.276348,IN,Lake,Gary
46404,41.585279,-87.374644,IN,Lake,Gary
46405,41.56853,-87.270213,IN,Lake,Gary
46405,41.56853,-87.270213,IN,Lake,Lake Station
46406,41.587301,-87.411577,IN,Lake,Brunswick
46406,41.587301,-87.411577,IN,Lake,Gary
46407,41.583077,-87.335347,IN,Lake,Gary
46408,41.539202,-87.365937,IN,Lake,Gary
46409,41.545122,-87.323773,IN,Lake,Gary
46410,41.47794,-87.30582,IN,Lake,Gary
46410,41.47794,-87.30582,IN,Lake,Merrillville
46411,41.47137,-87.376351,IN,Lake,Gary
46411,41.47137,-87.376351,IN,Lake,Merrillville
46501,41.236625,-86.248195,IN,Marshall,Argos
46502,41.263913,-85.974073,IN,Kosciusko,Atwood
46504,41.317525,-86.119695,IN,Marshall,Bourbon
46506,41.435747,-86.172511,IN,Marshall,Bremen
46507,41.721113,-85.827423,IN,Elkhart,Bristol
46508,41.153498,-85.96731,IN,Kosciusko,Burket
46510,41.123175,-85.898042,IN,Kosciusko,Claypool
46511,41.226198,-86.41522,IN,Marshall,Burr Oak
46511,41.226198,-86.41522,IN,Marshall,Clvr Mil Acad
46511,41.226198,-86.41522,IN,Marshall,Culver
46513,41.361678,-86.445676,IN,Marshall,Donaldson
46514,41.711357,-85.970759,IN,Elkhart,Elkhart
46515,41.684211,-85.969529,IN,Elkhart,Elkhart
46516,41.677793,-85.960517,IN,Elkhart,Elkhart
46517,41.62236,-85.98378,IN,Elkhart,Concord
46517,41.62236,-85.98378,IN,Elkhart,Dunlap
46517,41.62236,-85.98378,IN,Elkhart,Elkhart
46524,41.296073,-86.089031,IN,Kosciusko,Etna Green
46526,41.586985,-85.835835,IN,Elkhart,Foraker
46526,41.586985,-85.835835,IN,Elkhart,Goshen
46527,41.58871,-85.843436,IN,Elkhart,Goshen
46528,41.599107,-85.787614,IN,Elkhart,Goshen
46530,41.742276,-86.161696,IN,St Joseph,Granger
46531,41.3255,-86.520662,IN,Starke,Grovertown
46532,41.382638,-86.585826,IN,Starke,Hamlet
46534,41.299044,-86.61672,IN,Starke,Bass Lake
46534,41.299044,-86.61672,IN,Starke,Knox
46534,41.299044,-86.61672,IN,Starke,Ober
46534,41.299044,-86.61672,IN,Starke,Toto
46536,41.525454,-86.275744,IN,St Joseph,Lakeville
46537,41.457406,-86.305414,IN,Marshall,Lapaz
46538,41.333442,-85.842384,IN,Kosciusko,Leesburg
46539,41.171247,-86.037685,IN,Kosciusko,Mentone
46540,41.676613,-85.704764,IN,Elkhart,Middlebury
46542,41.409782,-85.848241,IN,Kosciusko,Milford
46543,41.520705,-85.699646,IN,Elkhart,Millersburg
46544,41.65248,-86.158744,IN,St Joseph,Mishawaka
46545,41.680563,-86.160151,IN,St Joseph,Mishawaka
46546,41.662647,-86.157621,IN,St Joseph,Mishawaka
46550,41.447798,-85.999846,IN,Elkhart,Nappanee
46552,41.708477,-86.48143,IN,St Joseph,Hudson Lake
46552,41.708477,-86.48143,IN,St Joseph,New Carlisle
46553,41.501908,-85.827126,IN,Elkhart,New Paris
46554,41.55255,-86.407096,IN,St Joseph,North Liberty
46555,41.325309,-85.68982,IN,Kosciusko,North Webster
46556,41.693901,-86.239284,IN,St Joseph,Notre Dame
46556,41.693901,-86.239284,IN,St Joseph,St Marys
46561,41.670601,-86.077419,IN,St Joseph,Osceola
46562,41.200623,-85.708234,IN,Kosciusko,Pierceton
46562,41.200623,-85.708234,IN,Kosciusko,Sidney
46563,41.348915,-86.328202,IN,Marshall,Inwood
46563,41.348915,-86.328202,IN,Marshall,Plymouth
46565,41.675713,-85.576964,IN,Lagrange,Shipshewana
46567,41.423554,-85.74079,IN,Kosciusko,Syracuse
46570,41.212477,-86.124053,IN,Marshall,Tippecanoe
46571,41.540647,-85.53954,IN,Lagrange,Topeka
46572,41.421775,-86.400405,IN,Marshall,Tyner
46573,41.537809,-86.082369,IN,Elkhart,Wakarusa
46574,41.468357,-86.465282,IN,St Joseph,Walkerton
46580,41.238354,-85.851876,IN,Kosciusko,Warsaw
46581,41.237114,-85.85823,IN,Kosciusko,Warsaw
46582,41.237728,-85.854267,IN,Kosciusko,Warsaw
46590,41.219507,-85.818519,IN,Kosciusko,Winona Lake
46595,41.522298,-86.169288,IN,St Joseph,Wyatt
46601,41.672606,-86.251722,IN,St Joseph,S Bend
46601,41.672606,-86.251722,IN,St Joseph,So Bend
46601,41.672606,-86.251722,IN,St Joseph,South Bend
46604,41.67533,-86.210874,IN,St Joseph,Associate Corp
46604,41.67533,-86.210874,IN,St Joseph,South Bend
46613,41.651754,-86.25101,IN,St Joseph,South Bend
46614,41.625248,-86.247979,IN,St Joseph,South Bend
46615,41.672646,-86.213631,IN,St Joseph,South Bend
46616,41.689863,-86.264884,IN,St Joseph,South Bend
46617,41.683768,-86.23232,IN,St Joseph,South Bend
46619,41.665548,-86.322304,IN,St Joseph,South Bend
46620,41.722314,-86.333389,IN,St Joseph,Bendix Corp
46620,41.722314,-86.333389,IN,St Joseph,South Bend
46624,41.656358,-86.288349,IN,St Joseph,South Bend
46626,41.657277,-86.295067,IN,St Joseph,South Bend
46626,41.657277,-86.295067,IN,St Joseph,South Bend Tribune
46628,41.698701,-86.309464,IN,St Joseph,Lydick
46628,41.698701,-86.309464,IN,St Joseph,South Bend
46634,41.692367,-86.238939,IN,St Joseph,South Bend
46635,41.71525,-86.210153,IN,St Joseph,South Bend
46637,41.726797,-86.24277,IN,St Joseph,South Bend
46660,41.695627,-86.21444,IN,St Joseph,South Bend
46680,41.632227,-86.250041,IN,St Joseph,South Bend
46699,41.671706,-86.252194,IN,St Joseph,BRM South Bend
46699,41.671706,-86.252194,IN,St Joseph,S Bend
46699,41.671706,-86.252194,IN,St Joseph,So Bend
46699,41.671706,-86.252194,IN,St Joseph,South Bend
46701,41.395396,-85.422456,IN,Noble,Albion
46701,41.395396,-85.422456,IN,Noble,Bakertown
46701,41.395396,-85.422456,IN,Noble,Bear Lake
46701,41.395396,-85.422456,IN,Noble,Burr Oak
46701,41.395396,-85.422456,IN,Noble,Green Center
46701,41.395396,-85.422456,IN,Noble,High Lake
46701,41.395396,-85.422456,IN,Noble,Merriam
46701,41.395396,-85.422456,IN,Noble,Skinner Lake
46701,41.395396,-85.422456,IN,Noble,Upper Long Lake
46702,40.851385,-85.602954,IN,Huntington,Andrews
46702,40.851385,-85.602954,IN,Huntington,Dallas
46703,41.66718,-84.98964,IN,Steuben,Angola
46703,41.66718,-84.98964,IN,Steuben,Berlien
46703,41.66718,-84.98964,IN,Steuben,Crooked Lake
46703,41.66718,-84.98964,IN,Steuben,Flint
46703,41.66718,-84.98964,IN,Steuben,Fox Lake
46703,41.66718,-84.98964,IN,Steuben,Glen Eden
46703,41.66718,-84.98964,IN,Steuben,Lake James
46703,41.66718,-84.98964,IN,Steuben,Metz
46703,41.66718,-84.98964,IN,Steuben,Nevada Mills
46703,41.66718,-84.98964,IN,Steuben,Scott
46703,41.66718,-84.98964,IN,Steuben,York
46704,41.104668,-85.291919,IN,Allen,Arcola
46705,41.514265,-85.072002,IN,De Kalb,Ashley
46705,41.514265,-85.072002,IN,De Kalb,Steuben
46705,41.514265,-85.072002,IN,De Kalb,Steubenville
46706,41.370451,-85.045718,IN,De Kalb,Auburn
46706,41.370451,-85.045718,IN,De Kalb,Auburn Junction
46706,41.370451,-85.045718,IN,De Kalb,Norland Park
46710,41.367073,-85.237128,IN,Noble,Avilla
46711,40.645,-85.033056,IN,Adams,Berne
46711,40.645,-85.033056,IN,Adams,Linn Grove
46713,40.943414,-85.619752,IN,Huntington,Bippus
46714,40.71876,-85.19484,IN,Wells,Bluffton
46714,40.71876,-85.19484,IN,Wells,Domestic
46714,40.71876,-85.19484,IN,Wells,French
46714,40.71876,-85.19484,IN,Wells,Murray
46714,40.71876,-85.19484,IN,Wells,North Oaks
46714,40.71876,-85.19484,IN,Wells,Reiffsburg
46714,40.71876,-85.19484,IN,Wells,Rockford
46714,40.71876,-85.19484,IN,Wells,Toll Gate Heights
46714,40.71876,-85.19484,IN,Wells,Travisville
46714,40.71876,-85.19484,IN,Wells,Vera Cruz
46714,40.71876,-85.19484,IN,Wells,Villa North
46721,41.413936,-84.885428,IN,De Kalb,Artic
46721,41.413936,-84.885428,IN,De Kalb,Butler
46721,41.413936,-84.885428,IN,De Kalb,Moore
46721,41.413936,-84.885428,IN,De Kalb,Newville
46723,41.222797,-85.273777,IN,Whitley,Ari
46723,41.222797,-85.273777,IN,Whitley,Blue Lake
46723,41.222797,-85.273777,IN,Whitley,Churubusco
46723,41.222797,-85.273777,IN,Whitley,Eel River
46725,41.14962,-85.46502,IN,Whitley,Big Lake
46725,41.14962,-85.46502,IN,Whitley,Coesse
46725,41.14962,-85.46502,IN,Whitley,Collins
46725,41.14962,-85.46502,IN,Whitley,Columbia City
46725,41.14962,-85.46502,IN,Whitley,Etna
46725,41.14962,-85.46502,IN,Whitley,Goose Lake
46725,41.14962,-85.46502,IN,Whitley,Laud
46725,41.14962,-85.46502,IN,Whitley,Loon Lake
46725,41.14962,-85.46502,IN,Whitley,Lorane
46725,41.14962,-85.46502,IN,Whitley,Ormas
46725,41.14962,-85.46502,IN,Whitley,Peabody
46725,41.14962,-85.46502,IN,Whitley,Raber
46725,41.14962,-85.46502,IN,Whitley,Thorncreek
46725,41.14962,-85.46502,IN,Whitley,Tri Lakes
46725,41.14962,-85.46502,IN,Whitley,Wilson Lake
46730,41.438215,-85.154373,IN,De Kalb,Corunna
46730,41.438215,-85.154373,IN,De Kalb,Fairfield Center
46730,41.438215,-85.154373,IN,De Kalb,Indian Lake
46731,40.778549,-85.098739,IN,Wells,Craigville
46732,41.401608,-85.666412,IN,Noble,Cromwell
46732,41.401608,-85.666412,IN,Noble,Enchanted Hills
46732,41.401608,-85.666412,IN,Noble,Indian Village
46732,41.401608,-85.666412,IN,Noble,Knapp Lake
46733,40.829878,-84.928591,IN,Adams,Barrington Woods
46733,40.829878,-84.928591,IN,Adams,Bo Bo
46733,40.829878,-84.928591,IN,Adams,Decatur
46733,40.829878,-84.928591,IN,Adams,Hondorus
46733,40.829878,-84.928591,IN,Adams,Peterson
46733,40.829878,-84.928591,IN,Adams,Sunny Acres
46733,40.829878,-84.928591,IN,Adams,Yost Woods
46737,41.7219,-84.92022,IN,Steuben,Clear Lake
46737,41.7219,-84.92022,IN,Steuben,Fremont
46737,41.7219,-84.92022,IN,Steuben,Long Lake
46737,41.7219,-84.92022,IN,Steuben,Otter Lake
46737,41.7219,-84.92022,IN,Steuben,Ray
46738,41.348005,-85.13363,IN,De Kalb,Altona
46738,41.348005,-85.13363,IN,De Kalb,Butler Center
46738,41.348005,-85.13363,IN,De Kalb,Cedar Creek
46738,41.348005,-85.13363,IN,De Kalb,Dutch Town
46738,41.348005,-85.13363,IN,De Kalb,Garrett
46738,41.348005,-85.13363,IN,De Kalb,Keyser
46740,40.595413,-84.959127,IN,Adams,Ceylon
46740,40.595413,-84.959127,IN,Adams,Geneva
46741,41.210406,-84.975439,IN,Allen,Grabill
46742,41.53872,-84.89892,IN,Steuben,Alvarado
46742,41.53872,-84.89892,IN,Steuben,Circle Park
46742,41.53872,-84.89892,IN,Steuben,Clarks Landing
46742,41.53872,-84.89892,IN,Steuben,Cold Springs
46742,41.53872,-84.89892,IN,Steuben,Forest Park Beach
46742,41.53872,-84.89892,IN,Steuben,Hamilton
46742,41.53872,-84.89892,IN,Steuben,Island Park
46742,41.53872,-84.89892,IN,Steuben,Oakwood
46742,41.53872,-84.89892,IN,Steuben,Oakwood Shores
46742,41.53872,-84.89892,IN,Steuben,Otsego
46742,41.53872,-84.89892,IN,Steuben,Penn Park
46742,41.53872,-84.89892,IN,Steuben,Russels Point
46743,41.219283,-84.848097,IN,Allen,Harlan
46745,40.949213,-85.004562,IN,Allen,Hoagland
46746,41.71686,-85.41384,IN,Lagrange,Brighton
46746,41.71686,-85.41384,IN,Lagrange,Howe
46746,41.71686,-85.41384,IN,Lagrange,Lima
46746,41.71686,-85.41384,IN,Lagrange,Ontario
46747,41.531111,-85.170278,IN,Steuben,Gravel Beach
46747,41.531111,-85.170278,IN,Steuben,Helmer
46747,41.531111,-85.170278,IN,Steuben,Hudson
46747,41.531111,-85.170278,IN,Steuben,Salem Center
46748,41.242357,-85.156411,IN,Allen,Huntertown
46750,40.883166,-85.495183,IN,Huntington,Bowerstown
46750,40.883166,-85.495183,IN,Huntington,Bracken
46750,40.883166,-85.495183,IN,Huntington,Goblesville
46750,40.883166,-85.495183,IN,Huntington,Huntington
46750,40.883166,-85.495183,IN,Huntington,Mahon
46750,40.883166,-85.495183,IN,Huntington,Majenica
46750,40.883166,-85.495183,IN,Huntington,Mount Etna
46750,40.883166,-85.495183,IN,Huntington,Simpson
46750,40.883166,-85.495183,IN,Huntington,Toledo
46755,41.448737,-85.263287,IN,Noble,Allen
46755,41.448737,-85.263287,IN,Noble,Cree Lake
46755,41.448737,-85.263287,IN,Noble,Kendallville
46755,41.448737,-85.263287,IN,Noble,Lisbon
46755,41.448737,-85.263287,IN,Noble,Round Lake
46755,41.448737,-85.263287,IN,Noble,Wakefield Village
46755,41.448737,-85.263287,IN,Noble,Wayne Center
46759,40.610058,-85.190031,IN,Wells,Keystone
46760,41.34881,-85.609076,IN,Noble,Kimmell
46760,41.34881,-85.609076,IN,Noble,Sparta
46761,41.64462,-85.4046,IN,Lagrange,Brushy Prairie
46761,41.64462,-85.4046,IN,Lagrange,Elmira
46761,41.64462,-85.4046,IN,Lagrange,Fish Lake
46761,41.64462,-85.4046,IN,Lagrange,Lagrange
46761,41.64462,-85.4046,IN,Lagrange,Mount Pisgah
46761,41.64462,-85.4046,IN,Lagrange,Mt Pisgah
46761,41.64462,-85.4046,IN,Lagrange,Plato
46761,41.64462,-85.4046,IN,Lagrange,Royer Lake
46761,41.64462,-85.4046,IN,Lagrange,Valentine
46763,41.291971,-85.20244,IN,Noble,Ege
46763,41.291971,-85.20244,IN,Noble,Laotto
46763,41.291971,-85.20244,IN,Noble,Swan
46764,41.191399,-85.616852,IN,Whitley,Etna-Troy
46764,41.191399,-85.616852,IN,Whitley,Larwill
46765,41.228281,-85.030944,IN,Allen,Cedar Canyon
46765,41.228281,-85.030944,IN,Allen,Cedar Shores
46765,41.228281,-85.030944,IN,Allen,Cedarville
46765,41.228281,-85.030944,IN,Allen,Leo
46766,40.707359,-85.290083,IN,Wells,Liberty Center
46766,40.707359,-85.290083,IN,Wells,Liberty Ctr
46767,41.466943,-85.588349,IN,Noble,Ligonier
46769,40.644448,-85.031233,IN,Adams,Berne
46769,40.644448,-85.031233,IN,Adams,Linn Grove
46769,40.644448,-85.031233,IN,Adams,Linn Grv
46770,40.831539,-85.326409,IN,Wells,Markle
46771,41.685012,-85.278102,IN,Lagrange,Mongo
46772,40.740508,-84.944366,IN,Adams,Coppess Corner
46772,40.740508,-84.944366,IN,Adams,Monroe
46773,40.98251,-84.877333,IN,Allen,Boston Corner
46773,40.98251,-84.877333,IN,Allen,Dixon
46773,40.98251,-84.877333,IN,Allen,Monroeville
46773,40.98251,-84.877333,IN,Allen,Tillman
46773,40.98251,-84.877333,IN,Allen,Townley
46773,40.98251,-84.877333,IN,Allen,Zulu
46774,41.076957,-84.996923,IN,Allen,Gar Creek
46774,41.076957,-84.996923,IN,Allen,Meadowbrook
46774,41.076957,-84.996923,IN,Allen,Milan Center
46774,41.076957,-84.996923,IN,Allen,New Haven
46774,41.076957,-84.996923,IN,Allen,New Haven Heights
46774,41.076957,-84.996923,IN,Allen,Tanglewood
46774,41.076957,-84.996923,IN,Allen,Thurman
46776,41.73679,-85.171469,IN,Steuben,Orland
46776,41.73679,-85.171469,IN,Steuben,Wall Lake
46777,40.87092,-85.15674,IN,Wells,Kingsland
46777,40.87092,-85.15674,IN,Wells,Ossian
46777,40.87092,-85.15674,IN,Wells,Tocsin
46778,40.612239,-85.148995,IN,Wells,Petroleum
46779,41.59368,-85.01298,IN,Steuben,Golden Lake
46779,41.59368,-85.01298,IN,Steuben,Pleasant Lake
46780,40.774016,-84.841633,IN,Adams,Pleasant Mills
46780,40.774016,-84.841633,IN,Adams,Pleasant Mls
46781,40.656523,-85.242718,IN,Wells,Poneto
46782,40.833715,-85.014182,IN,Adams,Preble
46783,40.962488,-85.294525,IN,Huntington,Roanoke
46784,41.494938,-85.366105,IN,Noble,Rome City
46785,41.320866,-84.8929,IN,De Kalb,Saint Joe
46785,41.320866,-84.8929,IN,De Kalb,St Joe
46786,41.528859,-85.274974,IN,Lagrange,South Milford
46787,41.08577,-85.618016,IN,Whitley,Collamer
46787,41.08577,-85.618016,IN,Whitley,Luther
46787,41.08577,-85.618016,IN,Whitley,South Whitley
46787,41.08577,-85.618016,IN,Whitley,Tunker
46788,41.252712,-84.942553,IN,Allen,Hurshtown
46788,41.252712,-84.942553,IN,Allen,Spencerville
46789,41.580247,-85.199688,IN,Lagrange,Stroh
46789,41.580247,-85.199688,IN,Lagrange,Wildwood Landing
46791,40.833492,-85.234445,IN,Wells,Uniondale
46792,40.685126,-85.422972,IN,Huntington,Buckeye
46792,40.685126,-85.422972,IN,Huntington,Dillman
46792,40.685126,-85.422972,IN,Huntington,Meth Mem Home
46792,40.685126,-85.422972,IN,Huntington,Methodist Mem Home
46792,40.685126,-85.422972,IN,Huntington,Methodist Memorial Home
46792,40.685126,-85.422972,IN,Huntington,Mount Zion
46792,40.685126,-85.422972,IN,Huntington,Pleasant Plain
46792,40.685126,-85.422972,IN,Huntington,Plum Tree
46792,40.685126,-85.422972,IN,Huntington,Salamonie
46792,40.685126,-85.422972,IN,Huntington,Warren
46793,41.426955,-85.022802,IN,De Kalb,Sedan
46793,41.426955,-85.022802,IN,De Kalb,Waterloo
46794,41.491296,-85.420706,IN,Noble,Brimfield
46794,41.491296,-85.420706,IN,Noble,Brimfld
46794,41.491296,-85.420706,IN,Noble,Cosperville
46794,41.491296,-85.420706,IN,Noble,Diamond Lake
46794,41.491296,-85.420706,IN,Noble,Waldron Lake
46794,41.491296,-85.420706,IN,Noble,Wawaka
46795,41.55204,-85.2849,IN,Lagrange,Adams Lake
46795,41.55204,-85.2849,IN,Lagrange,Lakeside
46795,41.55204,-85.2849,IN,Lagrange,Pretty Lake
46795,41.55204,-85.2849,IN,Lagrange,Shady Nook
46795,41.55204,-85.2849,IN,Lagrange,Timberhurst
46795,41.55204,-85.2849,IN,Lagrange,Witmer Manor
46795,41.55204,-85.2849,IN,Lagrange,Wolcottville
46795,41.55204,-85.2849,IN,Lagrange,Woodland Park
46795,41.55204,-85.2849,IN,Lagrange,Woodruff
46796,41.335013,-85.494767,IN,Noble,Wolf Lake
46796,41.335013,-85.494767,IN,Noble,Wolflake
46797,41.130094,-84.866509,IN,Allen,Edgerton
46797,41.130094,-84.866509,IN,Allen,Maumee
46797,41.130094,-84.866509,IN,Allen,Woodburn
46798,40.940475,-85.21854,IN,Allen,Yoder
46799,40.917963,-85.277888,IN,Allen,Zanesville
46801,41.067891,-85.167675,IN,Allen,Fort Wayne
46802,41.072951,-85.153427,IN,Allen,Fort Wayne
46802,41.072951,-85.153427,IN,Allen,Ft Wayne
46803,41.070631,-85.101842,IN,Allen,Fort Wayne
46803,41.070631,-85.101842,IN,Allen,Ft Wayne
46804,41.055452,-85.243032,IN,Allen,Fort Wayne
46804,41.055452,-85.243032,IN,Allen,Ft Wayne
46805,41.099088,-85.115003,IN,Allen,Fort Wayne
46805,41.099088,-85.115003,IN,Allen,Ft Wayne
46806,41.046401,-85.105518,IN,Allen,Diplomat
46806,41.046401,-85.105518,IN,Allen,Diplomat Plaza
46806,41.046401,-85.105518,IN,Allen,Fort Wayne
46806,41.046401,-85.105518,IN,Allen,Ft Wayne
46807,41.048761,-85.145583,IN,Allen,Fort Wayne
46807,41.048761,-85.145583,IN,Allen,Ft Wayne
46808,41.10106,-85.170092,IN,Allen,Fort Wayne
46808,41.10106,-85.170092,IN,Allen,Ft Wayne
46809,41.026644,-85.189643,IN,Allen,Fort Wayne
46809,41.026644,-85.189643,IN,Allen,Ft Wayne
46809,41.026644,-85.189643,IN,Allen,Waynedale
46814,41.128755,-85.128368,IN,Allen,Fort Wayne
46815,41.113302,-85.061006,IN,Allen,Fort Wayne
46815,41.113302,-85.061006,IN,Allen,Ft Wayne
46816,41.01781,-85.076819,IN,Allen,Diplomat
46816,41.01781,-85.076819,IN,Allen,Fort Wayne
46816,41.01781,-85.076819,IN,Allen,Ft Wayne
46816,41.01781,-85.076819,IN,Allen,Maples
46816,41.01781,-85.076819,IN,Allen,Southtown
46816,41.01781,-85.076819,IN,Allen,Southtown Mall
46818,41.147538,-85.224765,IN,Allen,Fort Wayne
46818,41.147538,-85.224765,IN,Allen,Ft Wayne
46819,40.996887,-85.13263,IN,Allen,Fort Wayne
46819,40.996887,-85.13263,IN,Allen,Ft Wayne
46819,40.996887,-85.13263,IN,Allen,Poe
46819,40.996887,-85.13263,IN,Allen,Waynedale
46825,41.160774,-85.115233,IN,Allen,Fort Wayne
46825,41.160774,-85.115233,IN,Allen,Ft Wayne
46835,41.138225,-85.061298,IN,Allen,Fort Wayne
46835,41.138225,-85.061298,IN,Allen,Ft Wayne
46845,41.20133,-85.112447,IN,Allen,Fort Wayne
46845,41.20133,-85.112447,IN,Allen,Ft Wayne
46845,41.20133,-85.112447,IN,Allen,Hazelwood
46850,41.066462,-85.168804,IN,Allen,Fort Wayne
46851,41.067721,-85.165914,IN,Allen,Fort Wayne
46852,41.069242,-85.168962,IN,Allen,Fort Wayne
46853,41.067397,-85.165583,IN,Allen,Fort Wayne
46854,41.148996,-85.073748,IN,Allen,Fort Wayne
46855,41.068529,-85.167398,IN,Allen,Fort Wayne
46856,41.066024,-85.165168,IN,Allen,Fort Wayne
46857,41.072906,-85.16652,IN,Allen,Fort Wayne
46858,41.067996,-85.166367,IN,Allen,Fort Wayne
46859,41.070893,-85.164844,IN,Allen,Fort Wayne
46860,41.071141,-85.162544,IN,Allen,Fort Wayne
46861,41.069251,-85.163346,IN,Allen,Fort Wayne
46862,41.06897,-85.167855,IN,Allen,Fort Wayne
46863,41.069243,-85.167029,IN,Allen,Fort Wayne
46864,41.067693,-85.166366,IN,Allen,Fort Wayne
46865,41.065607,-85.166533,IN,Allen,Fort Wayne
46866,41.070946,-85.163819,IN,Allen,Fort Wayne
46867,41.069068,-85.165857,IN,Allen,Fort Wayne
46868,41.069873,-85.166649,IN,Allen,Fort Wayne
46869,41.068482,-85.169351,IN,Allen,Fort Wayne
46885,41.135863,-85.033678,IN,Allen,Fort Wayne
46895,41.104804,-85.116922,IN,Allen,Fort Wayne
46896,41.00772,-85.069323,IN,Allen,Fort Wayne
46897,41.069224,-85.161465,IN,Allen,Business Reply
46897,41.069224,-85.161465,IN,Allen,Fort Wayne
46898,41.197539,-85.3053,IN,Allen,Fort Wayne
46899,40.998617,-85.234375,IN,Allen,Fort Wayne
46901,40.490485,-86.147278,IN,Howard,Kokomo
46902,40.455097,-86.134088,IN,Howard,Kokomo
46903,40.475045,-86.13183,IN,Howard,Kokomo
46904,40.659213,-86.239543,IN,Howard,Kokomo
46910,41.039604,-86.030494,IN,Fulton,Akron
46911,40.615509,-85.942896,IN,Miami,Amboy
46912,41.055062,-86.125399,IN,Fulton,Athens
46913,40.513551,-86.527197,IN,Carroll,Bringhurst
46914,40.658549,-86.099518,IN,Miami,Bunker Hill
46915,40.481653,-86.394991,IN,Carroll,Burlington
46916,40.674828,-86.506016,IN,Carroll,Burrows
46917,40.59828,-86.50068,IN,Carroll,Camden
46917,40.59828,-86.50068,IN,Carroll,Deer Creek
46919,40.578802,-85.869187,IN,Miami,Converse
46920,40.472512,-86.476346,IN,Carroll,Cutler
46921,40.910115,-86.101803,IN,Miami,Deedsville
46922,41.138558,-86.416382,IN,Fulton,Delong
46923,40.589623,-86.669671,IN,Carroll,Delphi
46926,40.891935,-86.050254,IN,Miami,Chili
46926,40.891935,-86.050254,IN,Miami,Denver
46928,40.416231,-85.644682,IN,Grant,Fairmount
46929,40.545171,-86.523488,IN,Carroll,Flora
46930,40.409777,-85.571366,IN,Grant,Fowlerton
46931,40.948398,-86.265871,IN,Fulton,Fulton
46932,40.576797,-86.195393,IN,Cass,Galveston
46933,40.487084,-85.603074,IN,Grant,Gas City
46935,41.018611,-86.413333,IN,Fulton,Grass Creek
46935,41.018611,-86.413333,IN,Fulton,Kewanna
46936,40.476073,-85.970909,IN,Howard,Greentown
46937,40.419095,-86.040352,IN,Howard,Hemlock
46938,40.4759,-85.623772,IN,Grant,Jonesboro
46939,40.990318,-86.398743,IN,Fulton,Kewanna
46940,40.674047,-85.721014,IN,Wabash,La Fontaine
46941,40.838011,-85.728898,IN,Wabash,Lagro
46942,40.764992,-86.53928,IN,Cass,Lake Cicott
46943,40.973045,-85.837383,IN,Wabash,Laketon
46945,41.121701,-86.384808,IN,Fulton,Leiters Ford
46946,41.030681,-85.73758,IN,Wabash,Liberty Mills
46947,40.789744,-86.408796,IN,Cass,Logansport
46950,40.86747,-86.413408,IN,Cass,Lucerne
46951,40.96878,-86.1264,IN,Miami,Macy
46951,40.96878,-86.1264,IN,Miami,Nyona Lake
46952,40.573842,-85.666492,IN,Grant,Marion
46953,40.532775,-85.658755,IN,Grant,Marion
46957,40.388702,-85.495675,IN,Grant,Matthews
46958,40.824343,-86.115164,IN,Miami,Mexico
46959,40.613903,-86.108163,IN,Miami,Miami
46960,41.127883,-86.524856,IN,Pulaski,Monterey
46961,40.764026,-86.194231,IN,Cass,New Waverly
46962,41.003793,-85.773443,IN,Wabash,N Manchester
46962,41.003793,-85.773443,IN,Wabash,North Manchester
46965,40.416518,-86.102449,IN,Howard,Oakford
46967,40.69494,-86.196524,IN,Cass,Onward
46968,41.174795,-86.556486,IN,Starke,Ora
46970,40.753609,-86.073812,IN,Miami,Peru
46971,40.673495,-86.158752,IN,Miami,Grissom A R B
46971,40.673495,-86.158752,IN,Miami,Grissom Air Reserve Base
46971,40.673495,-86.158752,IN,Miami,Grissom ARB
46971,40.673495,-86.158752,IN,Miami,Peru
46974,40.909342,-85.923516,IN,Wabash,Roann
46975,41.061041,-86.208192,IN,Fulton,Rochester
46977,40.641473,-86.573302,IN,Carroll,Rockfield
46978,40.857298,-86.491253,IN,Cass,Royal Center
46979,40.424335,-86.26471,IN,Howard,Russiaville
46980,40.95508,-85.739339,IN,Wabash,Servia
46982,41.073022,-85.888777,IN,Kosciusko,Silver Lake
46984,40.668252,-85.828011,IN,Wabash,Somerset
46985,40.957243,-86.526445,IN,Pulaski,Star City
46986,40.508776,-85.82007,IN,Grant,Sims
46986,40.508776,-85.82007,IN,Grant,Swayzee
46987,40.569508,-85.766779,IN,Grant,Sweetser
46988,40.858248,-86.204585,IN,Cass,12 Mile
46988,40.858248,-86.204585,IN,Cass,Twelve Mile
46989,40.469833,-85.504988,IN,Grant,Upland
46990,40.901903,-85.7198,IN,Wabash,Urbana
46991,40.62636,-85.49544,IN,Grant,Landess
46991,40.62636,-85.49544,IN,Grant,Van Buren
46992,40.803388,-85.82682,IN,Wabash,Wabash
46994,40.660177,-86.24273,IN,Cass,Walton
46995,40.439485,-86.217646,IN,Howard,W Middleton
46995,40.439485,-86.217646,IN,Howard,West Middleton
46996,41.054144,-86.603068,IN,Pulaski,Denham
46996,41.054144,-86.603068,IN,Pulaski,Winamac
46998,40.568911,-86.352814,IN,Cass,Young America
47001,39.09486,-84.9819,IN,Dearborn,Aurora
47003,39.504861,-84.86062,IN,Union,W College Cor
47003,39.504861,-84.86062,IN,Union,West College Corner
47006,39.328406,-85.199126,IN,Ripley,Batesville
47006,39.328406,-85.199126,IN,Ripley,Cross Roads
47006,39.328406,-85.199126,IN,Ripley,Huntersville
47006,39.328406,-85.199126,IN,Ripley,West Brook Acres
47010,39.489557,-84.837882,IN,Franklin,Bath
47011,38.872783,-85.080787,IN,Switzerland,Bennington
47012,39.41604,-84.98118,IN,Franklin,Brookville
47016,39.368843,-84.909376,IN,Franklin,Cedar Grove
47017,38.946441,-85.221148,IN,Ripley,Cross Plains
47018,38.96742,-85.05186,IN,Dearborn,Dillsboro
47018,38.96742,-85.05186,IN,Dearborn,Elrod
47018,38.96742,-85.05186,IN,Dearborn,Farmers Retreat
47019,38.872221,-84.98891,IN,Switzerland,E Enterprise
47019,38.872221,-84.98891,IN,Switzerland,East Enterprise
47020,38.820823,-84.93501,IN,Switzerland,Florence
47021,39.119473,-85.207959,IN,Ripley,Friendship
47022,39.206304,-84.952322,IN,Dearborn,Dover
47022,39.206304,-84.952322,IN,Dearborn,Guilford
47022,39.206304,-84.952322,IN,Dearborn,New Alsace
47023,39.021348,-85.387979,IN,Ripley,Dabney
47023,39.021348,-85.387979,IN,Ripley,Holton
47023,39.021348,-85.387979,IN,Ripley,New Marion
47024,39.477157,-85.195131,IN,Franklin,Andersonville
47024,39.477157,-85.195131,IN,Franklin,Buena Vista
47024,39.477157,-85.195131,IN,Franklin,Laurel
47025,39.15246,-84.88728,IN,Dearborn,Greendale
47025,39.15246,-84.88728,IN,Dearborn,Lawrenceburg
47030,39.425219,-85.136486,IN,Franklin,Metamora
47031,39.162406,-85.140847,IN,Ripley,Milan
47032,39.077097,-85.051934,IN,Dearborn,Moores Hill
47033,39.287744,-85.196501,IN,Ripley,Morris
47034,39.204178,-85.329689,IN,Ripley,Napoleon
47035,39.312024,-84.900887,IN,Franklin,New Trenton
47036,39.379006,-85.240938,IN,Franklin,Oldenburg
47037,39.126913,-85.29363,IN,Ripley,Osgood
47038,38.835094,-84.844731,IN,Switzerland,Patriot
47039,39.112806,-85.221521,IN,Ripley,Pierceville
47040,38.949548,-84.857658,IN,Ohio,Rising Sun
47041,39.25422,-85.06746,IN,Ripley,Blue Creek
47041,39.25422,-85.06746,IN,Ripley,Hubbells Corner
47041,39.25422,-85.06746,IN,Ripley,Lawrenceville
47041,39.25422,-85.06746,IN,Ripley,Penntown
47041,39.25422,-85.06746,IN,Ripley,Sunman
47041,39.25422,-85.06746,IN,Ripley,Weisburg
47042,39.068723,-85.255691,IN,Ripley,Versailles
47043,38.750187,-85.066805,IN,Switzerland,Braytown
47043,38.750187,-85.066805,IN,Switzerland,Vevay
47060,39.288941,-84.865533,IN,Dearborn,W Harrison
47060,39.288941,-84.865533,IN,Dearborn,West Harrison
47102,38.743476,-85.80459,IN,Scott,Austin
47104,38.539827,-85.422262,IN,Clark,Bethlehem
47106,38.454142,-85.870973,IN,Clark,Borden
47106,38.454142,-85.870973,IN,Clark,Starlight
47107,38.36703,-86.063767,IN,Harrison,Bradford
47108,38.65,-86.26,IN,Washington,Campbellsburg
47108,38.65,-86.26,IN,Washington,Livonia
47110,38.091924,-86.161324,IN,Harrison,Central
47111,38.457512,-85.653758,IN,Clark,Charlestown
47112,38.207724,-86.127597,IN,Harrison,Corydon
47114,38.28932,-86.073487,IN,Harrison,Crandall
47115,38.336211,-86.27019,IN,Harrison,Depauw
47116,38.319039,-86.618917,IN,Crawford,Eckerty
47117,38.115905,-86.055376,IN,Harrison,Elizabeth
47117,38.115905,-86.055376,IN,Harrison,Rosewood
47118,38.333768,-86.461871,IN,Crawford,English
47118,38.333768,-86.461871,IN,Crawford,Sulphur
47119,38.3562,-85.90476,IN,Floyd,Floyds Knobs
47119,38.3562,-85.90476,IN,Floyd,Galena
47119,38.3562,-85.90476,IN,Floyd,Navilleton
47120,38.43313,-86.18997,IN,Washington,Fredericksbrg
47120,38.43313,-86.18997,IN,Washington,Fredericksburg
47122,38.305393,-85.952952,IN,Floyd,Georgetown
47123,38.285702,-86.472108,IN,Crawford,Grantsburg
47124,38.374078,-85.992416,IN,Floyd,Greenville
47125,38.466102,-86.323493,IN,Washington,Hardinsburg
47125,38.466102,-86.323493,IN,Washington,Rego
47125,38.466102,-86.323493,IN,Washington,Valeene
47126,38.539614,-85.773039,IN,Clark,Henryville
47129,38.316146,-85.769135,IN,Clark,Cementville
47129,38.316146,-85.769135,IN,Clark,Clarksville
47129,38.316146,-85.769135,IN,Clark,Jeff
47129,38.316146,-85.769135,IN,Clark,Jeffersonville
47129,38.316146,-85.769135,IN,Clark,Jeffersonvlle
47130,38.300223,-85.733457,IN,Clark,Cementville
47130,38.300223,-85.733457,IN,Clark,Jeff
47130,38.300223,-85.733457,IN,Clark,Jeffersonville
47130,38.300223,-85.733457,IN,Clark,Jeffersonvlle
47130,38.300223,-85.733457,IN,Clark,Utica
47130,38.300223,-85.733457,IN,Clark,Watson
47131,38.338659,-85.705189,IN,Clark,Clarksville
47131,38.338659,-85.705189,IN,Clark,Jeffersonville
47131,38.338659,-85.705189,IN,Clark,Jeffersonvlle
47132,38.287784,-85.731015,IN,Clark,Bureau of the Census
47132,38.287784,-85.731015,IN,Clark,Jeffersonville
47132,38.287784,-85.731015,IN,Clark,Jeffersonvlle
47133,38.287708,-85.73618,IN,Clark,Bureau of the Census
47133,38.287708,-85.73618,IN,Clark,Jeffersonville
47133,38.287708,-85.73618,IN,Clark,Jeffersonvlle
47134,38.285868,-85.732024,IN,Clark,Bureau of the Census
47134,38.285868,-85.732024,IN,Clark,Jeffersonville
47134,38.285868,-85.732024,IN,Clark,Jeffersonvlle
47135,38.03976,-86.074463,IN,Harrison,Laconia
47136,38.242776,-85.930962,IN,Harrison,Lanesville
47137,38.209645,-86.365045,IN,Crawford,Alton
47137,38.209645,-86.365045,IN,Crawford,Carefree
47137,38.209645,-86.365045,IN,Crawford,Fredonia
47137,38.209645,-86.365045,IN,Crawford,Leavenworth
47138,38.712755,-85.655231,IN,Scott,Blocher
47138,38.712755,-85.655231,IN,Scott,Lexington
47139,38.701358,-85.90582,IN,Washington,Little York
47140,38.383335,-86.38451,IN,Crawford,Hogtown
47140,38.383335,-86.38451,IN,Crawford,Marengo
47141,38.550638,-85.597956,IN,Clark,Marysville
47142,38.092395,-86.191402,IN,Harrison,Mauckport
47143,38.471919,-85.766289,IN,Clark,Memphis
47144,38.33273,-85.7084,IN,Clark,Agricultural Census
47144,38.33273,-85.7084,IN,Clark,Jeffersonville
47144,38.33273,-85.7084,IN,Clark,Jeffersonvlle
47145,38.343123,-86.265723,IN,Crawford,Milltown
47146,38.318232,-85.911798,IN,Floyd,Mount Saint Francis
47146,38.318232,-85.911798,IN,Floyd,Mt St Francis
47147,38.581248,-85.535514,IN,Clark,Nabb
47150,38.307855,-85.826843,IN,Floyd,New Albany
47151,38.287601,-85.825632,IN,Floyd,New Albany
47160,38.138492,-86.054477,IN,Harrison,New Middletown
47160,38.138492,-86.054477,IN,Harrison,New Middletwn
47161,38.302477,-86.097081,IN,Harrison,New Salisbury
47162,38.545267,-85.478896,IN,Clark,New Washingtn
47162,38.545267,-85.478896,IN,Clark,New Washington
47163,38.543218,-85.662713,IN,Clark,Otisco
47164,38.406478,-86.089859,IN,Harrison,Palmyra
47165,38.397297,-85.994776,IN,Washington,Pekin
47166,38.33852,-86.136754,IN,Harrison,Ramsey
47167,38.605089,-86.098301,IN,Washington,Salem
47170,38.68501,-85.777663,IN,Scott,Scottsburg
47172,38.392719,-85.760504,IN,Clark,Sellersburg
47172,38.392719,-85.760504,IN,Clark,Speed
47174,38.22289,-86.49147,IN,Crawford,Sulphur
47175,38.347872,-86.538762,IN,Crawford,Taswell
47177,38.51516,-85.760406,IN,Scott,Underwood
47190,38.2792,-85.7227,IN,Clark,Bureau of Census Decennial
47190,38.2792,-85.7227,IN,Clark,Jeffersonville
47190,38.2792,-85.7227,IN,Clark,Jeffersonvlle
47199,38.285992,-85.732879,IN,Clark,Bureau of Census Decennial
47199,38.285992,-85.732879,IN,Clark,Jeffersonville
