61111,42.3281,-89.026827,IL,Winnebago,Machesney Park
61111,42.3281,-89.026827,IL,Winnebago,Machesney Pk
61112,42.237664,-88.978952,IL,Winnebago,Rockford
61114,42.307574,-89.013353,IL,Winnebago,Rockford
61115,42.354402,-89.04013,IL,Winnebago,Loves Park
61115,42.354402,-89.04013,IL,Winnebago,Machesney Park
61115,42.354402,-89.04013,IL,Winnebago,Machesney Pk
61125,42.237359,-89.012382,IL,Winnebago,Rockford
61126,42.253632,-89.017952,IL,Winnebago,Rockford
61130,42.325927,-89.003941,IL,Winnebago,Loves Park
61131,42.351915,-88.995909,IL,Winnebago,Loves Park
61132,42.352184,-88.996195,IL,Winnebago,Loves Park
61201,41.487481,-90.569937,IL,Rock Island,Rock Island
61204,41.490736,-90.569725,IL,Rock Island,Rock Island
61230,41.766402,-90.214367,IL,Whiteside,Albany
61230,41.766402,-90.214367,IL,Whiteside,Ceffco
61231,41.202727,-90.754088,IL,Mercer,Aledo
61231,41.202727,-90.754088,IL,Mercer,Hamlet
61231,41.202727,-90.754088,IL,Mercer,Mercer
61231,41.202727,-90.754088,IL,Mercer,Ohio Grove
61231,41.202727,-90.754088,IL,Mercer,Old Gilchrist
61231,41.202727,-90.754088,IL,Mercer,Shale City
61231,41.202727,-90.754088,IL,Mercer,Sunbeam
61231,41.202727,-90.754088,IL,Mercer,Wanlock
61232,41.436997,-90.72514,IL,Rock Island,Andalusia
61233,41.294778,-90.288072,IL,Henry,Andover
61234,41.397338,-89.909448,IL,Henry,Annawan
61235,41.417664,-90.016623,IL,Henry,Alba
61235,41.417664,-90.016623,IL,Henry,Atkinson
61235,41.417664,-90.016623,IL,Henry,Cornwall
61236,41.51689,-90.371243,IL,Rock Island,Barstow
61237,41.384604,-90.911022,IL,Rock Island,Buffalo Pr
61237,41.384604,-90.911022,IL,Rock Island,Buffalo Prairie
61238,41.305313,-90.190486,IL,Henry,Cambridge
61238,41.305313,-90.190486,IL,Henry,Munson
61238,41.305313,-90.190486,IL,Henry,Ulah
61238,41.305313,-90.190486,IL,Henry,Weller
61239,41.494663,-90.390578,IL,Rock Island,Carbon Cliff
61240,41.41044,-90.47592,IL,Rock Island,Coal Valley
61241,41.481385,-90.329909,IL,Henry,Cleveland
61241,41.481385,-90.329909,IL,Henry,Colona
61241,41.481385,-90.329909,IL,Henry,Green Rock
61242,41.687319,-90.292709,IL,Rock Island,Cordova
61243,41.618286,-89.681883,IL,Whiteside,Deer Grove
61244,41.510378,-90.418471,IL,Rock Island,Babcock
61244,41.510378,-90.418471,IL,Rock Island,Campbells Island
61244,41.510378,-90.418471,IL,Rock Island,E Moline
61244,41.510378,-90.418471,IL,Rock Island,East Moline
61244,41.510378,-90.418471,IL,Rock Island,Meersman
61244,41.510378,-90.418471,IL,Rock Island,Merry Oaks
61244,41.510378,-90.418471,IL,Rock Island,South Moline
61244,41.510378,-90.418471,IL,Rock Island,Watertown
61244,41.510378,-90.418471,IL,Rock Island,Whites Addition
61250,41.670529,-90.096703,IL,Whiteside,Erie
61251,41.729808,-90.072365,IL,Whiteside,Fenton
61252,41.855867,-90.142898,IL,Whiteside,East Clinton
61252,41.855867,-90.142898,IL,Whiteside,East Fulton
61252,41.855867,-90.142898,IL,Whiteside,Fulton
61252,41.855867,-90.142898,IL,Whiteside,Garden Plain
61254,41.457579,-90.163141,IL,Henry,Geneseo
61254,41.457579,-90.163141,IL,Henry,Hanna
61256,41.55312,-90.40592,IL,Rock Island,Hampton
61257,41.59608,-90.2307,IL,Rock Island,Hillsdale
61258,41.524393,-89.911984,IL,Henry,Hooppole
61259,41.380938,-90.89723,IL,Rock Island,Illinois City
61260,41.19659,-90.881652,IL,Mercer,Joy
61261,41.72556,-89.915984,IL,Whiteside,Lyndon
61262,41.28702,-90.33252,IL,Henry,Lynn
61262,41.28702,-90.33252,IL,Henry,Lynn Center
61262,41.28702,-90.33252,IL,Henry,Swedona
61263,41.27508,-90.60939,IL,Mercer,Matherville
61264,41.4039,-90.57768,IL,Rock Island,Milan
61265,41.491529,-90.495895,IL,Rock Island,Moline
61265,41.491529,-90.495895,IL,Rock Island,Quad City Airport
61266,41.505858,-90.51407,IL,Rock Island,Moline
61270,41.821788,-89.965907,IL,Whiteside,Clyde
61270,41.821788,-89.965907,IL,Whiteside,Genesee
61270,41.821788,-89.965907,IL,Whiteside,Malvern
61270,41.821788,-89.965907,IL,Whiteside,Morrison
61270,41.821788,-89.965907,IL,Whiteside,Round Grove
61270,41.821788,-89.965907,IL,Whiteside,Union Grove
61270,41.821788,-89.965907,IL,Whiteside,Ustick
61272,41.20014,-90.99168,IL,Mercer,Eliza
61272,41.20014,-90.99168,IL,Mercer,New Boston
61273,41.36688,-90.43314,IL,Henry,Orion
61273,41.36688,-90.43314,IL,Henry,Sunny Hill
61273,41.36688,-90.43314,IL,Henry,Sunny Hill Estates
61273,41.36688,-90.43314,IL,Henry,Warner
61273,41.36688,-90.43314,IL,Henry,Western
61274,41.368894,-90.26059,IL,Henry,Osco
61275,41.598088,-90.31711,IL,Rock Island,Byron Hills
61275,41.598088,-90.31711,IL,Rock Island,Coe
61275,41.598088,-90.31711,IL,Rock Island,Mobet Meadows
61275,41.598088,-90.31711,IL,Rock Island,Port Byron
61276,41.275943,-90.608721,IL,Mercer,Preemption
61277,41.657855,-89.920163,IL,Whiteside,Brookhaven
61277,41.657855,-89.920163,IL,Whiteside,Leon Corners
61277,41.657855,-89.920163,IL,Whiteside,Portland
61277,41.657855,-89.920163,IL,Whiteside,Portland Corners
61277,41.657855,-89.920163,IL,Whiteside,Prophetstown
61277,41.657855,-89.920163,IL,Whiteside,Wethersfield
61278,41.579534,-90.349147,IL,Rock Island,Rapids City
61279,41.342093,-90.705564,IL,Rock Island,Marston
61279,41.342093,-90.705564,IL,Rock Island,Perryton
61279,41.342093,-90.705564,IL,Rock Island,Reynolds
61281,41.312272,-90.493734,IL,Mercer,Boden
61281,41.312272,-90.493734,IL,Mercer,Cable
61281,41.312272,-90.493734,IL,Mercer,Richland Grove
61281,41.312272,-90.493734,IL,Mercer,Sherrard
61282,41.500274,-90.416164,IL,Rock Island,Silvis
61283,41.637702,-89.784655,IL,Whiteside,Hahnaman
61283,41.637702,-89.784655,IL,Whiteside,Tampico
61283,41.637702,-89.784655,IL,Whiteside,Thomas
61284,41.38938,-90.72516,IL,Rock Island,Edgington
61284,41.38938,-90.72516,IL,Rock Island,Taylor Ridge
61285,41.962948,-90.103044,IL,Carroll,Thompson
61285,41.962948,-90.103044,IL,Carroll,Thomson
61299,41.517464,-90.531148,IL,Rock Island,Rock Island
61299,41.517464,-90.531148,IL,Rock Island,Rock Island Arsonal
61301,41.35563,-89.094865,IL,La Salle,Dimmick
61301,41.35563,-89.094865,IL,La Salle,La Salle
61301,41.35563,-89.094865,IL,La Salle,Rockwell
61301,41.35563,-89.094865,IL,La Salle,Tomahawk Bluff
61310,41.704186,-89.342017,IL,Lee,Amboy
61310,41.704186,-89.342017,IL,Lee,Binghampton
61310,41.704186,-89.342017,IL,Lee,Maytown
61310,41.704186,-89.342017,IL,Lee,Shaws
61311,41.05098,-88.930999,IL,Livingston,Ancona
61311,41.05098,-88.930999,IL,Livingston,Reading
61312,41.451376,-89.221462,IL,Bureau,Arlington
61313,41.063846,-88.642597,IL,Livingston,Blackstone
61313,41.063846,-88.642597,IL,Livingston,Sunbury
61314,41.325459,-89.680873,IL,Bureau,Buda
61315,41.286868,-89.369862,IL,Bureau,Bureau
61315,41.286868,-89.369862,IL,Bureau,Bureau Junction
61316,41.261982,-89.126798,IL,La Salle,Cedar Point
61317,41.427679,-89.210064,IL,Bureau,Cherry
61318,41.699592,-89.081857,IL,Lee,Compton
61318,41.699592,-89.081857,IL,Lee,The Burg
61319,40.989667,-88.729988,IL,Livingston,Cornell
61319,40.989667,-88.729988,IL,Livingston,Manville
61320,41.35891,-89.17708,IL,Bureau,Dalzell
61321,40.979794,-88.965342,IL,La Salle,Dana
61322,41.325484,-89.303078,IL,Bureau,De Pue
61322,41.325484,-89.303078,IL,Bureau,Depue
61322,41.325484,-89.303078,IL,Bureau,Depue Junction
61322,41.325484,-89.303078,IL,Bureau,Howe
61323,41.363716,-89.39857,IL,Bureau,Dover
61324,41.771678,-89.413115,IL,Lee,Eldena
61325,41.22942,-88.79082,IL,La Salle,Farm Ridge
61325,41.22942,-88.79082,IL,La Salle,Grand Ridge
61326,41.262196,-89.232755,IL,Putnam,Granville
61327,41.252075,-89.337202,IL,Putnam,Florid
61327,41.252075,-89.337202,IL,Putnam,Hennepin
61328,41.507221,-89.465243,IL,Bureau,Kasbeer
61329,41.378377,-89.217491,IL,Bureau,Ladd
61329,41.378377,-89.217491,IL,Bureau,Ladd Junction
61330,41.530997,-89.280508,IL,Bureau,La Moille
61331,41.748893,-89.27534,IL,Lee,Lee Center
61332,41.191149,-88.982226,IL,La Salle,Leonore
61333,41.003788,-88.89531,IL,Livingston,Long Point
61334,41.141825,-89.08067,IL,La Salle,Lostant
61334,41.141825,-89.08067,IL,La Salle,Mount Palatine
61335,41.177164,-89.208757,IL,Putnam,Mc Nabb
61335,41.177164,-89.208757,IL,Putnam,McNabb
61336,41.122586,-89.24964,IL,Putnam,Lake Wildwood
61336,41.122586,-89.24964,IL,Putnam,Magnolia
61337,41.425406,-89.368028,IL,Bureau,Malden
61337,41.425406,-89.368028,IL,Bureau,Zearing
61338,41.455833,-89.66786,IL,Bureau,Manlius
61340,41.263937,-89.24768,IL,Putnam,Mark
61341,41.330121,-88.70834,IL,La Salle,Danway
61341,41.330121,-88.70834,IL,La Salle,Marseilles
61342,41.540805,-89.106262,IL,La Salle,Mendota
61342,41.540805,-89.106262,IL,La Salle,Meriden
61344,41.383083,-89.840185,IL,Bureau,Mineral
61345,41.30107,-89.795298,IL,Bureau,Neponset
61346,41.537255,-89.755983,IL,Bureau,New Bedford
61348,41.291493,-89.048588,IL,La Salle,Jonesville
61348,41.291493,-89.048588,IL,La Salle,Oglesby
61348,41.291493,-89.048588,IL,La Salle,Piety Hill
61349,41.602605,-89.452512,IL,Bureau,Limerick
61349,41.602605,-89.452512,IL,Bureau,Ohio
61350,41.333611,-88.878056,IL,La Salle,Brickton
61350,41.333611,-88.878056,IL,La Salle,Dayton
61350,41.333611,-88.878056,IL,La Salle,Naplate
61350,41.333611,-88.878056,IL,La Salle,North Ottawa
61350,41.333611,-88.878056,IL,La Salle,Ottawa
61350,41.333611,-88.878056,IL,La Salle,Prairie Center
61350,41.333611,-88.878056,IL,La Salle,Stoneyville
61350,41.333611,-88.878056,IL,La Salle,Woodland Addition
61353,41.691444,-88.994013,IL,Lee,Paw Paw
61354,41.333179,-89.12888,IL,La Salle,Peru
61356,41.371332,-89.463511,IL,Bureau,Coal Hollow
61356,41.371332,-89.463511,IL,Bureau,Hollowayville
61356,41.371332,-89.463511,IL,Bureau,Princeton
61358,40.98361,-89.03766,IL,La Salle,Rutland
61359,41.362889,-89.276334,IL,Bureau,Seatonville
61360,41.329446,-88.610406,IL,La Salle,Seneca
61360,41.329446,-88.610406,IL,La Salle,Stavanger
61361,41.354486,-89.738058,IL,Bureau,Sheffield
61362,41.329992,-89.220913,IL,Bureau,Ottoville
61362,41.329992,-89.220913,IL,Bureau,Spring Valley
61362,41.329992,-89.220913,IL,Bureau,Webster Park
61363,41.257659,-89.177782,IL,Putnam,Standard
61364,41.17326,-88.82256,IL,La Salle,Kangley
61364,41.17326,-88.82256,IL,La Salle,Kernan
61364,41.17326,-88.82256,IL,La Salle,Missal
61364,41.17326,-88.82256,IL,La Salle,Munster
61364,41.17326,-88.82256,IL,La Salle,South Streator
61364,41.17326,-88.82256,IL,La Salle,Streator
61364,41.17326,-88.82256,IL,La Salle,Streator East
61364,41.17326,-88.82256,IL,La Salle,Streator West
61367,41.627163,-89.256614,IL,Lee,Sublette
61368,41.293034,-89.507464,IL,Bureau,Lone Tree
61368,41.293034,-89.507464,IL,Bureau,Providence
61368,41.293034,-89.507464,IL,Bureau,Tiskilwa
61369,41.004179,-89.126813,IL,Marshall,Pattonsburg
61369,41.004179,-89.126813,IL,Marshall,Toluca
61370,41.22882,-89.11086,IL,La Salle,Lowell
61370,41.22882,-89.11086,IL,La Salle,Tonica
61370,41.22882,-89.11086,IL,La Salle,Vermilionville
61371,41.498164,-89.024348,IL,La Salle,Triumph
61372,41.467466,-89.082529,IL,La Salle,Troy Grove
61373,41.38694,-88.997371,IL,La Salle,North Utica
61373,41.38694,-88.997371,IL,La Salle,Utica
61374,41.550875,-89.35517,IL,Bureau,Van Orin
61375,41.064923,-89.26046,IL,Marshall,Varna
61376,41.534821,-89.602442,IL,Bureau,Normandy
61376,41.534821,-89.602442,IL,Bureau,Walnut
61377,41.051074,-89.052018,IL,Marshall,East Wenona
61377,41.051074,-89.052018,IL,Marshall,Evans
61377,41.051074,-89.052018,IL,Marshall,Garfield
61377,41.051074,-89.052018,IL,Marshall,Leeds
61377,41.051074,-89.052018,IL,Marshall,Wenona
61378,41.719636,-89.16341,IL,Lee,West Brooklyn
61379,41.363337,-89.578893,IL,Bureau,Wyanet
61401,40.949094,-90.36929,IL,Knox,Galesburg
61401,40.949094,-90.36929,IL,Knox,Henderson Grove
61402,40.948927,-90.368798,IL,Knox,Galesburg
61410,40.802476,-90.401919,IL,Knox,Abingdon
61411,40.294685,-90.423851,IL,McDonough,Adair
61412,41.064856,-90.557525,IL,Mercer,Alexis
61412,41.064856,-90.557525,IL,Mercer,Shanghai City
61413,41.190339,-90.374656,IL,Henry,Alpha
61414,41.114661,-90.162252,IL,Knox,Altona
61415,40.66024,-90.433285,IL,Fulton,Avon
61415,40.66024,-90.433285,IL,Fulton,Check Row
61415,40.66024,-90.433285,IL,Fulton,Greenbush
61416,40.497945,-90.565639,IL,McDonough,Bardolph
61417,40.762909,-90.501186,IL,Warren,Berwick
61418,40.853434,-90.856874,IL,Henderson,Biggsville
61419,41.199134,-90.116322,IL,Henry,Bishop Hill
61420,40.556556,-90.829213,IL,McDonough,Blandinsville
61421,41.177575,-89.653011,IL,Stark,Bradford
61421,41.177575,-89.653011,IL,Stark,Broadmoor
61421,41.177575,-89.653011,IL,Stark,Lombardville
61421,41.177575,-89.653011,IL,Stark,Milo
61421,41.177575,-89.653011,IL,Stark,Osceola
61422,40.553035,-90.508826,IL,McDonough,Bushnell
61423,40.88056,-90.498553,IL,Warren,Cameron
61424,41.078897,-89.632291,IL,Marshall,Camp Grove
61425,40.764786,-91.060793,IL,Henderson,Carman
61425,40.764786,-91.060793,IL,Henderson,Carthage Lake
61425,40.764786,-91.060793,IL,Henderson,Gulfport
61425,40.764786,-91.060793,IL,Henderson,Shokokon
61426,41.117801,-89.706054,IL,Stark,Castleton
61427,40.493831,-90.196232,IL,Fulton,Cuba
61428,40.963678,-90.139944,IL,Knox,Appleton
61428,40.963678,-90.139944,IL,Knox,Dahinda
61428,40.963678,-90.139944,IL,Knox,Oak Run
61430,40.948243,-90.312728,IL,Knox,Columbia Heights
61430,40.948243,-90.312728,IL,Knox,E Galesburg
61430,40.948243,-90.312728,IL,Knox,East Galesburg
61431,40.601583,-90.281616,IL,Fulton,Ellisville
61432,40.632317,-90.164403,IL,Fulton,Fairview
61432,40.632317,-90.164403,IL,Fulton,Joshua
61433,40.580115,-90.156551,IL,Fulton,Fiatt
61434,41.168134,-90.041316,IL,Henry,Galva
61435,41.000364,-90.61354,IL,Warren,Gerlaw
61436,40.875827,-90.156586,IL,Knox,Delong
61436,40.875827,-90.156586,IL,Knox,Gilson
61437,40.846849,-90.982709,IL,Henderson,Gladstone
61438,40.55639,-90.67136,IL,McDonough,Good Hope
61439,41.02427,-90.356495,IL,Knox,Henderson
61440,40.325478,-90.604881,IL,McDonough,Industry
61441,40.365743,-90.275106,IL,Fulton,Bernadotte
61441,40.365743,-90.275106,IL,Fulton,Ipava
61442,41.096626,-90.936722,IL,Mercer,Keithsburg
61443,41.240215,-89.930304,IL,Henry,Kewanee
61447,40.868978,-90.754051,IL,Warren,Kirkwood
61447,40.868978,-90.754051,IL,Warren,Rozetta
61447,40.868978,-90.754051,IL,Warren,Tompkins
61448,40.906224,-90.279802,IL,Knox,Knoxville
61449,41.110846,-89.970143,IL,Stark,La Fayette
61450,40.584041,-90.968298,IL,Hancock,La Crosse
61450,40.584041,-90.968298,IL,Hancock,La Harpe
61451,40.944652,-89.961612,IL,Peoria,Elmore
61451,40.944652,-89.961612,IL,Peoria,Laura
61452,40.240692,-90.619987,IL,Schuyler,Doddsville
61452,40.240692,-90.619987,IL,Schuyler,Littleton
61453,41.009373,-90.745049,IL,Warren,Eleanor
61453,41.009373,-90.745049,IL,Warren,Little York
61454,40.679418,-91.010819,IL,Henderson,Lomax
61455,40.457219,-90.674006,IL,McDonough,Macomb
61458,40.794691,-90.166255,IL,Knox,Hermon
61458,40.794691,-90.166255,IL,Knox,Maquon
61459,40.496541,-90.393466,IL,Fulton,Marietta
61459,40.496541,-90.393466,IL,Fulton,New Philadelphia
61460,40.770156,-90.851521,IL,Henderson,Media
61462,40.855,-90.613056,IL,Warren,Larchland
61462,40.855,-90.613056,IL,Warren,Monmouth
61462,40.855,-90.613056,IL,Warren,Ormonde
61465,41.20139,-90.439906,IL,Mercer,New Windsor
61466,41.105464,-90.476855,IL,Mercer,N Henderson
61466,41.105464,-90.476855,IL,Mercer,North Henderson
61467,41.074033,-90.227297,IL,Knox,Oneida
61468,41.252242,-90.382634,IL,Henry,Opheim
61468,41.252242,-90.382634,IL,Henry,Ophiem
61469,40.944763,-90.883365,IL,Henderson,Oquawka
61470,40.606546,-90.501629,IL,McDonough,Prairie City
61470,40.606546,-90.501629,IL,McDonough,Walnut Grove
61471,40.678942,-90.847713,IL,Henderson,Raritan
61472,41.109478,-90.395822,IL,Knox,Rio
61473,40.667778,-90.654722,IL,Warren,Roseville
61473,40.667778,-90.654722,IL,Warren,Swan Creek
61473,40.667778,-90.654722,IL,Warren,Youngstown
61474,40.734471,-90.357068,IL,Knox,Saint Augustine
61474,40.734471,-90.357068,IL,Knox,St Augustine
61475,40.587814,-90.730089,IL,McDonough,Blandinsville
61475,40.587814,-90.730089,IL,McDonough,Sciota
61476,41.100178,-90.797496,IL,Mercer,Seaton
61477,40.495882,-90.287939,IL,Fulton,Blyton
61477,40.495882,-90.287939,IL,Fulton,Seville
61477,40.495882,-90.287939,IL,Fulton,Smithfield
61478,40.722363,-90.727749,IL,Warren,Ellison
61478,40.722363,-90.727749,IL,Warren,Smithshire
61479,41.017323,-89.699335,IL,Stark,Speer
61480,40.746561,-90.908216,IL,Henderson,Decorra
61480,40.746561,-90.908216,IL,Henderson,Hopper
61480,40.746561,-90.908216,IL,Henderson,Olena
61480,40.746561,-90.908216,IL,Henderson,Stronghurst
61482,40.404264,-90.393296,IL,Fulton,Table Grove
61483,41.092649,-89.863127,IL,Stark,Elmira
61483,41.092649,-89.863127,IL,Stark,Goshen
61483,41.092649,-89.863127,IL,Stark,Saxton
61483,41.092649,-89.863127,IL,Stark,Toulon
61483,41.092649,-89.863127,IL,Stark,West Jersey
61484,40.294595,-90.430475,IL,Fulton,Vermont
61485,41.033668,-90.097689,IL,Knox,Victoria
61486,41.204504,-90.587069,IL,Mercer,Viola
61488,41.023137,-90.276172,IL,Knox,Wataga
61489,40.887171,-89.974114,IL,Knox,Williamsfield
61490,41.178623,-90.315302,IL,Henry,Nekoma
61490,41.178623,-90.315302,IL,Henry,Woodhull
61491,41.066868,-89.78896,IL,Stark,Modena
61491,41.066868,-89.78896,IL,Stark,Wyoming
61501,40.227008,-90.353086,IL,Fulton,Astoria
61501,40.227008,-90.353086,IL,Fulton,Summum
61516,40.851271,-89.119521,IL,Woodford,Benson
61517,40.825159,-89.850815,IL,Peoria,Brimfield
61517,40.825159,-89.850815,IL,Peoria,Southport
61519,40.478281,-90.069774,IL,Fulton,Bryant
61520,40.516944,-89.908333,IL,Fulton,Banner
61520,40.516944,-89.908333,IL,Fulton,Breeds
61520,40.516944,-89.908333,IL,Fulton,Brereton
61520,40.516944,-89.908333,IL,Fulton,Canton
61520,40.516944,-89.908333,IL,Fulton,Monterey
61523,40.907358,-89.516204,IL,Peoria,Chillicothe
61523,40.907358,-89.516204,IL,Peoria,Edgewater Terrace
61523,40.907358,-89.516204,IL,Peoria,Galena Knolls
61523,40.907358,-89.516204,IL,Peoria,Holmes Center
61523,40.907358,-89.516204,IL,Peoria,North Hampton
61523,40.907358,-89.516204,IL,Peoria,Renchville
61523,40.907358,-89.516204,IL,Peoria,Rome Heights
61523,40.907358,-89.516204,IL,Peoria,South Rome
61523,40.907358,-89.516204,IL,Peoria,Vets Row
61523,40.907358,-89.516204,IL,Peoria,Vonachen Knolls
61524,40.487157,-90.020667,IL,Fulton,Dunfermline
61525,40.843082,-89.645087,IL,Peoria,Dunlap
61525,40.843082,-89.645087,IL,Peoria,Lake of the Woods
61526,40.9587,-89.58822,IL,Peoria,Edelstein
61526,40.9587,-89.58822,IL,Peoria,Lawn Ridge
61526,40.9587,-89.58822,IL,Peoria,West Hallock
61528,40.79,-89.751111,IL,Peoria,Edwards
61528,40.79,-89.751111,IL,Peoria,Kickapoo
61529,40.778521,-89.950179,IL,Peoria,Cramers
61529,40.778521,-89.950179,IL,Peoria,Elmwood
61529,40.778521,-89.950179,IL,Peoria,Rosefield
61530,40.716571,-89.276742,IL,Woodford,Eureka
61531,40.704444,-90.099444,IL,Fulton,Farmington
61531,40.704444,-90.099444,IL,Fulton,Middlegrove
61532,40.225226,-90.006004,IL,Mason,Bishop
61532,40.225226,-90.006004,IL,Mason,Forest City
61533,40.591944,-89.815159,IL,Peoria,Glasford
61534,40.447032,-89.651245,IL,Tazewell,Green Valley
61535,40.593891,-89.535053,IL,Tazewell,Grand Oaks
61535,40.593891,-89.535053,IL,Tazewell,Groveland
61535,40.593891,-89.535053,IL,Tazewell,Northern Oaks
61535,40.593891,-89.535053,IL,Tazewell,Towne Oaks
61535,40.593891,-89.535053,IL,Tazewell,Whispering Oaks
61536,40.687089,-89.792578,IL,Peoria,Hanna City
61536,40.687089,-89.792578,IL,Peoria,Smithville
61537,41.113512,-89.3617,IL,Marshall,Henry
61537,41.113512,-89.3617,IL,Marshall,Saratoga Center
61539,40.557947,-89.769951,IL,Peoria,Kingston Mine
61539,40.557947,-89.769951,IL,Peoria,Kingston Mines
61540,41.020963,-89.405973,IL,Marshall,Lacon
61541,40.982691,-89.238779,IL,Marshall,Bell Plain
61541,40.982691,-89.238779,IL,Marshall,La Rose
61542,40.405833,-90.034444,IL,Fulton,Lewistown
61542,40.405833,-90.034444,IL,Fulton,Little America
61543,40.425856,-90.035203,IL,Fulton,Liverpool
61544,40.71098,-90.265154,IL,Fulton,London Mills
61544,40.71098,-90.265154,IL,Fulton,Rapatee
61545,40.850278,-89.331944,IL,Woodford,Cazenovia
61545,40.850278,-89.331944,IL,Woodford,Lowpoint
61546,40.421867,-89.77968,IL,Mason,Manito
61546,40.421867,-89.77968,IL,Mason,Parkland
61546,40.421867,-89.77968,IL,Mason,Spring Lake
61546,40.421867,-89.77968,IL,Mason,Talbott
61547,40.613781,-89.743465,IL,Peoria,Lake Camelot
61547,40.613781,-89.743465,IL,Peoria,Lake Lancelot
61547,40.613781,-89.743465,IL,Peoria,Mapleton
61548,40.78848,-89.42718,IL,Woodford,Germantown Hills
61548,40.78848,-89.42718,IL,Woodford,Metamora
61548,40.78848,-89.42718,IL,Woodford,Oak Ridge
61548,40.78848,-89.42718,IL,Woodford,Partridge
61550,40.613787,-89.463814,IL,Tazewell,Field Shopping Center
61550,40.613787,-89.463814,IL,Tazewell,Mayfair
61550,40.613787,-89.463814,IL,Tazewell,Morton
61550,40.613787,-89.463814,IL,Tazewell,Ossami Lake
61552,40.816227,-89.565188,IL,Peoria,Mossville
61553,40.628846,-90.031799,IL,Fulton,Norris
61554,40.56042,-89.6091,IL,Tazewell,Marquette Heights
61554,40.56042,-89.6091,IL,Tazewell,Marquette Hts
61554,40.56042,-89.6091,IL,Tazewell,Midway
61554,40.56042,-89.6091,IL,Tazewell,Normandale
61554,40.56042,-89.6091,IL,Tazewell,North Pekin
61554,40.56042,-89.6091,IL,Tazewell,Pekin
61554,40.56042,-89.6091,IL,Tazewell,Pekin Heights
61554,40.56042,-89.6091,IL,Tazewell,Pekin Mall
61554,40.56042,-89.6091,IL,Tazewell,Schaeferville
61555,40.566754,-89.64293,IL,Tazewell,Pekin
61558,40.567474,-89.638253,IL,Tazewell,Pekin
61558,40.567474,-89.638253,IL,Tazewell,Pekin Ins Co
61559,40.89414,-89.77542,IL,Peoria,Monica
61559,40.89414,-89.77542,IL,Peoria,Princeville
61560,41.203217,-89.441455,IL,Putnam,Lake Thunderbird
61560,41.203217,-89.441455,IL,Putnam,Putnam
61561,40.797589,-89.20035,IL,Woodford,Roanoke
61562,40.880087,-89.503756,IL,Peoria,Rome
61563,40.494712,-90.04675,IL,Fulton,Saint David
61563,40.494712,-90.04675,IL,Fulton,St David
61564,40.493654,-89.656135,IL,Tazewell,South Pekin
61565,40.995506,-89.451602,IL,Marshall,Hopewell
61565,40.995506,-89.451602,IL,Marshall,Hopewell Estates
61565,40.995506,-89.451602,IL,Marshall,Sparland
61567,40.372662,-89.936217,IL,Mason,Goofy Ridge
61567,40.372662,-89.936217,IL,Mason,Topeka
61568,40.525564,-89.488301,IL,Tazewell,Allentown
61568,40.525564,-89.488301,IL,Tazewell,Dillon
61568,40.525564,-89.488301,IL,Tazewell,Tremont
61569,40.674929,-89.900903,IL,Peoria,Trivoli
61570,40.919991,-89.292237,IL,Marshall,Washburn
61570,40.919991,-89.292237,IL,Marshall,Wilbern
61571,40.694863,-89.479364,IL,Tazewell,Beverly Manor
61571,40.694863,-89.479364,IL,Tazewell,Washington
61572,40.785951,-90.046044,IL,Knox,Yates City
61601,40.694012,-89.59085,IL,Peoria,Peoria
61602,40.682781,-89.601876,IL,Peoria,Peoria
61603,40.729594,-89.577784,IL,Peoria,Peoria
61604,40.7,-89.683333,IL,Peoria,Bellevue
61604,40.7,-89.683333,IL,Peoria,Bellview
61604,40.7,-89.683333,IL,Peoria,El Vista
61604,40.7,-89.683333,IL,Peoria,Norwood
61604,40.7,-89.683333,IL,Peoria,Peoria
61604,40.7,-89.683333,IL,Peoria,West Peoria
61605,40.680845,-89.627061,IL,Peoria,Peoria
61606,40.698588,-89.609827,IL,Peoria,Peoria
61607,40.652745,-89.668522,IL,Peoria,Bartonville
61607,40.652745,-89.668522,IL,Peoria,Greater Peoria Airport
61607,40.652745,-89.668522,IL,Peoria,High Meadows
61607,40.652745,-89.668522,IL,Peoria,Hollis
61607,40.652745,-89.668522,IL,Peoria,Mardell Manor
61607,40.652745,-89.668522,IL,Peoria,Orchard Mines
61607,40.652745,-89.668522,IL,Peoria,Peoria
61607,40.652745,-89.668522,IL,Peoria,Tuscarora
61610,40.66011,-89.578136,IL,Tazewell,Creve Coeur
61610,40.66011,-89.578136,IL,Tazewell,Peoria
61611,40.661495,-89.554256,IL,Tazewell,Bayview Garde
61611,40.661495,-89.554256,IL,Tazewell,Bayview Gardens
61611,40.661495,-89.554256,IL,Tazewell,East Peoria
61611,40.661495,-89.554256,IL,Tazewell,Peoria
61611,40.661495,-89.554256,IL,Tazewell,Robein
61611,40.661495,-89.554256,IL,Tazewell,Spring Bay
61612,40.681656,-89.594486,IL,Peoria,Peoria
61613,40.742374,-89.628187,IL,Peoria,Northwoods Shop Ctr
61613,40.742374,-89.628187,IL,Peoria,Peoria
61614,40.746805,-89.575662,IL,Peoria,Peoria
61614,40.746805,-89.575662,IL,Peoria,Pottstown
61615,40.786669,-89.632384,IL,Peoria,Alta
61615,40.786669,-89.632384,IL,Peoria,Peoria
61616,40.75171,-89.600183,IL,Peoria,Peoria
61616,40.75171,-89.600183,IL,Peoria,Peoria Heights
61616,40.75171,-89.600183,IL,Peoria,Peoria Hts
61625,40.845091,-89.582017,IL,Peoria,Bradley Univ
61625,40.845091,-89.582017,IL,Peoria,Peoria
61629,40.692997,-89.593053,IL,Peoria,Caterpillar Inc
61629,40.692997,-89.593053,IL,Peoria,Peoria
61630,40.682843,-89.601814,IL,Peoria,Caterpillar Inc
61630,40.682843,-89.601814,IL,Peoria,East Peoria
61630,40.682843,-89.601814,IL,Peoria,Peoria
61633,40.70828,-89.662648,IL,Peoria,Great Central Ins Co
61633,40.70828,-89.662648,IL,Peoria,Peoria
61634,40.691385,-89.588711,IL,Peoria,Il Mutual Life & Casualty
61634,40.691385,-89.588711,IL,Peoria,Peoria
61635,40.708299,-89.522384,IL,Peoria,I L Central College
61635,40.708299,-89.522384,IL,Peoria,Peoria
61636,40.700195,-89.598587,IL,Peoria,Methodist Hosp
61636,40.700195,-89.598587,IL,Peoria,Peoria
61637,40.699505,-89.590142,IL,Peoria,Peoria
61637,40.699505,-89.590142,IL,Peoria,St Francis Hosp
61638,40.80424,-89.629708,IL,Peoria,Peoria
61638,40.80424,-89.629708,IL,Peoria,Replacement Lens Inc
61639,40.709663,-89.5664,IL,Peoria,Komatsu Dresser
61639,40.709663,-89.5664,IL,Peoria,Peoria
61639,40.709663,-89.5664,IL,Peoria,Westinghouse Air Brake
61641,40.653063,-89.683748,IL,Peoria,Keystone Steel and Wire
61641,40.653063,-89.683748,IL,Peoria,Peoria
61643,40.724136,-89.556863,IL,Peoria,Peoria
61643,40.724136,-89.556863,IL,Peoria,Peoria Journal Star
61650,40.637504,-89.496844,IL,Peoria,Peoria
61651,40.679871,-89.602186,IL,Peoria,Peoria
61652,40.678847,-89.607597,IL,Peoria,Peoria
61653,40.679996,-89.604273,IL,Peoria,Peoria
61654,40.677695,-89.603707,IL,Peoria,Peoria
61655,40.683663,-89.595192,IL,Peoria,Peoria
61656,40.683509,-89.606531,IL,Peoria,Peoria
61701,40.47558,-89.00472,IL,McLean,Barnes
61701,40.47558,-89.00472,IL,McLean,Bloomington
61701,40.47558,-89.00472,IL,McLean,Bloomington Heights
61701,40.47558,-89.00472,IL,McLean,Bloomington Normal Airport
61701,40.47558,-89.00472,IL,McLean,Eastland Commons
61701,40.47558,-89.00472,IL,McLean,Eastland Shopping Center
61701,40.47558,-89.00472,IL,McLean,Fletcher
61701,40.47558,-89.00472,IL,McLean,Gillum
61701,40.47558,-89.00472,IL,McLean,Kerrik
61701,40.47558,-89.00472,IL,McLean,Oldtown
61701,40.47558,-89.00472,IL,McLean,Yuton
61702,40.606096,-88.982513,IL,McLean,BLM
61702,40.606096,-88.982513,IL,McLean,Bloomington
61704,40.479447,-88.950844,IL,McLean,BLM
61704,40.479447,-88.950844,IL,McLean,Bloomington
61704,40.479447,-88.950844,IL,McLean,Covell
61709,40.458619,-88.961117,IL,McLean,Bloomington
61709,40.458619,-88.961117,IL,McLean,State Farm Ins Il Region Ofc
61710,40.478286,-88.952728,IL,McLean,Bloomington
61710,40.478286,-88.952728,IL,McLean,State Farm Ins Corporate Ofc
61720,40.526876,-88.517491,IL,McLean,Anchor
61721,40.341244,-89.310815,IL,Tazewell,Armington
61721,40.341244,-89.310815,IL,Tazewell,Burt
61721,40.341244,-89.310815,IL,Tazewell,Hittle
61722,40.449086,-88.632987,IL,McLean,Arrowsmith
61722,40.449086,-88.632987,IL,McLean,Sabina
61722,40.449086,-88.632987,IL,McLean,West
61723,40.261033,-89.235255,IL,Logan,Atlanta
61724,40.341562,-88.515542,IL,McLean,Bellflower
61724,40.341562,-88.515542,IL,McLean,Glen Avon
61724,40.341562,-88.515542,IL,McLean,Kumler
61725,40.583898,-89.131546,IL,McLean,Carlock
61726,40.74372,-88.71732,IL,McLean,Chenoa
61726,40.74372,-88.71732,IL,McLean,Meadows
61726,40.74372,-88.71732,IL,McLean,Weston
61726,40.74372,-88.71732,IL,McLean,Yates
61727,40.153108,-88.956925,IL,Dewitt,Barnett Township
61727,40.153108,-88.956925,IL,Dewitt,Birkbeck
61727,40.153108,-88.956925,IL,Dewitt,Clinton
61727,40.153108,-88.956925,IL,Dewitt,Clintonia Township
61727,40.153108,-88.956925,IL,Dewitt,Hallsville
61727,40.153108,-88.956925,IL,Dewitt,Harp Township
61727,40.153108,-88.956925,IL,Dewitt,Jenkins
61727,40.153108,-88.956925,IL,Dewitt,Midland City
61727,40.153108,-88.956925,IL,Dewitt,Ospur
61727,40.153108,-88.956925,IL,Dewitt,South Clinton
61727,40.153108,-88.956925,IL,Dewitt,Texas Township
61728,40.56712,-88.612858,IL,McLean,Colfax
61729,40.619023,-89.207894,IL,Woodford,Congerville
61730,40.527376,-88.746598,IL,McLean,Cooksville
61731,40.595594,-88.513792,IL,McLean,Cropsey
61732,40.529284,-89.178783,IL,McLean,Danvers
61733,40.628434,-89.327437,IL,Tazewell,Deer Creek
61734,40.372475,-89.541913,IL,Tazewell,Boynton
61734,40.372475,-89.541913,IL,Tazewell,Delavan
61735,40.185739,-88.78786,IL,Dewitt,Dewitt
61736,40.3647,-88.86822,IL,McLean,Downs
61736,40.3647,-88.86822,IL,McLean,Holder
61737,40.446184,-88.718903,IL,McLean,Dawson Township
61737,40.446184,-88.718903,IL,McLean,Ellsworth
61737,40.446184,-88.718903,IL,McLean,Padua
61738,40.740699,-89.012596,IL,Woodford,El Paso
61738,40.740699,-89.012596,IL,Woodford,Kappa
61738,40.740699,-89.012596,IL,Woodford,Panola
61739,40.747916,-88.513741,IL,Livingston,Avoca
61739,40.747916,-88.513741,IL,Livingston,Champlin
61739,40.747916,-88.513741,IL,Livingston,Fairbury
61740,40.876326,-88.861363,IL,Livingston,Flanagan
61740,40.876326,-88.861363,IL,Livingston,Nebraska Township
61741,40.751704,-88.4122,IL,Livingston,Forrest
61741,40.751704,-88.4122,IL,Livingston,Pleasant Ridge
61741,40.751704,-88.4122,IL,Livingston,Wing
61742,40.632122,-89.278523,IL,Woodford,Goodfield
61743,40.909715,-88.756025,IL,Livingston,Graymont
61744,40.742252,-88.880157,IL,McLean,Gridley
61744,40.742252,-88.880157,IL,McLean,Waldo
61745,40.318102,-88.971388,IL,McLean,Heyworth
61745,40.318102,-88.971388,IL,McLean,Lyttleville
61745,40.318102,-88.971388,IL,McLean,Randolph
61747,40.42493,-89.415612,IL,Tazewell,Hopedale
61748,40.601797,-88.991264,IL,McLean,Hudson
61749,40.093731,-89.081482,IL,Dewitt,Kenney
61749,40.093731,-89.081482,IL,Dewitt,Tunbridge
61750,40.080356,-88.846052,IL,Dewitt,Lane
61751,40.220019,-89.285105,IL,Logan,Lawndale
61752,40.346851,-88.76692,IL,McLean,Le Roy
61752,40.346851,-88.76692,IL,McLean,Leroy
61753,40.620011,-88.806012,IL,McLean,Hilltop
61753,40.620011,-88.806012,IL,McLean,Lexington
61753,40.620011,-88.806012,IL,McLean,Money Creek
61754,40.314947,-89.170467,IL,McLean,Funks Grove
61754,40.314947,-89.170467,IL,McLean,Mc Lean
61754,40.314947,-89.170467,IL,McLean,McLean
61755,40.540609,-89.340753,IL,Tazewell,Lilly
61755,40.540609,-89.340753,IL,Tazewell,Mackinaw
61756,40.037374,-88.958544,IL,Macon,Maroa
61758,40.514258,-88.826158,IL,McLean,Merna
61759,40.43211,-89.310172,IL,Tazewell,Little Mackinaw
61759,40.43211,-89.310172,IL,Tazewell,Minier
61760,40.89318,-89.03568,IL,Woodford,Minonk
61760,40.89318,-89.03568,IL,Woodford,Spires
61760,40.89318,-89.03568,IL,Woodford,Woodford
61761,40.510903,-88.987912,IL,McLean,College Hills Mall
61761,40.510903,-88.987912,IL,McLean,Normal
61764,40.881129,-88.634278,IL,Livingston,Cayuga
61764,40.881129,-88.634278,IL,Livingston,Eppards Point
61764,40.881129,-88.634278,IL,Livingston,McDowell
61764,40.881129,-88.634278,IL,Livingston,Ocoya
61764,40.881129,-88.634278,IL,Livingston,Owego
61764,40.881129,-88.634278,IL,Livingston,Pontiac
61764,40.881129,-88.634278,IL,Livingston,Rooks Creek
61764,40.881129,-88.634278,IL,Livingston,Rowe
61764,40.881129,-88.634278,IL,Livingston,Rugby
61764,40.881129,-88.634278,IL,Livingston,Swygert
61764,40.881129,-88.634278,IL,Livingston,Vermillion Estates
61769,40.893501,-88.404022,IL,Livingston,Eylar
61769,40.893501,-88.404022,IL,Livingston,Saunemin
61769,40.893501,-88.404022,IL,Livingston,Scovel
61770,40.425378,-88.527308,IL,McLean,Saybrook
61771,40.740576,-89.133676,IL,Woodford,Secor
61772,40.418702,-89.091981,IL,McLean,Shirley
61773,40.588171,-88.380978,IL,Ford,Sibley
61774,40.435071,-89.22352,IL,McLean,Allin
61774,40.435071,-89.22352,IL,McLean,Stanford
61775,40.651172,-88.395957,IL,Livingston,Strawn
61776,40.563669,-88.896787,IL,McLean,Towanda
61777,40.220098,-88.960314,IL,Dewitt,Wapella
61778,40.24257,-89.126495,IL,Dewitt,Tabor
61778,40.24257,-89.126495,IL,Dewitt,Waynesville
61790,40.51729,-88.999162,IL,McLean,Illinois State University
61790,40.51729,-88.999162,IL,McLean,Normal
61791,40.474272,-88.955768,IL,McLean,Bloomington
61791,40.474272,-88.955768,IL,McLean,State Farm Ins Corporate Ofc
61799,40.42847,-88.98691,IL,McLean,Bloomington
61799,40.42847,-88.98691,IL,McLean,Internal Revenue Service
61801,40.111668,-88.198416,IL,Champaign,Urbana
61802,40.126026,-88.171678,IL,Champaign,Urbana
61803,40.106393,-88.21405,IL,Champaign,Urbana
61810,39.912526,-87.93342,IL,Vermilion,Allerton
61811,40.309944,-87.607061,IL,Vermilion,Alvin
61812,40.218225,-87.895541,IL,Vermilion,Armstrong
61813,39.923087,-88.579119,IL,Piatt,Bement
61814,40.261951,-87.610694,IL,Vermilion,Bismarck
61815,40.111439,-88.368949,IL,Champaign,Bondville
61816,39.905173,-87.994769,IL,Champaign,Broadlands
61817,40.068082,-87.710463,IL,Vermilion,Catlin
61818,39.890715,-88.73213,IL,Piatt,Cerro Gordo
61820,40.109868,-88.247163,IL,Champaign,Champaign
61821,40.106564,-88.283856,IL,Champaign,Champaign
61822,40.130816,-88.309971,IL,Champaign,Champaign
61824,40.120771,-88.243698,IL,Champaign,Champaign
61825,40.108793,-88.243278,IL,Champaign,Champaign
61826,40.137064,-88.278526,IL,Champaign,Champaign
61830,39.985463,-88.678689,IL,Piatt,Cisco
61831,40.215157,-87.804838,IL,Vermilion,Collison
61832,40.136438,-87.632393,IL,Vermilion,Central Park
61832,40.136438,-87.632393,IL,Vermilion,Danville
61832,40.136438,-87.632393,IL,Vermilion,Hegeler
61833,40.124444,-87.63,IL,Vermilion,Danville
61833,40.124444,-87.63,IL,Vermilion,Tilton
61834,40.130702,-87.629223,IL,Vermilion,Danville
61839,40.122514,-88.649386,IL,Piatt,De Land
61840,40.316175,-88.286483,IL,Champaign,Dewey
61841,40.046166,-87.832084,IL,Vermilion,Fairmount
61842,40.243766,-88.640662,IL,Dewitt,Farmer City
61843,40.319041,-88.348527,IL,Champaign,Fisher
61844,40.071139,-87.775363,IL,Vermilion,Fithian
61845,40.358156,-88.428229,IL,Champaign,Foosland
61846,39.982066,-87.633758,IL,Vermilion,Georgetown
61847,40.307841,-88.020156,IL,Champaign,Gifford
61848,40.305422,-87.699149,IL,Vermilion,Henning
61849,40.037249,-87.963012,IL,Champaign,Homer
61850,39.92691,-87.739525,IL,Vermilion,Indianola
61851,39.944163,-88.454228,IL,Champaign,Ivesdale
61852,39.885257,-88.059748,IL,Champaign,Longview
61853,40.198333,-88.389388,IL,Champaign,Mahomet
61854,40.210375,-88.505603,IL,Piatt,Mansfield
61855,39.889725,-88.641072,IL,Piatt,Milmine
61856,40.021922,-88.574094,IL,Piatt,Lodge
61856,40.021922,-88.574094,IL,Piatt,Monticello
61857,40.114015,-87.84395,IL,Vermilion,Muncie
61858,40.107624,-87.776626,IL,Vermilion,Oakwood
61859,40.115714,-87.956868,IL,Champaign,Ogden
61862,40.273045,-88.042103,IL,Champaign,Penfield
61863,39.916306,-88.276128,IL,Champaign,Pesotum
61864,40.004891,-88.156932,IL,Champaign,Philo
61865,40.307563,-87.802402,IL,Vermilion,Potomac
61866,40.309571,-88.149445,IL,Champaign,Rantoul
61870,39.895436,-87.651249,IL,Vermilion,Ridge Farm
61871,40.192021,-87.968846,IL,Champaign,Royal
61872,39.967676,-88.348051,IL,Champaign,Sadorus
61873,40.113531,-88.044951,IL,Champaign,Saint Joseph
61874,40.063921,-88.250201,IL,Champaign,Savoy
61875,40.159817,-88.434465,IL,Champaign,Seymour
61876,39.908281,-87.824884,IL,Vermilion,Sidell
61877,40.023964,-88.069269,IL,Champaign,Sidney
61878,40.242995,-88.181488,IL,Champaign,Thomasboro
61880,39.986321,-88.263536,IL,Champaign,Tolono
61882,40.123992,-88.750523,IL,Dewitt,Weldon
61883,40.044517,-87.640012,IL,Vermilion,Belgium
61883,40.044517,-87.640012,IL,Vermilion,Westville
61884,40.101302,-88.50795,IL,Piatt,White Heath
61910,39.681798,-88.308311,IL,Douglas,Arcola
61911,39.703333,-88.391111,IL,Douglas,Arthur
61911,39.703333,-88.391111,IL,Douglas,Chesterville
61912,39.526497,-88.018046,IL,Coles,Ashmore
61913,39.81432,-88.43688,IL,Douglas,Atwood
61913,39.81432,-88.43688,IL,Douglas,Garrett
61914,39.64671,-88.736185,IL,Moultrie,Bethany
61917,39.693347,-87.671412,IL,Edgar,Brocton
61919,39.804516,-88.12482,IL,Douglas,Camargo
61920,39.604167,-88.101667,IL,Coles,Charleston
61920,39.604167,-88.101667,IL,Coles,Rardin
61924,39.801374,-87.674371,IL,Edgar,Chrisman
61925,39.713827,-88.807278,IL,Moultrie,Dalton City
61928,39.486579,-88.541705,IL,Moultrie,Gays
61929,39.801837,-88.565868,IL,Piatt,Hammond
61929,39.801837,-88.565868,IL,Piatt,Pierson Sta
61929,39.801837,-88.565868,IL,Piatt,Pierson Station
61930,39.686989,-88.133993,IL,Douglas,Hindsboro
61931,39.603165,-88.319354,IL,Coles,Humboldt
61932,39.795616,-87.867417,IL,Edgar,Hume
61933,39.555979,-87.938472,IL,Edgar,Kansas
61936,39.802335,-88.713608,IL,Piatt,La Place
61937,39.711745,-88.639682,IL,Moultrie,Lovington
61938,39.481399,-88.374478,IL,Coles,Mattoon
61940,39.804258,-87.807725,IL,Edgar,Metcalf
61941,39.799954,-88.080692,IL,Douglas,Murdock
61942,39.797928,-87.988218,IL,Douglas,Newman
61943,39.655691,-88.026167,IL,Coles,Oakland
61944,39.613075,-87.697934,IL,Edgar,Paris
61949,39.641755,-87.862916,IL,Edgar,Redmon
61951,39.597396,-88.609239,IL,Moultrie,Allenville
61951,39.597396,-88.609239,IL,Moultrie,Sullivan
61953,39.796141,-88.282209,IL,Douglas,Tuscola
61955,39.581259,-87.587427,IL,Edgar,Vermilion
61956,39.863078,-88.156017,IL,Douglas,Villa Grove
61957,39.441537,-88.600965,IL,Shelby,Windsor
62001,38.880319,-89.747069,IL,Madison,Alhambra
62001,38.880319,-89.747069,IL,Madison,Kaufman
62002,38.901935,-90.165499,IL,Madison,Alton
62006,39.08714,-90.668661,IL,Calhoun,Batchtown
62006,39.08714,-90.668661,IL,Calhoun,Beechville
62006,39.08714,-90.668661,IL,Calhoun,Gilead
62009,39.091339,-89.805938,IL,Macoupin,Benld
62010,38.907799,-90.0444,IL,Madison,Bethalto
62010,38.907799,-90.0444,IL,Madison,Fort Russell
62011,39.151303,-89.197692,IL,Fayette,Bingham
62012,39.036979,-90.137327,IL,Macoupin,Brighton
62012,39.036979,-90.137327,IL,Macoupin,Miles Station
62013,38.96628,-90.60012,IL,Calhoun,Brussels
62013,38.96628,-90.60012,IL,Calhoun,Deer Plain
62013,38.96628,-90.60012,IL,Calhoun,Meppen
62014,39.04426,-89.951789,IL,Macoupin,Bunker Hill
62014,39.04426,-89.951789,IL,Macoupin,Woodburn
62015,39.221811,-89.534923,IL,Montgomery,Butler
62016,39.299962,-90.410116,IL,Greene,Carrollton
62017,39.090493,-89.394809,IL,Montgomery,Coffeen
62017,39.090493,-89.394809,IL,Montgomery,East Fork
62018,38.910511,-90.080602,IL,Madison,Cottage Hills
62019,39.035736,-89.476722,IL,Montgomery,Donnellson
62021,38.981048,-89.972493,IL,Madison,Dorsey
62022,38.964281,-90.299373,IL,Jersey,Dow
62023,39.10972,-89.78372,IL,Macoupin,Eagarville
62024,38.856649,-90.050801,IL,Madison,East Alton
62024,38.856649,-90.050801,IL,Madison,Rosewood
62025,38.808317,-89.950081,IL,Madison,Dunlap Lake
62025,38.808317,-89.950081,IL,Madison,Edwardsville
62025,38.808317,-89.950081,IL,Madison,Holiday Shores
62026,38.811295,-89.956641,IL,Madison,Edwardsville
62026,38.811295,-89.956641,IL,Madison,Southern Illinois University
62027,39.286541,-90.553196,IL,Greene,Eldred
62027,39.286541,-90.553196,IL,Greene,Woodville
62028,38.96412,-90.33192,IL,Jersey,Chautauqua
62028,38.96412,-90.33192,IL,Jersey,Elsah
62030,39.128225,-90.195318,IL,Jersey,Fidelity
62031,39.101331,-90.556238,IL,Jersey,East Hardin
62031,39.101331,-90.556238,IL,Jersey,Fieldon
62031,39.101331,-90.556238,IL,Jersey,Nutwood
62031,39.101331,-90.556238,IL,Jersey,Rosedale
62032,39.103643,-89.305669,IL,Montgomery,Chapman
62032,39.103643,-89.305669,IL,Montgomery,Fillmore
62032,39.103643,-89.305669,IL,Montgomery,South Fillmore
62032,39.103643,-89.305669,IL,Montgomery,Van Burensburg
62033,39.10734,-89.84208,IL,Macoupin,Dorchester
62033,39.10734,-89.84208,IL,Macoupin,East Gillespie
62033,39.10734,-89.84208,IL,Macoupin,Gillespie
62033,39.10734,-89.84208,IL,Macoupin,Mount Clare
62034,38.76054,-89.96766,IL,Madison,Glen Carbon
62035,38.96167,-90.217939,IL,Madison,Godfrey
62036,38.890847,-90.569074,IL,Calhoun,Golden Eagle
62037,38.971812,-90.445426,IL,Jersey,Grafton
62037,38.971812,-90.445426,IL,Jersey,Otterville
62037,38.971812,-90.445426,IL,Jersey,Quarry
62040,38.761356,-90.096335,IL,Madison,Granite City
62040,38.761356,-90.096335,IL,Madison,Mitchell
62040,38.761356,-90.096335,IL,Madison,Pontoon Beach
62044,39.340418,-90.214125,IL,Greene,Fayette
62044,39.340418,-90.214125,IL,Greene,Greenfield
62045,39.213437,-90.69002,IL,Calhoun,Hamburg
62046,38.889943,-89.846942,IL,Madison,Hamel
62047,39.15332,-90.623852,IL,Calhoun,Hardin
62048,38.834452,-90.093735,IL,Madison,Hartford
62049,39.155644,-89.482574,IL,Montgomery,Hillsboro
62049,39.155644,-89.482574,IL,Montgomery,Kortcamp
62049,39.155644,-89.482574,IL,Montgomery,Schram City
62050,39.473831,-90.525724,IL,Greene,Hillview
62051,39.204818,-89.405456,IL,Montgomery,Irving
62052,39.13578,-90.333,IL,Jersey,Delhi
62052,39.13578,-90.333,IL,Jersey,Jersey
62052,39.13578,-90.333,IL,Jersey,Jerseyville
62052,39.13578,-90.333,IL,Jersey,McClusky
62052,39.13578,-90.333,IL,Jersey,New Delhi
62052,39.13578,-90.333,IL,Jersey,Otter Creek
62052,39.13578,-90.333,IL,Jersey,Otterville
62053,39.323201,-90.645352,IL,Calhoun,Kampsville
62054,39.217022,-90.382913,IL,Greene,Kane
62054,39.217022,-90.382913,IL,Greene,Old Kane
62056,39.19038,-89.63778,IL,Montgomery,Barnett
62056,39.19038,-89.63778,IL,Montgomery,Hornsby
62056,39.19038,-89.63778,IL,Montgomery,Litchfield
62058,38.967135,-89.759212,IL,Madison,Livingston
62059,38.656184,-90.166082,IL,Saint Clair,Brooklyn
62059,38.656184,-90.166082,IL,Saint Clair,Lovejoy
62059,38.656184,-90.166082,IL,Saint Clair,Stites
62060,38.686572,-90.153079,IL,Madison,Cloverleaf
62060,38.686572,-90.153079,IL,Madison,Eagle Park
62060,38.686572,-90.153079,IL,Madison,Madison
62060,38.686572,-90.153079,IL,Madison,Newport
62061,38.78699,-89.77891,IL,Madison,Marine
62062,38.72365,-89.95446,IL,Madison,Maryville
62063,39.205251,-90.16221,IL,Jersey,Kemper
62063,39.205251,-90.16221,IL,Jersey,Medora
62063,39.205251,-90.16221,IL,Jersey,Summerville
62065,39.228894,-90.630458,IL,Calhoun,Michael
62067,38.923668,-90.008,IL,Madison,Moro
62069,39.072236,-89.724462,IL,Macoupin,Lake Keho
62069,39.072236,-89.724462,IL,Macoupin,Mount Olive
62069,39.072236,-89.724462,IL,Macoupin,Mt Olive
62069,39.072236,-89.724462,IL,Macoupin,White City
62070,39.291007,-90.72278,IL,Calhoun,Mozier
62071,38.646662,-90.157901,IL,Saint Clair,Nat Stock Yds
62071,38.646662,-90.157901,IL,Saint Clair,National Stock Yards
62071,38.646662,-90.157901,IL,Saint Clair,Natl Stock Yd
62074,38.966208,-89.691628,IL,Madison,New Douglas
62075,39.28584,-89.31258,IL,Montgomery,Audubon
62075,39.28584,-89.31258,IL,Montgomery,Coalton
62075,39.28584,-89.31258,IL,Montgomery,Nokomis
62075,39.28584,-89.31258,IL,Montgomery,Wenonah
62076,39.346133,-89.220212,IL,Montgomery,Ohlman
62077,39.05,-89.533333,IL,Montgomery,Grisham
62077,39.05,-89.533333,IL,Montgomery,Panama
62078,39.482705,-90.481614,IL,Greene,Patterson
62079,39.130671,-90.120036,IL,Macoupin,Piasa
62080,39.144853,-89.109512,IL,Fayette,Bayle
62080,39.144853,-89.109512,IL,Fayette,Ramsey
62080,39.144853,-89.109512,IL,Fayette,Vera
62081,39.285885,-90.270095,IL,Greene,Lake Centralia
62081,39.285885,-90.270095,IL,Greene,Rockbridge
62082,39.479516,-90.373279,IL,Greene,Athensville
62082,39.479516,-90.373279,IL,Greene,Barrow
62082,39.479516,-90.373279,IL,Greene,Roodhouse
62083,39.393306,-89.194206,IL,Christian,Rosamond
62084,38.847419,-90.078484,IL,Madison,Roxana
62085,39.075347,-89.802966,IL,Macoupin,Sawyerville
62086,38.97732,-89.6001,IL,Bond,Reno
62086,38.97732,-89.6001,IL,Bond,Sorento
62087,38.828197,-90.056705,IL,Madison,South Roxana
62088,39.011425,-89.78707,IL,Macoupin,Staunton
62088,39.011425,-89.78707,IL,Macoupin,Williamson
62089,39.130995,-89.494582,IL,Montgomery,Taylor Spgs
62089,39.130995,-89.494582,IL,Montgomery,Taylor Springs
62090,38.668857,-90.167405,IL,Madison,Venice
62091,39.042917,-89.643014,IL,Montgomery,Walshville
62092,39.440324,-90.402625,IL,Greene,Belltown
62092,39.440324,-90.402625,IL,Greene,Drake
62092,39.440324,-90.402625,IL,Greene,Hanks Station
62092,39.440324,-90.402625,IL,Greene,Walkerville
62092,39.440324,-90.402625,IL,Greene,White Hall
62093,39.066788,-89.853304,IL,Macoupin,Wilsonville
62094,39.258265,-89.347637,IL,Montgomery,Witt
62095,38.861219,-90.089817,IL,Madison,Wood River
62097,38.95788,-89.87004,IL,Madison,Prairietown
62097,38.95788,-89.87004,IL,Madison,Worden
62098,39.379455,-90.29352,IL,Greene,Wrights
62201,38.628113,-90.138442,IL,Saint Clair,E Saint Louis
62201,38.628113,-90.138442,IL,Saint Clair,E St Louis
62201,38.628113,-90.138442,IL,Saint Clair,East Saint Louis
62201,38.628113,-90.138442,IL,Saint Clair,East St Louis
62201,38.628113,-90.138442,IL,Saint Clair,Fairmont City
62201,38.628113,-90.138442,IL,Saint Clair,Sauget
62202,38.616644,-90.160951,IL,Saint Clair,E Saint Louis
62202,38.616644,-90.160951,IL,Saint Clair,East Saint Louis
62202,38.616644,-90.160951,IL,Saint Clair,East St Louis
62203,38.598771,-90.076739,IL,Saint Clair,Centreville
62203,38.598771,-90.076739,IL,Saint Clair,E Saint Louis
62203,38.598771,-90.076739,IL,Saint Clair,E St Louis
62203,38.598771,-90.076739,IL,Saint Clair,East Saint Louis
62204,38.633044,-90.101683,IL,Saint Clair,E Saint Louis
62204,38.633044,-90.101683,IL,Saint Clair,East Saint Louis
62204,38.633044,-90.101683,IL,Saint Clair,Washington Park
62204,38.633044,-90.101683,IL,Saint Clair,Washington Pk
62205,38.615813,-90.128903,IL,Saint Clair,Centreville
62205,38.615813,-90.128903,IL,Saint Clair,E Saint Louis
62205,38.615813,-90.128903,IL,Saint Clair,E St Louis
62205,38.615813,-90.128903,IL,Saint Clair,East Saint Louis
62205,38.615813,-90.128903,IL,Saint Clair,Washingtn Park
62205,38.615813,-90.128903,IL,Saint Clair,Washington Pk
62206,38.561749,-90.161656,IL,Saint Clair,Cahokia
62206,38.561749,-90.161656,IL,Saint Clair,E Saint Louis
62206,38.561749,-90.161656,IL,Saint Clair,East Saint Louis
62206,38.561749,-90.161656,IL,Saint Clair,Sauget
62207,38.6103,-90.15618,IL,Saint Clair,Alorton
62207,38.6103,-90.15618,IL,Saint Clair,Centreville
62207,38.6103,-90.15618,IL,Saint Clair,E Saint Louis
62207,38.6103,-90.15618,IL,Saint Clair,East Saint Louis
62208,38.59966,-90.009909,IL,Saint Clair,E Saint Louis
62208,38.59966,-90.009909,IL,Saint Clair,East Saint Louis
62208,38.59966,-90.009909,IL,Saint Clair,Fairview Heights
62208,38.59966,-90.009909,IL,Saint Clair,Fairview Hts
62214,38.381708,-89.611975,IL,Washington,Addieville
62214,38.381708,-89.611975,IL,Washington,Venedy
62215,38.51,-89.619444,IL,Clinton,Albers
62215,38.51,-89.619444,IL,Clinton,Damiansville
62216,38.611076,-89.607818,IL,Clinton,Aviston
62216,38.611076,-89.607818,IL,Clinton,Breese
62216,38.611076,-89.607818,IL,Clinton,Trenton
62217,38.18516,-89.845373,IL,Randolph,Baldwin
62218,38.522043,-89.480239,IL,Clinton,Bartelso
62218,38.522043,-89.480239,IL,Clinton,Santa Fe
62219,38.604637,-89.435667,IL,Clinton,Beckemeyer
62220,38.525719,-89.991068,IL,Saint Clair,Belleville
62220,38.525719,-89.991068,IL,Saint Clair,Swansea
62221,38.550823,-89.984437,IL,Saint Clair,Belleville
62221,38.550823,-89.984437,IL,Saint Clair,Rentchler
62221,38.550823,-89.984437,IL,Saint Clair,Shiloh
62221,38.550823,-89.984437,IL,Saint Clair,Swansea
62222,38.468453,-89.981456,IL,Saint Clair,Belleville
62223,38.535955,-90.002379,IL,Saint Clair,Belleville
62223,38.535955,-90.002379,IL,Saint Clair,Signal Hill
62223,38.535955,-90.002379,IL,Saint Clair,Swansea
62224,38.488777,-89.795265,IL,Saint Clair,Mascoutah
62224,38.488777,-89.795265,IL,Saint Clair,Ralston Purina
62225,38.539124,-89.851513,IL,Saint Clair,Belleville
62225,38.539124,-89.851513,IL,Saint Clair,Scott AFB
62225,38.539124,-89.851513,IL,Saint Clair,Scott Air Force Base
62226,38.544506,-90.00082,IL,Saint Clair,Belleville
62226,38.544506,-90.00082,IL,Saint Clair,Swansea
62230,38.608157,-89.527489,IL,Clinton,Breese
62230,38.608157,-89.527489,IL,Clinton,Saint Rose
62231,38.60931,-89.376252,IL,Clinton,Boulder
62231,38.60931,-89.376252,IL,Clinton,Carlyle
62231,38.60931,-89.376252,IL,Clinton,Ferrin
62231,38.60931,-89.376252,IL,Clinton,Posey
62231,38.60931,-89.376252,IL,Clinton,Royal Lake
62231,38.60931,-89.376252,IL,Clinton,Shattuc
62231,38.60931,-89.376252,IL,Clinton,Shatuc
62232,38.634957,-90.012889,IL,Saint Clair,Caseyville
62232,38.634957,-90.012889,IL,Saint Clair,Fairview Heights
62232,38.634957,-90.012889,IL,Saint Clair,Hollywood Heights
62233,37.9236,-89.81862,IL,Randolph,Bremen
62233,37.9236,-89.81862,IL,Randolph,Chester
62234,38.687371,-89.983306,IL,Madison,Collinsville
62234,38.687371,-89.983306,IL,Madison,Lumaghi Heights
62234,38.687371,-89.983306,IL,Madison,State Park Place
62236,38.441727,-90.205289,IL,Monroe,Columbia
62237,38.19822,-89.59374,IL,Randolph,Coulterville
62237,38.19822,-89.59374,IL,Randolph,Swanwick
62237,38.19822,-89.59374,IL,Randolph,Winkle
62238,37.980409,-89.362381,IL,Perry,Cutler
62239,38.523233,-90.198401,IL,Saint Clair,Dupo
62240,38.525161,-90.22392,IL,Saint Clair,E Carondelet
62240,38.525161,-90.22392,IL,Saint Clair,East Carondelet
62240,38.525161,-90.22392,IL,Saint Clair,IMBS
62241,38.0043,-89.89876,IL,Randolph,Ellis Grove
62241,38.0043,-89.89876,IL,Randolph,Ellisgrove
62242,38.096033,-89.906301,IL,Randolph,Evansville
62243,38.426232,-89.904712,IL,Saint Clair,Freeburg
62244,38.16374,-90.201178,IL,Monroe,Chaflin Bridge
62244,38.16374,-90.201178,IL,Monroe,Fults
62245,38.561065,-89.582763,IL,Clinton,Germantown
62246,38.888242,-89.407911,IL,Bond,Ayers
62246,38.888242,-89.407911,IL,Bond,Beaver Creek
62246,38.888242,-89.407911,IL,Bond,Dudleyville
62246,38.888242,-89.407911,IL,Bond,Greenville
62246,38.888242,-89.407911,IL,Bond,Stubblefield
62246,38.888242,-89.407911,IL,Bond,Wisetown
62246,38.888242,-89.407911,IL,Bond,Woburn
62247,38.943774,-89.171561,IL,Fayette,Hagarstown
62248,38.306219,-89.991457,IL,Monroe,Hecker
62249,38.7921,-89.68758,IL,Madison,Grantfork
62249,38.7921,-89.68758,IL,Madison,Highland
62250,38.540845,-89.264477,IL,Clinton,Hoffman
62252,38.604272,-89.290238,IL,Clinton,Clement
62252,38.604272,-89.290238,IL,Clinton,Huey
62253,38.739872,-89.312992,IL,Clinton,Irishtown
