59001,45.521872,-109.441232,MT,Stillwater,Absarokee
59002,45.924789,-108.695498,MT,Yellowstone,Acton
59002,45.924789,-108.695498,MT,Yellowstone,Molt
59003,45.546223,-106.268659,MT,Rosebud,Ashland
59004,45.621966,-106.314153,MT,Rosebud,Ashland
59004,45.621966,-106.314153,MT,Rosebud,Saint Labre Mission
59006,45.95681,-108.097366,MT,Yellowstone,Ballantine
59007,45.161087,-109.156095,MT,Carbon,Bearcreek
59007,45.161087,-109.156095,MT,Carbon,Washoe
59008,45.065698,-109.164591,MT,Carbon,Belfry
59010,46.0797,-107.171186,MT,Treasure,Bighorn
59011,45.835144,-109.951625,MT,Sweet Grass,Big Timber
59012,45.306004,-106.491116,MT,Rosebud,Birney
59013,45.455285,-109.063818,MT,Carbon,Boyd
59014,45.292794,-108.913596,MT,Carbon,Bridger
59015,46.197479,-108.913459,MT,Yellowstone,Broadview
59015,46.197479,-108.913459,MT,Yellowstone,Comanche
59016,45.516379,-106.872747,MT,Big Horn,Busby
59016,45.516379,-106.872747,MT,Big Horn,Kirby
59018,45.707497,-110.456916,MT,Park,Clyde Park
59019,45.634341,-109.255058,MT,Stillwater,Columbus
59020,45.018847,-109.934351,MT,Park,Cooke City
59022,45.643077,-107.468227,MT,Big Horn,Crow Agency
59024,46.206932,-107.676388,MT,Yellowstone,Custer
59025,45.129792,-106.695652,MT,Big Horn,Decker
59026,45.506601,-109.009043,MT,Carbon,Edgar
59027,45.18284,-110.937072,MT,Park,Emigrant
59027,45.18284,-110.937072,MT,Park,Miner
59028,45.298974,-109.788067,MT,Stillwater,Fishtail
59029,45.393397,-108.908205,MT,Carbon,Fromberg
59030,45.031682,-110.705747,MT,Park,Corwin Springs
59030,45.031682,-110.705747,MT,Park,Gardiner
59030,45.031682,-110.705747,MT,Park,Jardine
59031,45.471093,-107.261777,MT,Big Horn,Garryowen
59032,46.99191,-108.90207,MT,Fergus,Grass Range
59033,45.775614,-109.687545,MT,Sweet Grass,Greycliff
59034,45.714719,-107.61874,MT,Big Horn,Hardin
59035,45.294259,-107.822552,MT,Big Horn,Fort Smith
59035,45.294259,-107.822552,MT,Big Horn,Yellowtail
59036,46.436792,-109.831908,MT,Wheatland,Harlowton
59037,45.890286,-108.269545,MT,Yellowstone,Huntley
59038,46.288514,-107.232251,MT,Treasure,Hysham
59038,46.288514,-107.232251,MT,Treasure,Sanders
59039,46.666043,-107.528931,MT,Rosebud,Ingomar
59041,45.49902,-108.98958,MT,Carbon,Joliet
59041,45.49902,-108.98958,MT,Carbon,Silesia
59043,45.577559,-106.530746,MT,Rosebud,Lame Deer
59044,45.672778,-108.760361,MT,Yellowstone,Laurel
59046,46.227533,-108.713743,MT,Golden Valley,Belmont
59046,46.227533,-108.713743,MT,Golden Valley,Cushman
59046,46.227533,-108.713743,MT,Golden Valley,Lavina
59047,45.652211,-110.568153,MT,Park,Livingston
59050,45.294103,-107.820532,MT,Big Horn,Lodge Grass
59052,45.539768,-110.306341,MT,Sweet Grass,Mc Leod
59052,45.539768,-110.306341,MT,Sweet Grass,McLeod
59053,46.416111,-110.5425,MT,Meagher,Lennep
59053,46.416111,-110.5425,MT,Meagher,Martinsdale
59054,46.600643,-107.866709,MT,Musselshell,Melstone
59055,46.072838,-109.879094,MT,Sweet Grass,Melville
59057,45.861923,-108.802347,MT,Yellowstone,Molt
59058,46.925179,-107.780982,MT,Garfield,Mosby
59059,46.514989,-108.090082,MT,Musselshell,Musselshell
59061,45.439173,-109.832978,MT,Stillwater,Beehive
59061,45.439173,-109.832978,MT,Stillwater,Nye
59062,45.397871,-105.983338,MT,Powder River,Otter
59063,45.633195,-108.912996,MT,Stillwater,Park City
59064,45.949977,-107.981373,MT,Yellowstone,Pompey Pillar
59064,45.949977,-107.981373,MT,Yellowstone,Pompeys Pillar
59065,45.437484,-110.684001,MT,Park,Pray
59065,45.437484,-110.684001,MT,Park,Wan I Gan
59066,45.42079,-108.529611,MT,Big Horn,Pryor
59067,45.97898,-109.320062,MT,Stillwater,Rapelje
59068,45.186715,-109.251476,MT,Carbon,Luther
59068,45.186715,-109.251476,MT,Carbon,Red Lodge
59069,45.704228,-109.542867,MT,Stillwater,Reed Point
59070,45.395254,-109.169029,MT,Carbon,Fox
59070,45.395254,-109.169029,MT,Carbon,Roberts
59071,45.377011,-109.424177,MT,Carbon,Alpine
59071,45.377011,-109.424177,MT,Carbon,Roscoe
59072,46.410128,-108.54663,MT,Musselshell,Klein
59072,46.410128,-108.54663,MT,Musselshell,Roundup
59073,46.504722,-108.218611,MT,Musselshell,Delphia
59073,46.504722,-108.218611,MT,Musselshell,Roundup
59074,46.279039,-109.286955,MT,Golden Valley,Ryegate
59075,45.47849,-107.877691,MT,Big Horn,Saint Xavier
59076,46.292117,-107.095156,MT,Treasure,Hysham
59076,46.292117,-107.095156,MT,Treasure,Sanders
59077,47.013392,-107.275528,MT,Garfield,Sand Springs
59078,46.377137,-109.592192,MT,Wheatland,Shawmut
59079,45.94681,-108.35472,MT,Yellowstone,Shepherd
59081,45.104688,-110.221461,MT,Park,Cooke City
59081,45.104688,-110.221461,MT,Park,Silver Gate
59082,45.736616,-110.227181,MT,Park,Springdale
59083,46.616991,-107.553123,MT,Rosebud,Sumatra
59084,47.039156,-108.610344,MT,Petroleum,Grass Range
59084,47.039156,-108.610344,MT,Petroleum,Teigen
59084,47.039156,-108.610344,MT,Petroleum,Winnett
59085,46.424441,-110.068651,MT,Wheatland,Two Dot
59086,46.055668,-110.692681,MT,Park,Wilsall
59087,47.06528,-108.00556,MT,Petroleum,Cat Creek
59087,47.06528,-108.00556,MT,Petroleum,Winnett
59088,45.98879,-108.173617,MT,Yellowstone,Worden
59089,45.081583,-107.669356,MT,Big Horn,Wyola
59101,45.774634,-108.479727,MT,Yellowstone,Billings
59101,45.774634,-108.479727,MT,Yellowstone,Lockwood
59102,45.785595,-108.576337,MT,Yellowstone,Billings
59102,45.785595,-108.576337,MT,Yellowstone,Hesper
59103,45.637937,-108.361329,MT,Yellowstone,Billings
59104,45.77209,-108.581076,MT,Yellowstone,Billings
59105,45.840397,-108.464534,MT,Yellowstone,Billings
59106,45.76763,-108.662527,MT,Yellowstone,Billings
59107,45.813869,-108.505776,MT,Yellowstone,Billings
59108,45.775122,-108.582655,MT,Yellowstone,Billings
59111,45.634161,-108.361047,MT,Yellowstone,Billings
59111,45.634161,-108.361047,MT,Yellowstone,City water dept
59112,45.791631,-108.539787,MT,Yellowstone,Billings
59112,45.791631,-108.539787,MT,Yellowstone,Mt Dakota Util Co
59114,45.641786,-108.398787,MT,Yellowstone,Billings
59114,45.641786,-108.398787,MT,Yellowstone,K O A
59115,45.785907,-108.508798,MT,Yellowstone,Billings
59115,45.785907,-108.508798,MT,Yellowstone,Us Bank
59116,45.767072,-108.581669,MT,Yellowstone,Billings
59116,45.767072,-108.581669,MT,Yellowstone,First Interstate
59117,45.783606,-108.505138,MT,Yellowstone,Billings
59117,45.783606,-108.505138,MT,Yellowstone,Wells Fargo Bank
59201,48.108925,-105.569239,MT,Roosevelt,Wolf Point
59211,48.689739,-104.451099,MT,Sheridan,Antelope
59212,48.139108,-104.22259,MT,Roosevelt,Bainville
59213,48.329383,-104.870593,MT,Roosevelt,Brockton
59214,47.214915,-105.839514,MT,McCone,Brockway
59215,47.428645,-105.619788,MT,McCone,Circle
59217,47.711877,-104.182796,MT,Richland,Crane
59218,48.143909,-104.51857,MT,Roosevelt,Culbertson
59218,48.143909,-104.51857,MT,Roosevelt,McCabe
59219,48.605863,-104.247793,MT,Sheridan,Dagmar
59221,47.853273,-104.04859,MT,Richland,Fairview
59222,48.710057,-105.149161,MT,Daniels,Flaxville
59223,48.004486,-106.444604,MT,Valley,Fort Peck
59225,48.4,-105.883333,MT,Valley,Frazer
59225,48.4,-105.883333,MT,Valley,Lustre
59226,48.337849,-104.491623,MT,Roosevelt,Froid
59230,48.198389,-106.625201,MT,Valley,Glasgow
59230,48.198389,-106.625201,MT,Valley,Saint Marie
59230,48.198389,-106.625201,MT,Valley,Tampico
59231,48.402929,-106.543693,MT,Valley,Glasgow
59231,48.402929,-106.543693,MT,Valley,Saint Marie
59231,48.402929,-106.543693,MT,Valley,St Marie
59240,48.848625,-106.248421,MT,Valley,Glentana
59241,48.393109,-107.084294,MT,Valley,Hinsdale
59242,48.439875,-104.59775,MT,Sheridan,Homestead
59243,47.757632,-104.736737,MT,Richland,Enid
59243,47.757632,-104.736737,MT,Richland,Lambert
59244,48.546336,-106.225926,MT,Valley,Larslan
59247,48.504952,-104.501297,MT,Sheridan,Medicine Lake
59248,48.141937,-106.357405,MT,Valley,Nashua
59250,48.892429,-106.475312,MT,Valley,Opheim
59252,48.896471,-104.739387,MT,Sheridan,Outlook
59253,48.782296,-105.799736,MT,Daniels,Peerless
59254,48.815609,-104.661196,MT,Sheridan,Plentywood
59255,48.108682,-105.192014,MT,Roosevelt,Poplar
59256,48.782168,-104.556725,MT,Sheridan,Raymond
59257,48.83315,-104.922222,MT,Sheridan,Redstone
59258,48.571511,-104.690538,MT,Sheridan,Reserve
59259,47.64064,-104.980628,MT,Dawson,Richey
59260,48.715921,-106.267026,MT,Valley,Richland
59261,48.457358,-107.338613,MT,Phillips,Saco
59262,47.453876,-104.345096,MT,Richland,Savage
59263,48.790791,-105.423135,MT,Daniels,Four Buttes
59263,48.790791,-105.423135,MT,Daniels,Scobey
59270,47.715554,-104.161624,MT,Richland,Sidney
59273,48.356238,-106.909833,MT,Valley,Vandalia
59274,47.844345,-105.771091,MT,McCone,Vida
59275,48.844757,-104.193137,MT,Sheridan,Westby
59276,48.89936,-105.162911,MT,Daniels,Whitetail
59301,46.405886,-105.841129,MT,Custer,Miles City
59311,45.184649,-104.249236,MT,Carter,Alzada
59312,46.67284,-106.397622,MT,Rosebud,Angela
59313,46.360175,-104.270068,MT,Fallon,Baker
59314,45.286436,-105.315136,MT,Powder River,Biddle
59315,47.380907,-104.944266,MT,Dawson,Bloomfield
59316,45.507523,-104.910869,MT,Carter,Boyes
59317,45.41354,-105.82986,MT,Powder River,Broadus
59317,45.41354,-105.82986,MT,Powder River,Sonnette
59318,47.31115,-107.626383,MT,Garfield,Brusett
59319,45.467901,-104.184538,MT,Carter,Capitol
59322,47.087081,-106.512996,MT,Garfield,Cohagen
59323,45.899305,-106.624828,MT,Rosebud,Colstrip
59324,45.85314,-104.21735,MT,Carter,Ekalaka
59324,45.85314,-104.21735,MT,Carter,Mill Iron
59326,46.6758,-105.139405,MT,Prairie,Fallon
59327,46.266629,-106.680593,MT,Rosebud,Forsyth
59330,47.111083,-104.721775,MT,Dawson,Glendive
59332,45.369487,-104.653365,MT,Carter,Hammond
59333,46.275921,-106.197425,MT,Rosebud,Hathaway
59336,46.498305,-104.793911,MT,Custer,Ismay
59337,47.543154,-106.79227,MT,Garfield,Jordan
59338,46.662103,-105.872622,MT,Custer,Kinsey
59339,47.195082,-105.200493,MT,Dawson,Lindsay
59341,46.741221,-104.782243,MT,Prairie,Fallon
59341,46.741221,-104.782243,MT,Prairie,Mildred
59343,45.543207,-105.650812,MT,Powder River,Olive
59344,46.388263,-104.642861,MT,Fallon,Plevna
59345,45.741289,-105.248925,MT,Powder River,Powderville
59347,46.274581,-106.441343,MT,Rosebud,Rosebud
59349,46.791173,-105.314661,MT,Prairie,Terry
59351,46.035585,-105.624324,MT,Custer,Volborg
59353,46.983568,-104.188289,MT,Wibaux,Wibaux
59354,46.130042,-104.458001,MT,Fallon,Baker
59354,46.130042,-104.458001,MT,Fallon,Willard
59401,47.509333,-111.288029,MT,Cascade,Great Falls
59402,47.509367,-111.194562,MT,Cascade,Great Falls
59402,47.509367,-111.194562,MT,Cascade,Malmstrom A F B
59402,47.509367,-111.194562,MT,Cascade,Malmstrom AFB
59403,47.553383,-111.540413,MT,Cascade,Great Falls
59404,47.51092,-111.352773,MT,Cascade,Great Falls
59405,47.473605,-111.259493,MT,Cascade,Great Falls
59406,47.481052,-111.253398,MT,Cascade,Great Falls
59410,47.392784,-112.635264,MT,Lewis and Clark,Augusta
59411,48.85167,-113.43599,MT,Glacier,Babb
59412,47.371142,-110.903119,MT,Cascade,Armington
59412,47.371142,-110.903119,MT,Cascade,Belt
59412,47.371142,-110.903119,MT,Cascade,Wayne
59414,47.514757,-111.298086,MT,Cascade,Black Eagle
59416,48.028026,-111.657445,MT,Pondera,Brady
59417,48.571299,-113.206612,MT,Glacier,Blackfoot
59417,48.571299,-113.206612,MT,Glacier,Browning
59417,48.571299,-113.206612,MT,Glacier,Saint Mary
59417,48.571299,-113.206612,MT,Glacier,St Mary
59418,46.797946,-109.687162,MT,Fergus,Buffalo
59418,46.797946,-109.687162,MT,Fergus,Straw
59419,47.981196,-112.307571,MT,Teton,Bynum
59420,47.78572,-110.999607,MT,Chouteau,Carter
59421,47.205603,-111.699843,MT,Cascade,Cascade
59422,47.830951,-112.163398,MT,Teton,Choteau
59424,47.350313,-110.085182,MT,Fergus,Coffee Creek
59425,48.169762,-111.949697,MT,Pondera,Conrad
59427,48.647289,-112.350965,MT,Glacier,Cut Bank
59427,48.647289,-112.350965,MT,Glacier,Del Bonita
59427,48.647289,-112.350965,MT,Glacier,Santa Rita
59430,47.320831,-109.946899,MT,Fergus,Denton
59432,48.215159,-112.671463,MT,Pondera,Dupuyer
59433,47.846215,-111.709429,MT,Teton,Dutton
59434,48.444373,-113.218214,MT,Glacier,E Glacier Par
59434,48.444373,-113.218214,MT,Glacier,E Glacier Park
59434,48.444373,-113.218214,MT,Glacier,E Glacier Pk
59434,48.444373,-113.218214,MT,Glacier,East Glacier
59434,48.444373,-113.218214,MT,Glacier,East Glacier Park
59434,48.444373,-113.218214,MT,Glacier,Rising Sun
59435,48.594725,-112.101698,MT,Toole,Ethridge
59436,47.614592,-112.099185,MT,Teton,Fairfield
59436,47.614592,-112.099185,MT,Teton,Golden Ridge
59440,47.655537,-111.198143,MT,Chouteau,Carter
59440,47.655537,-111.198143,MT,Chouteau,Floweree
59441,46.86725,-109.053316,MT,Fergus,Forest Grove
59442,47.819573,-110.670979,MT,Chouteau,Fort Benton
59443,47.557372,-111.809255,MT,Cascade,Fort Shaw
59444,48.734732,-111.46832,MT,Toole,Galata
59446,47.601836,-110.26977,MT,Chouteau,Geraldine
59446,47.601836,-110.26977,MT,Chouteau,Square Butte
59447,47.220782,-110.430563,MT,Judith Basin,Geyser
59448,48.315582,-112.929607,MT,Pondera,Heart Butte
59450,47.628889,-110.571944,MT,Chouteau,Highwood
59450,47.628889,-110.571944,MT,Chouteau,Shonkin
59451,47.067997,-109.432142,MT,Fergus,Hilger
59452,46.869446,-110.205075,MT,Judith Basin,Hobson
59453,46.605514,-109.599361,MT,Wheatland,Garneill
59453,46.605514,-109.599361,MT,Wheatland,Judith Gap
59454,48.746263,-112.014265,MT,Toole,Kevin
59456,48.290217,-111.742416,MT,Pondera,Ledger
59457,47.04978,-109.4253,MT,Fergus,Heath
59457,47.04978,-109.4253,MT,Fergus,Lewistown
59460,48.00334,-110.389738,MT,Chouteau,Loma
59461,48.471787,-111.232307,MT,Liberty,Lothair
59462,47.108054,-109.880806,MT,Judith Basin,Benchland
59462,47.108054,-109.880806,MT,Judith Basin,Moccasin
59463,47.078415,-110.835427,MT,Cascade,Monarch
59464,46.971054,-109.694698,MT,Fergus,Moore
59465,47.046281,-110.77049,MT,Cascade,Neihart
59466,48.754167,-111.774167,MT,Toole,Ferdig
59466,48.754167,-111.774167,MT,Toole,Oilmont
59467,48.080537,-112.278112,MT,Teton,Pendroy
59468,47.650996,-111.479871,MT,Teton,Power
59469,47.248401,-110.684347,MT,Judith Basin,Raynesford
59471,47.406535,-108.739056,MT,Fergus,Roy
59472,47.394577,-111.164252,MT,Cascade,Sand Coulee
59472,47.394577,-111.164252,MT,Cascade,Tracy
59474,48.50959,-111.830333,MT,Toole,Lothair
59474,48.50959,-111.830333,MT,Toole,Shelby
59477,47.496332,-111.92872,MT,Cascade,Simms
59479,47.14392,-110.17038,MT,Judith Basin,Stanford
59479,47.14392,-110.17038,MT,Judith Basin,Windham
59480,47.237996,-111.146478,MT,Cascade,Stockett
59482,48.879734,-111.911966,MT,Toole,Sunburst
59483,47.502761,-111.746669,MT,Cascade,Sun River
59484,48.964779,-112.030107,MT,Toole,Sweet Grass
59485,47.421211,-111.544461,MT,Cascade,Ulm
59486,48.306088,-112.253949,MT,Pondera,Valier
59487,47.57006,-111.616366,MT,Cascade,Vaughn
59489,47.631387,-109.214912,MT,Fergus,Winifred
59501,48.544915,-109.682429,MT,Hill,Havre
59520,48.059026,-110.023117,MT,Chouteau,Big Sandy
59521,48.320436,-109.832831,MT,Hill,Box Elder
59521,48.320436,-109.832831,MT,Hill,Rocky Boy
59522,48.510703,-110.964702,MT,Liberty,Chester
59523,48.588629,-109.229533,MT,Blaine,Chinook
59524,48.201646,-108.522788,MT,Phillips,Dodson
59525,48.601564,-110.267779,MT,Hill,Gildford
59526,48.600839,-108.85251,MT,Blaine,Harlem
59527,48.2096,-108.804992,MT,Blaine,Hays
59528,48.595491,-110.425625,MT,Hill,Hingham
59529,48.877402,-108.722102,MT,Blaine,Hogeland
59530,48.625245,-110.686243,MT,Hill,Inverness
59531,48.697325,-110.825078,MT,Liberty,Joplin
59532,48.567704,-110.047892,MT,Hill,Kremlin
59535,48.043936,-109.213597,MT,Blaine,Chinook
59535,48.043936,-109.213597,MT,Blaine,Lloyd
59537,48.818755,-107.913955,MT,Phillips,Loring
59538,48.34368,-107.83938,MT,Phillips,Malta
59538,48.34368,-107.83938,MT,Phillips,Wagner
59540,48.653209,-110.555719,MT,Hill,Rudyard
59542,48.876686,-108.374004,MT,Blaine,Turner
59544,48.874101,-107.391343,MT,Phillips,Whitewater
59545,48.839116,-111.102519,MT,Liberty,Whitlash
59546,47.91743,-108.53018,MT,Phillips,Zortman
59547,48.654051,-109.212878,MT,Blaine,Zurich
59601,46.625304,-112.009553,MT,Lewis and Clark,Helena
59602,46.645305,-111.974322,MT,Lewis and Clark,Helena
59604,46.615752,-111.963247,MT,Lewis and Clark,Helena
59620,46.532823,-112.157489,MT,Lewis and Clark,Helena
59620,46.532823,-112.157489,MT,Lewis and Clark,State of Montana
59623,46.608066,-112.014893,MT,Lewis and Clark,City County Building
59623,46.608066,-112.014893,MT,Lewis and Clark,Helena
59624,46.597949,-112.031022,MT,Lewis and Clark,Helena
59625,46.609086,-112.039756,MT,Lewis and Clark,Carroll College
59625,46.609086,-112.039756,MT,Lewis and Clark,Helena
59626,46.603688,-112.036306,MT,Lewis and Clark,Helena
59631,46.303194,-112.367722,MT,Jefferson,Basin
59632,46.202844,-112.081611,MT,Jefferson,Boulder
59633,46.839213,-112.306088,MT,Lewis and Clark,Canyon Creek
59634,46.49538,-111.9675,MT,Jefferson,Clancy
59634,46.49538,-111.9675,MT,Jefferson,Montana City
59635,46.60124,-111.890548,MT,Lewis and Clark,East Helena
59636,46.604791,-112.091661,MT,Lewis and Clark,Fort Harrison
59638,46.383852,-112.059319,MT,Jefferson,Jefferson City
59638,46.383852,-112.059319,MT,Jefferson,Jefferson Cty
59639,46.9463,-112.914727,MT,Lewis and Clark,Lincoln
59640,46.753933,-112.302114,MT,Lewis and Clark,Marysville
59641,46.200663,-111.63195,MT,Broadwater,Radersburg
59641,46.200663,-111.63195,MT,Broadwater,Toston
59642,46.301734,-110.872484,MT,Meagher,Ringling
59643,46.175683,-111.481307,MT,Broadwater,Toston
59644,46.316771,-111.4904,MT,Broadwater,Townsend
59645,46.539963,-110.910288,MT,Meagher,White Sulphur Springs
59645,46.539963,-110.910288,MT,Meagher,Wht Sphr Spgs
59647,46.363288,-111.641755,MT,Broadwater,Winston
59648,47.044107,-112.063648,MT,Lewis and Clark,Craig
59648,47.044107,-112.063648,MT,Lewis and Clark,Wolf Creek
59701,45.94674,-112.51734,MT,Silver Bow,Butte
59701,45.94674,-112.51734,MT,Silver Bow,Rocker
59701,45.94674,-112.51734,MT,Silver Bow,Walkerville
59702,45.908075,-112.496591,MT,Silver Bow,Butte
59703,45.988187,-112.551908,MT,Silver Bow,Butte
59707,46.005208,-112.53493,MT,Silver Bow,Butte
59707,46.005208,-112.53493,MT,Silver Bow,Montana Power Co
59710,45.289372,-112.104091,MT,Madison,Alder
59711,46.13982,-113.04594,MT,Deer Lodge,Anaconda
59711,46.13982,-113.04594,MT,Deer Lodge,Fairmont
59711,46.13982,-113.04594,MT,Deer Lodge,Georgetown
59711,46.13982,-113.04594,MT,Deer Lodge,Opportunity
59713,46.781637,-112.75714,MT,Powell,Avon
59714,45.816111,-111.161003,MT,Gallatin,Belgrade
59715,45.674022,-111.064218,MT,Gallatin,Bozeman
59716,45.264965,-111.25312,MT,Gallatin,Big Sky
59717,45.661963,-111.059937,MT,Gallatin,Bozeman
59717,45.661963,-111.059937,MT,Gallatin,Montana State Univ Bozeman
59718,45.646519,-111.204847,MT,Gallatin,Bozeman
59719,45.678181,-111.036579,MT,Gallatin,Bozeman
59720,44.97768,-111.619208,MT,Madison,Cameron
59721,45.862721,-111.977005,MT,Jefferson,Cardwell
59722,46.38042,-112.72236,MT,Powell,Deer Lodge
59722,46.38042,-112.72236,MT,Powell,Galen
59724,44.72399,-112.70015,MT,Beaverhead,Dell
59725,45.21189,-112.649262,MT,Beaverhead,Dillon
59725,45.21189,-112.649262,MT,Beaverhead,Grant
59727,45.780438,-112.710053,MT,Silver Bow,Divide
59728,46.574757,-112.497615,MT,Powell,Elliston
59729,45.34276,-111.72733,MT,Madison,Ennis
59730,45.438705,-111.215519,MT,Gallatin,Gallatin Gateway
59730,45.438705,-111.215519,MT,Gallatin,Gallatin Gtwy
59731,46.521788,-112.859419,MT,Powell,Garrison
59732,45.480685,-112.692146,MT,Beaverhead,Glen
59733,46.559875,-112.937996,MT,Powell,Gold Creek
59735,45.73286,-111.801147,MT,Madison,Harrison
59736,45.398432,-113.455323,MT,Beaverhead,Jackson
59739,44.643198,-112.601232,MT,Beaverhead,Lima
59740,45.448495,-111.784925,MT,Madison,Mc Allister
59740,45.448495,-111.784925,MT,Madison,McAllister
59741,45.76488,-111.33894,MT,Gallatin,Amsterdam
59741,45.76488,-111.33894,MT,Gallatin,Manhattan
59743,45.63169,-112.680504,MT,Silver Bow,Melrose
59745,45.542794,-111.721642,MT,Madison,Norris
59746,45.368244,-113.118995,MT,Beaverhead,Polaris
59747,45.605632,-111.932296,MT,Madison,Pony
59748,46.107165,-112.642452,MT,Silver Bow,Ramsay
59749,45.43669,-112.181736,MT,Madison,Sheridan
59750,45.974422,-112.808021,MT,Silver Bow,Butte
59750,45.974422,-112.808021,MT,Silver Bow,Silverbow
59751,45.695744,-112.271489,MT,Madison,Silver Star
59752,45.88002,-111.57624,MT,Gallatin,Three Forks
59752,45.88002,-111.57624,MT,Gallatin,Trident
59754,45.57253,-112.392846,MT,Madison,Twin Bridges
59755,45.294302,-111.94173,MT,Madison,Virginia City
59756,46.221341,-112.793192,MT,Deer Lodge,Warm Springs
59758,44.711443,-111.150995,MT,Gallatin,W Yellowstone
59758,44.711443,-111.150995,MT,Gallatin,West Yellowstone
59759,45.87016,-112.140493,MT,Jefferson,Whitehall
59760,45.823617,-111.635853,MT,Gallatin,Willow Creek
59761,45.700642,-113.604601,MT,Beaverhead,Wisdom
59762,45.695538,-113.082229,MT,Beaverhead,Wise River
59771,45.680005,-111.14623,MT,Gallatin,Bozeman
59772,45.66142,-111.113994,MT,Gallatin,Bozeman
59773,45.67108,-111.082432,MT,Gallatin,Bozeman
59801,46.85865,-114.039769,MT,Missoula,East Missoula
59801,46.85865,-114.039769,MT,Missoula,Missoula
59801,46.85865,-114.039769,MT,Missoula,MSLA
59802,46.894225,-114.012626,MT,Missoula,Missoula
59802,46.894225,-114.012626,MT,Missoula,MSLA
59803,46.821982,-114.017179,MT,Missoula,Missoula
59803,46.821982,-114.017179,MT,Missoula,MSLA
59804,46.854972,-114.192637,MT,Missoula,Missoula
59804,46.854972,-114.192637,MT,Missoula,MSLA
59806,46.916293,-114.152007,MT,Missoula,Missoula
59806,46.916293,-114.152007,MT,Missoula,MSLA
59807,46.968666,-113.967458,MT,Missoula,Missoula
59807,46.968666,-113.967458,MT,Missoula,MSLA
59808,46.849245,-114.014432,MT,Missoula,Missoula
59808,46.849245,-114.014432,MT,Missoula,MSLA
59812,46.858954,-113.98647,MT,Missoula,Missoula
59812,46.858954,-113.98647,MT,Missoula,MSLA
59812,46.858954,-113.98647,MT,Missoula,Univ of Montana Missoula
59820,47.006105,-114.508962,MT,Mineral,Alberton
59821,47.161056,-114.051408,MT,Lake,Arlee
59823,46.877569,-113.629257,MT,Missoula,Bonner
59823,46.877569,-113.629257,MT,Missoula,Greenough
59823,46.877569,-113.629257,MT,Missoula,Potomac
59824,47.370556,-114.265,MT,Lake,Charlo
59824,47.370556,-114.265,MT,Lake,Moiese
59825,46.76106,-113.67738,MT,Missoula,Clinton
59825,46.76106,-113.67738,MT,Missoula,Turah
59826,47.490393,-113.715644,MT,Missoula,Condon
59826,47.490393,-113.715644,MT,Missoula,Swan Valley
59827,45.856111,-114.335036,MT,Ravalli,Conner
59828,46.318428,-114.086766,MT,Ravalli,Corvallis
59829,45.99256,-114.180694,MT,Ravalli,Darby
59830,47.393745,-115.346115,MT,Mineral,De Borgia
59831,47.306648,-114.369745,MT,Sanders,Dixon
59832,46.660732,-113.170929,MT,Granite,Drummond
59833,46.628966,-114.065961,MT,Ravalli,Florence
59834,47.047842,-114.238465,MT,Missoula,Frenchtown
59835,46.200933,-114.142552,MT,Ravalli,Grantsdale
59837,46.396225,-113.279865,MT,Granite,Hall
59840,46.229862,-114.164719,MT,Ravalli,Hamilton
59840,46.229862,-114.164719,MT,Ravalli,Pinesdale
59841,46.328126,-114.218919,MT,Ravalli,Pinesdale
59842,47.387646,-115.396885,MT,Mineral,Haugan
59843,46.8791,-112.992491,MT,Powell,Helmville
59844,48.045445,-115.955721,MT,Sanders,Heron
59845,47.594102,-114.676664,MT,Sanders,Hot Springs
59845,47.594102,-114.676664,MT,Sanders,Niarada
59846,47.056338,-114.368199,MT,Missoula,Huson
59847,46.755902,-114.104293,MT,Missoula,Lolo
59848,47.672451,-114.665611,MT,Sanders,Lonepine
59851,46.873703,-113.87904,MT,Missoula,Milltown
59853,48.038456,-115.821818,MT,Sanders,Noxon
59854,47.033331,-113.032408,MT,Powell,Ovando
59855,47.617619,-114.12787,MT,Lake,Pablo
59856,47.38976,-114.798329,MT,Sanders,Paradise
59858,46.298846,-113.361385,MT,Granite,Philipsburg
59859,47.48194,-114.882862,MT,Sanders,Plains
59860,47.698356,-114.140847,MT,Lake,Polson
59863,47.276988,-114.180225,MT,Lake,Ravalli
59864,47.541838,-114.139907,MT,Lake,Ronan
59865,47.357879,-114.052628,MT,Lake,Saint Ignatius
59865,47.357879,-114.052628,MT,Lake,St Ignatius
59866,47.298848,-115.094482,MT,Mineral,Saint Regis
59866,47.298848,-115.094482,MT,Mineral,St Regis
59867,47.409754,-115.507715,MT,Mineral,Saltese
59868,47.224412,-113.499488,MT,Missoula,Seeley Lake
59870,46.517886,-114.053727,MT,Ravalli,Stevensville
59871,45.787998,-113.882464,MT,Ravalli,Sula
59872,47.178911,-114.885047,MT,Mineral,Superior
59873,47.621869,-115.34115,MT,Sanders,Copper King
59873,47.621869,-115.34115,MT,Sanders,Snider
59873,47.621869,-115.34115,MT,Sanders,Thompson Falls
59873,47.621869,-115.34115,MT,Sanders,Thompson Fls
59874,47.788105,-115.556441,MT,Sanders,Trout Creek
59875,46.402361,-114.16702,MT,Ravalli,Victor
59901,48.211236,-114.293904,MT,Flathead,Creston
59901,48.211236,-114.293904,MT,Flathead,Evergreen
59901,48.211236,-114.293904,MT,Flathead,Kalispell
59903,48.193033,-114.357878,MT,Flathead,Kalispell
59904,48.194518,-114.312264,MT,Flathead,Kalispell
59910,47.793773,-114.294753,MT,Lake,Big Arm
59911,47.88186,-113.96508,MT,Flathead,Bigfork
59911,47.88186,-113.96508,MT,Flathead,Swan Lake
59912,48.365309,-114.192688,MT,Flathead,Columbia Falls
59912,48.365309,-114.192688,MT,Flathead,Columbia Fls
59913,48.436737,-114.050697,MT,Flathead,Coram
59914,47.862589,-114.305026,MT,Lake,Dayton
59915,47.817641,-114.391045,MT,Lake,Elmo
59916,48.617497,-113.909544,MT,Flathead,Essex
59917,48.87624,-115.050699,MT,Lincoln,Eureka
59918,48.788062,-114.88673,MT,Lincoln,Fortine
59919,48.389687,-114.063005,MT,Flathead,Hungry Horse
59920,48.065157,-114.502262,MT,Flathead,Kila
59921,48.621891,-113.873901,MT,Flathead,Lake Mc Donald
59921,48.621891,-113.873901,MT,Flathead,Lake McDonald
59921,48.621891,-113.873901,MT,Flathead,West Glacier
59922,48.013825,-114.222798,MT,Flathead,Lakeside
59923,48.354099,-115.518696,MT,Lincoln,Libby
59925,48.110021,-114.757542,MT,Flathead,Marion
59926,48.391343,-114.039284,MT,Flathead,Martin City
59927,48.542035,-114.572329,MT,Flathead,Olney
59928,48.901396,-114.402528,MT,Flathead,Polebridge
59929,47.926738,-114.371692,MT,Lake,Proctor
59930,48.917495,-115.17353,MT,Lincoln,Rexford
59931,47.923649,-114.259943,MT,Lake,Rollins
59932,48.079312,-114.238947,MT,Flathead,Somers
59933,48.6739,-114.769336,MT,Lincoln,Stryker
59934,48.702155,-114.871301,MT,Lincoln,Trego
59935,48.462428,-115.874402,MT,Lincoln,Troy
59935,48.462428,-115.874402,MT,Lincoln,Yaak
59936,48.4972,-113.989197,MT,Flathead,Apgar
59936,48.4972,-113.989197,MT,Flathead,West Glacier
59937,48.408343,-114.352231,MT,Flathead,Whitefish
