64151,39.210632,-94.629615,MO,Platte,Parkville
64151,39.210632,-94.629615,MO,Platte,Platte Woods
64151,39.210632,-94.629615,MO,Platte,Riverside
64152,39.21816,-94.7307,MO,Platte,Kansas City
64152,39.21816,-94.7307,MO,Platte,Parkville
64152,39.21816,-94.7307,MO,Platte,Weatherby Lake
64152,39.21816,-94.7307,MO,Platte,Wthrby Lake
64153,39.27337,-94.691489,MO,Platte,Kansas City
64153,39.27337,-94.691489,MO,Platte,Weatherby Lake
64153,39.27337,-94.691489,MO,Platte,Wthrby Lake
64154,39.276392,-94.627724,MO,Platte,Kansas City
64155,39.27431,-94.569245,MO,Clay,Gladstone
64155,39.27431,-94.569245,MO,Clay,Kansas City
64156,39.277465,-94.525144,MO,Clay,Gladstone
64156,39.277465,-94.525144,MO,Clay,Kansas City
64157,39.277775,-94.470561,MO,Clay,Kansas City
64158,39.236716,-94.481086,MO,Clay,Kansas City
64161,39.161625,-94.466674,MO,Clay,Birmingham
64161,39.161625,-94.466674,MO,Clay,Kansas City
64161,39.161625,-94.466674,MO,Clay,Randolph
64163,39.33674,-94.74472,MO,Platte,Ferrelview
64163,39.33674,-94.74472,MO,Platte,Kansas City
64164,39.324928,-94.62188,MO,Platte,Kansas City
64165,39.325453,-94.562798,MO,Clay,Gladstone
64165,39.325453,-94.562798,MO,Clay,Kansas City
64166,39.320343,-94.520486,MO,Clay,Gladstone
64166,39.320343,-94.520486,MO,Clay,Kansas City
64167,39.319126,-94.48513,MO,Clay,Kansas City
64168,39.168601,-94.631918,MO,Platte,Kansas City
64168,39.168601,-94.631918,MO,Platte,Riverside
64170,38.951885,-94.546834,MO,Jackson,Internal Revenue Service
64170,38.951885,-94.546834,MO,Jackson,Kansas City
64170,38.951885,-94.546834,MO,Jackson,Midwest Service Center
64171,39.05094,-94.588104,MO,Jackson,K C
64171,39.05094,-94.588104,MO,Jackson,Kansas City
64171,39.05094,-94.588104,MO,Jackson,Ks City
64172,39.085183,-94.584504,MO,Jackson,Kansas City
64179,39.12322,-94.555049,MO,Jackson,Kansas City
64180,39.101274,-94.582363,MO,Jackson,Commerce Bank
64180,39.101274,-94.582363,MO,Jackson,Kansas City
64183,39.101533,-94.579269,MO,Jackson,First National Bank
64183,39.101533,-94.579269,MO,Jackson,Kansas City
64184,39.1073,-94.592461,MO,Jackson,ATT
64184,39.1073,-94.592461,MO,Jackson,Kansas City
64185,39.101999,-94.580594,MO,Jackson,Kansas City
64185,39.101999,-94.580594,MO,Jackson,Southwestern Bell Telephone
64187,39.099481,-94.577936,MO,Jackson,Kansas City
64187,39.099481,-94.577936,MO,Jackson,United Missouri Bank
64188,39.099722,-94.578333,MO,Clay,Gladstone
64188,39.099722,-94.578333,MO,Clay,K C
64188,39.099722,-94.578333,MO,Clay,Kansas City
64188,39.099722,-94.578333,MO,Clay,Ks City
64190,39.188576,-94.682108,MO,Platte,Kansas City
64191,39.087629,-94.584711,MO,Jackson,Kansas City
64192,38.923773,-94.505595,MO,Jackson,Kansas City
64193,39.270262,-94.672202,MO,Jackson,Centerre Bank of KC
64193,39.270262,-94.672202,MO,Jackson,Kansas City
64194,39.101721,-94.583683,MO,Jackson,Gas Service Co
64194,39.101721,-94.583683,MO,Jackson,Kansas City
64195,39.30204,-94.718377,MO,Platte,Kansas City
64196,39.098923,-94.583366,MO,Jackson,Kansas City
64197,38.956872,-94.571143,MO,Jackson,Kansas City
64197,38.956872,-94.571143,MO,Jackson,Marine Corps Finance Center
64198,39.101834,-94.582276,MO,Jackson,Federal Reserve
64198,39.101834,-94.582276,MO,Jackson,Kansas City
64199,39.104105,-94.583828,MO,Jackson,Kansas City
64401,39.663257,-94.685736,MO,Buchanan,Agency
64402,40.248635,-94.331441,MO,Gentry,Albany
64402,40.248635,-94.331441,MO,Gentry,Gentryville
64420,40.483158,-94.288233,MO,Worth,Allendale
64421,39.9136,-94.923408,MO,Andrew,Amazonia
64422,39.88912,-94.521091,MO,Dekalb,Amity
64423,40.357435,-94.891923,MO,Nodaway,Barnard
64424,40.265514,-94.034115,MO,Harrison,Bethany
64426,40.471399,-93.926357,MO,Harrison,Blythedale
64427,40.112616,-94.822092,MO,Andrew,Bolckow
64428,40.436052,-95.019402,MO,Nodaway,Brlngton Jctn
64428,40.436052,-95.019402,MO,Nodaway,Burlingtn Jct
64428,40.436052,-95.019402,MO,Nodaway,Burlington Junction
64429,39.735615,-94.243823,MO,Clinton,Cameron
64430,39.813236,-94.522762,MO,Dekalb,Clarksdale
64431,40.506061,-95.034696,MO,Nodaway,Clearmont
64432,40.271216,-94.639774,MO,Nodaway,Clyde
64433,40.229469,-94.674235,MO,Nodaway,Conception
64434,40.276364,-94.718527,MO,Nodaway,Cncpton Jctn
64434,40.276364,-94.718527,MO,Nodaway,Conception Junction
64436,39.850155,-94.682207,MO,Andrew,Cosby
64437,40.156812,-95.358379,MO,Holt,Bigelow
64437,40.156812,-95.358379,MO,Holt,Corning
64437,40.156812,-95.358379,MO,Holt,Craig
64437,40.156812,-95.358379,MO,Holt,Fortescue
64438,40.18873,-94.413883,MO,Gentry,Darlington
64439,39.527161,-94.767966,MO,Platte,Dearborn
64440,39.575413,-94.939986,MO,Buchanan,De Kalb
64441,40.427871,-94.290489,MO,Worth,Denver
64442,40.519342,-94.028691,MO,Harrison,Eagleville
64443,39.764417,-94.661851,MO,Buchanan,Easton
64444,39.505807,-94.633325,MO,Platte,Edgerton
64445,40.515953,-95.127844,MO,Nodaway,Elmo
64446,40.33906,-95.392618,MO,Atchison,Fairfax
64447,39.990042,-94.346138,MO,Dekalb,Fairport
64448,39.585293,-94.799734,MO,Buchanan,Faucett
64449,40.003091,-94.948412,MO,Andrew,Fillmore
64451,39.983626,-95.222753,MO,Holt,Forest City
64453,40.33182,-94.42099,MO,Gentry,Gentry
64454,39.591475,-94.589642,MO,Clinton,Gower
64455,40.204423,-95.043228,MO,Nodaway,Graham
64456,40.484416,-94.411236,MO,Worth,Grant City
64457,40.172689,-94.676814,MO,Nodaway,Guilford
64458,40.521238,-94.177381,MO,Harrison,Hatfield
64459,39.935056,-94.690651,MO,Andrew,Helena
64461,40.541882,-94.820256,MO,Nodaway,Hopkins
64463,40.050966,-94.519029,MO,Gentry,King City
64465,39.543217,-94.300166,MO,Clinton,Lathrop
64466,40.20326,-95.076602,MO,Holt,Maitland
64467,40.380894,-94.158772,MO,Harrison,Martinsville
64468,40.346452,-94.874254,MO,Nodaway,Maryville
64469,39.888652,-94.356601,MO,Dekalb,Maysville
64470,40.133489,-95.230985,MO,Holt,Mound City
64471,40.215738,-94.158435,MO,Harrison,New Hampton
64473,39.993891,-95.139533,MO,Holt,Oregon
64474,39.791289,-94.290578,MO,Dekalb,Osborn
64475,40.49744,-94.682353,MO,Nodaway,Parnell
64476,40.467593,-94.833148,MO,Nodaway,Pickering
64477,39.56275,-94.455169,MO,Clinton,Plattsburg
64479,40.351795,-94.672436,MO,Nodaway,Ravenwood
64480,40.058207,-94.688636,MO,Andrew,Rea
64481,40.41812,-93.986501,MO,Harrison,Mount Moriah
64481,40.41812,-93.986501,MO,Harrison,Ridgeway
64482,40.411278,-95.516834,MO,Atchison,Rock Port
64482,40.411278,-95.516834,MO,Atchison,Rockport
64483,40.042615,-94.834753,MO,Andrew,Rosendale
64484,39.587737,-95.016396,MO,Buchanan,Rushville
64484,39.587737,-95.016396,MO,Buchanan,Winthrop
64485,39.940137,-94.827263,MO,Andrew,Savannah
64486,40.487896,-94.545144,MO,Worth,Sheridan
64487,40.290788,-95.07394,MO,Nodaway,Quitman
64487,40.290788,-95.07394,MO,Nodaway,Skidmore
64489,40.218266,-94.538896,MO,Gentry,Stanberry
64490,39.7539,-94.5027,MO,Dekalb,Hemple
64490,39.7539,-94.5027,MO,Dekalb,Stewartsville
64491,40.437869,-95.386243,MO,Atchison,Tarkio
64492,39.494736,-94.563052,MO,Clinton,Trimble
64493,39.629025,-94.288659,MO,Clinton,Turney
64494,39.978656,-94.597443,MO,Dekalb,Union Star
64496,40.481889,-95.62734,MO,Atchison,Watson
64497,39.889149,-94.261031,MO,Dekalb,Weatherby
64498,40.527669,-95.31443,MO,Atchison,Westboro
64499,40.42653,-94.421383,MO,Worth,Worth
64501,39.765162,-94.844255,MO,Buchanan,Saint Joseph
64501,39.765162,-94.844255,MO,Buchanan,St Joseph
64502,39.763607,-94.849982,MO,Buchanan,Saint Joseph
64503,39.738976,-94.817292,MO,Buchanan,Saint Joseph
64504,39.714268,-94.865023,MO,Buchanan,Saint Joseph
64505,39.791709,-94.841238,MO,Buchanan,Saint Joseph
64505,39.791709,-94.841238,MO,Buchanan,St Joseph
64506,39.788843,-94.802142,MO,Buchanan,Saint Joseph
64507,39.748921,-94.808435,MO,Buchanan,Saint Joseph
64508,39.776769,-94.801029,MO,Buchanan,Saint Joseph
64601,39.793244,-93.553948,MO,Livingston,Avalon
64601,39.793244,-93.553948,MO,Livingston,Chillicothe
64620,39.932494,-94.078627,MO,Daviess,Altamont
64622,39.315895,-93.498092,MO,Carroll,Bogard
64623,39.468808,-93.339284,MO,Carroll,Bosworth
64624,39.593217,-93.788696,MO,Caldwell,Braymer
64625,39.745818,-93.81666,MO,Caldwell,Breckenridge
64628,39.788893,-93.073091,MO,Linn,Brookfield
64628,39.788893,-93.073091,MO,Linn,Saint Catharine
64628,39.788893,-93.073091,MO,Linn,St Catharine
64630,40.008468,-93.170966,MO,Linn,Browning
64631,39.784881,-92.887121,MO,Linn,Bucklin
64632,40.481913,-93.743319,MO,Harrison,Cainsville
64633,39.364841,-93.49329,MO,Carroll,Carrollton
64633,39.364841,-93.49329,MO,Carroll,Wakenda
64635,39.92212,-93.477648,MO,Livingston,Chula
64636,40.091422,-94.050445,MO,Daviess,Coffey
64637,39.569295,-93.927257,MO,Caldwell,Cowgill
64638,39.664408,-93.588363,MO,Livingston,Dawn
64639,39.35089,-93.296628,MO,Carroll,De Witt
64640,39.90282,-93.9687,MO,Daviess,Gallatin
64640,39.90282,-93.9687,MO,Daviess,Lake Viking
64641,40.15695,-93.412411,MO,Grundy,Galt
64642,40.14708,-93.84612,MO,Harrison,Brimson
64642,40.14708,-93.84612,MO,Harrison,Gilman City
64643,39.569873,-93.346196,MO,Carroll,Hale
64644,39.743022,-93.997309,MO,Caldwell,Hamilton
64645,40.312175,-93.345961,MO,Sullivan,Harris
64646,40.116732,-93.295002,MO,Sullivan,Humphreys
64647,40.011109,-93.96,MO,Daviess,Jameson
64648,40.011038,-93.792366,MO,Daviess,Jamesport
64649,39.74125,-94.151132,MO,Caldwell,Kidder
64650,39.654749,-94.093356,MO,Caldwell,Kingston
64651,39.787818,-93.16606,MO,Linn,Laclede
64652,39.996154,-93.433679,MO,Grundy,Laredo
64653,39.775581,-93.062095,MO,Linn,Linneus
64654,39.903622,-93.817115,MO,Daviess,Lock Springs
64655,40.430295,-93.284993,MO,Putnam,Lucerne
64656,39.655647,-93.703058,MO,Livingston,Ludlow
64657,40.104867,-94.328531,MO,Gentry,Mc Fall
64657,40.104867,-94.328531,MO,Gentry,McFall
64658,39.714416,-92.94732,MO,Linn,Marceline
64659,39.78024,-93.29994,MO,Linn,Meadville
64660,39.589805,-93.132076,MO,Chariton,Mendon
64661,40.527222,-93.497307,MO,Mercer,Mercer
64664,39.742218,-93.716811,MO,Livingston,Mooresville
64667,40.345569,-93.268683,MO,Sullivan,Newtown
64668,39.299291,-93.677905,MO,Carroll,Norborne
64670,40.043173,-94.136185,MO,Daviess,Pattonsburg
64671,39.556678,-94.038416,MO,Caldwell,Mirabile
64671,39.556678,-94.038416,MO,Caldwell,Polo
64672,40.528235,-93.285829,MO,Putnam,Powersville
64673,40.396487,-93.583391,MO,Mercer,Princeton
64674,39.957574,-93.176712,MO,Linn,Purdin
64676,39.653317,-93.0634,MO,Chariton,Rothville
64679,40.233193,-93.498769,MO,Grundy,Spickard
64680,39.424328,-93.757542,MO,Carroll,Norborne
64680,39.424328,-93.757542,MO,Carroll,Stet
64681,39.655667,-93.244717,MO,Chariton,Sumner
64682,39.570852,-93.476707,MO,Carroll,Tina
64683,40.078927,-93.611226,MO,Grundy,Trenton
64686,39.73782,-93.627947,MO,Livingston,Utica
64688,39.805261,-93.393424,MO,Livingston,Wheeling
64689,39.871939,-94.138417,MO,Daviess,Winston
64701,38.629786,-94.326071,MO,Cass,Harrisonville
64720,38.397993,-94.348187,MO,Bates,Adrian
64722,38.270029,-94.560921,MO,Bates,Amoret
64723,38.394087,-94.56304,MO,Bates,Amsterdam
64724,38.188111,-94.027023,MO,Saint Clair,Appleton City
64725,38.482614,-94.355052,MO,Cass,Archie
64725,38.482614,-94.355052,MO,Cass,Austin
64726,38.554804,-93.958139,MO,Henry,Blairstown
64728,37.690562,-94.46302,MO,Vernon,Bronaugh
64730,38.256683,-94.337631,MO,Bates,Butler
64730,38.256683,-94.337631,MO,Bates,Passaic
64733,38.586839,-93.857218,MO,Johnson,Chilhowee
64734,38.678619,-94.592674,MO,Cass,Cleveland
64734,38.678619,-94.592674,MO,Cass,West Line
64735,38.370798,-93.768621,MO,Henry,Clinton
64738,37.869606,-93.678666,MO,Saint Clair,Collins
64739,38.504829,-94.095951,MO,Henry,Creighton
64740,38.262928,-93.77834,MO,Henry,Deepwater
64741,37.810088,-94.512447,MO,Vernon,Deerfield
64742,38.479745,-94.607715,MO,Bates,Drexel
64743,38.668198,-94.227681,MO,Cass,East Lynne
64744,37.87184,-94.022563,MO,Cedar,El Dorado Spg
64744,37.87184,-94.022563,MO,Cedar,El Dorado Springs
64744,37.87184,-94.022563,MO,Cedar,Eldorado Springs
64745,38.173144,-94.553762,MO,Bates,Foster
64746,38.610172,-94.477945,MO,Cass,Freeman
64746,38.610172,-94.477945,MO,Cass,Lake Annette
64747,38.555303,-94.188013,MO,Cass,Garden City
64747,38.555303,-94.188013,MO,Cass,Gunn City
64747,38.555303,-94.188013,MO,Cass,Latour
64748,37.392379,-94.092888,MO,Barton,Golden City
64750,37.94958,-94.1157,MO,Vernon,Harwood
64752,38.090159,-94.586446,MO,Bates,Hume
64752,38.090159,-94.586446,MO,Bates,Stotesbury
64755,37.326541,-94.302019,MO,Jasper,Jasper
64756,37.669139,-94.008138,MO,Cedar,Jerico Spgs
64756,37.669139,-94.008138,MO,Cedar,Jerico Sprgs
64756,37.669139,-94.008138,MO,Cedar,Jerico Springs
64759,37.493876,-94.271176,MO,Barton,Iantha
64759,37.493876,-94.271176,MO,Barton,Irwin
64759,37.493876,-94.271176,MO,Barton,Lamar
64761,38.583887,-93.691195,MO,Johnson,Leeton
64762,37.557891,-94.514277,MO,Barton,Liberal
64763,38.137469,-93.726117,MO,Saint Clair,Lowry City
64765,37.996719,-94.444093,MO,Vernon,Metz
64766,37.586167,-94.155511,MO,Barton,Lamar
64766,37.586167,-94.155511,MO,Barton,Milford
64767,37.736932,-94.297334,MO,Vernon,Milo
64769,37.421285,-94.557183,MO,Barton,Mindenmines
64770,38.258039,-93.984093,MO,Henry,Montrose
64771,37.744332,-94.49454,MO,Vernon,Moundville
64772,37.838803,-94.36126,MO,Vernon,Camp Clark
64772,37.838803,-94.36126,MO,Vernon,Nevada
64776,38.040765,-93.704717,MO,Saint Clair,Damascus
64776,38.040765,-93.704717,MO,Saint Clair,Osceola
64778,37.941915,-94.557009,MO,Vernon,Horton
64778,37.941915,-94.557009,MO,Vernon,Richards
64779,38.09659,-94.36633,MO,Bates,Rich Hill
64780,38.07552,-94.14732,MO,Bates,Prairie City
64780,38.07552,-94.14732,MO,Bates,Rockville
64780,38.07552,-94.14732,MO,Bates,Taberville
64781,37.976815,-93.812387,MO,Saint Clair,Roscoe
64783,38.000678,-94.18369,MO,Vernon,Schell City
64784,37.658454,-94.297359,MO,Vernon,Sheldon
64788,38.458971,-93.995235,MO,Henry,Hartwell
64788,38.458971,-93.995235,MO,Henry,Urich
64789,37.989908,-93.664484,MO,Saint Clair,Vista
64790,37.888483,-94.232012,MO,Vernon,Walker
64801,37.1085,-94.51506,MO,Jasper,Belle Center
64801,37.1085,-94.51506,MO,Jasper,Central City
64801,37.1085,-94.51506,MO,Jasper,Duquesne
64801,37.1085,-94.51506,MO,Jasper,Grand Falls
64801,37.1085,-94.51506,MO,Jasper,Iron Gates
64801,37.1085,-94.51506,MO,Jasper,Joplin
64801,37.1085,-94.51506,MO,Jasper,Lakeside
64801,37.1085,-94.51506,MO,Jasper,Prosperity
64801,37.1085,-94.51506,MO,Jasper,Redings Mill
64801,37.1085,-94.51506,MO,Jasper,Stones Corner
64802,37.055577,-94.543038,MO,Jasper,Joplin
64803,37.034415,-94.509317,MO,Jasper,Joplin
64804,37.064704,-94.509874,MO,Jasper,Joplin
64804,37.064704,-94.509874,MO,Jasper,Loma Linda
64830,37.23559,-94.416734,MO,Jasper,Alba
64831,36.648293,-94.447841,MO,McDonald,Anderson
64832,37.272981,-94.609466,MO,Barton,Asbury
64833,37.193512,-94.132474,MO,Jasper,Avilla
64834,37.170235,-94.542468,MO,Jasper,Carl Junction
64834,37.170235,-94.542468,MO,Jasper,Smithfield
64834,37.170235,-94.542468,MO,Jasper,Stringtown
64835,37.148199,-94.439147,MO,Jasper,Carterville
64836,37.16829,-94.314586,MO,Jasper,Brooklyn Heights
64836,37.16829,-94.314586,MO,Jasper,Carthage
64836,37.16829,-94.314586,MO,Jasper,Carytown
64836,37.16829,-94.314586,MO,Jasper,Fidelity
64836,37.16829,-94.314586,MO,Jasper,Kendricktown
64836,37.16829,-94.314586,MO,Jasper,Morgan Heights
64836,37.16829,-94.314586,MO,Jasper,Scotland
64840,36.837638,-94.376662,MO,Newton,Diamond
64841,37.07785,-94.410853,MO,Jasper,Duenweg
64842,36.818748,-94.083802,MO,Newton,Fairview
64843,36.737322,-94.406831,MO,McDonald,Goodman
64844,36.92021,-94.267372,MO,Newton,Aroma
64844,36.92021,-94.267372,MO,Newton,Boulder City
64844,36.92021,-94.267372,MO,Newton,Granby
64847,36.598418,-94.457108,MO,McDonald,Lanagan
64848,37.193142,-94.01614,MO,Lawrence,La Russell
64848,37.193142,-94.01614,MO,Lawrence,Larussell
64849,37.258053,-94.444753,MO,Jasper,Neck City
64850,36.863757,-94.373223,MO,Newton,Neosho
64853,36.877158,-94.187271,MO,Newton,Neosho
64853,36.877158,-94.187271,MO,Newton,Newtonia
64854,36.541955,-94.486016,MO,McDonald,Noel
64855,37.189393,-94.466033,MO,Jasper,Oronogo
64856,36.58854,-94.36998,MO,McDonald,Jane
64856,36.58854,-94.36998,MO,McDonald,Pineville
64857,37.241722,-94.435865,MO,Jasper,Purcell
64858,36.896329,-94.52582,MO,Newton,Racine
64859,37.130651,-94.150465,MO,Jasper,Reeds
64861,36.701,-94.121763,MO,McDonald,Rocky Comfort
64862,37.06782,-94.126452,MO,Jasper,Sarcoxie
64863,36.510903,-94.612197,MO,McDonald,South West City
64863,36.510903,-94.612197,MO,McDonald,South West Cy
64864,37.025742,-94.470028,MO,Newton,Saginaw
64865,36.839888,-94.609979,MO,Newton,Hart
64865,36.839888,-94.609979,MO,Newton,Hornet
64865,36.839888,-94.609979,MO,Newton,Seneca
64866,36.885513,-94.142051,MO,Newton,Stark City
64867,36.747612,-94.218145,MO,Newton,Stella
64868,36.66728,-94.598784,MO,McDonald,Tiff City
64869,37.248466,-94.601234,MO,Jasper,Waco
64870,37.144119,-94.470557,MO,Jasper,Webb City
64873,36.98708,-94.134257,MO,Lawrence,Wentworth
64874,36.765366,-94.056563,MO,Barry,Wheaton
64944,38.956962,-94.549784,MO,Jackson,I R S Service Center
64944,38.956962,-94.549784,MO,Jackson,K C
64944,38.956962,-94.549784,MO,Jackson,Kansas City
64944,38.956962,-94.549784,MO,Jackson,Ks City
64999,38.953479,-94.549666,MO,Jackson,IRS Service Center
64999,38.953479,-94.549666,MO,Jackson,K C
64999,38.953479,-94.549666,MO,Jackson,Kansas City
64999,38.953479,-94.549666,MO,Jackson,Ks City
65001,38.299331,-92.007748,MO,Osage,Argyle
65010,38.789046,-92.259669,MO,Boone,Ashland
65011,38.400396,-92.756743,MO,Morgan,Barnett
65013,38.276622,-91.726297,MO,Maries,Belle
65013,38.276622,-91.726297,MO,Maries,Byron
65013,38.276622,-91.726297,MO,Maries,Koenig
65013,38.276622,-91.726297,MO,Maries,Lanes Prairie
65013,38.276622,-91.726297,MO,Maries,Paydown
65013,38.276622,-91.726297,MO,Maries,Summerfield
65014,38.302146,-91.63488,MO,Gasconade,Bland
65014,38.302146,-91.63488,MO,Gasconade,Canaan
65014,38.302146,-91.63488,MO,Gasconade,Cleavesville
65014,38.302146,-91.63488,MO,Gasconade,Cooper Hill
65014,38.302146,-91.63488,MO,Gasconade,Old Woolam
65014,38.302146,-91.63488,MO,Gasconade,Red Bird
65016,38.562513,-91.91976,MO,Osage,Bonnots Mill
65016,38.562513,-91.91976,MO,Osage,Frankenstein
65016,38.562513,-91.91976,MO,Osage,Luystown
65017,38.088152,-92.530146,MO,Miller,Brumley
65018,38.631897,-92.56772,MO,Moniteau,California
65018,38.631897,-92.56772,MO,Moniteau,Kliever
65020,38.0253,-92.77866,MO,Camden,Camdenton
65020,38.0253,-92.77866,MO,Camden,Greenview
65023,38.612674,-92.385139,MO,Cole,Centertown
65024,38.66424,-91.76916,MO,Osage,Chamois
65024,38.66424,-91.76916,MO,Osage,Freedom
65024,38.66424,-91.76916,MO,Osage,Mint Hill
65025,38.630773,-92.682499,MO,Moniteau,Clarksburg
65026,38.348224,-92.579976,MO,Miller,Aurora Springs
65026,38.348224,-92.579976,MO,Miller,Bagnell
65026,38.348224,-92.579976,MO,Miller,Eldon
65026,38.348224,-92.579976,MO,Miller,Etterville
65026,38.348224,-92.579976,MO,Miller,Lakeland
65032,38.386782,-92.366414,MO,Cole,Eugene
65032,38.386782,-92.366414,MO,Cole,Marys Home
65032,38.386782,-92.366414,MO,Cole,Spring Garden
65034,38.57784,-92.771549,MO,Moniteau,Fortuna
65035,38.33652,-91.92822,MO,Osage,Freeburg
65035,38.33652,-91.92822,MO,Osage,Rich Fountain
65036,38.672778,-91.636111,MO,Gasconade,Gasconade
65036,38.672778,-91.636111,MO,Gasconade,Morrison
65037,38.20192,-92.83719,MO,Morgan,Gravois Mills
65037,38.20192,-92.83719,MO,Morgan,Laurie
65038,38.199727,-92.833349,MO,Morgan,Gravois Mills
65038,38.199727,-92.833349,MO,Morgan,Laurie
65039,38.72943,-92.304428,MO,Boone,Hartsburg
65039,38.72943,-92.304428,MO,Boone,Wilton
65040,38.37972,-92.332906,MO,Cole,Henley
65040,38.37972,-92.332906,MO,Cole,Hickory Hill
65041,38.697938,-91.437726,MO,Gasconade,Case
65041,38.697938,-91.437726,MO,Gasconade,Hermann
65041,38.697938,-91.437726,MO,Gasconade,McKittrick
65041,38.697938,-91.437726,MO,Gasconade,Swiss
65042,38.478593,-92.606101,MO,Moniteau,California
65042,38.478593,-92.606101,MO,Moniteau,High Point
65043,38.639139,-92.116345,MO,Callaway,Holts Summit
65043,38.639139,-92.116345,MO,Callaway,Wainwright
65046,38.790635,-92.483677,MO,Moniteau,Cedron
65046,38.790635,-92.483677,MO,Moniteau,Jamestown
65046,38.790635,-92.483677,MO,Moniteau,Lupus
65046,38.790635,-92.483677,MO,Moniteau,Sandy Hook
65047,38.172871,-92.564265,MO,Miller,Kaiser
65048,38.321876,-92.052887,MO,Osage,Koeltztown
65049,38.200554,-92.711201,MO,Camden,Four Seasons
65049,38.200554,-92.711201,MO,Camden,Lake Ozark
65049,38.200554,-92.711201,MO,Camden,Village of Four Seasons
65049,38.200554,-92.711201,MO,Camden,Vlg of 4 Ssns
65050,38.547307,-92.64725,MO,Moniteau,Latham
65051,38.478325,-91.844999,MO,Osage,Linn
65052,38.040796,-92.70604,MO,Camden,Hugo
65052,38.040796,-92.70604,MO,Camden,Linn Creek
65053,38.541668,-92.33486,MO,Cole,Lohman
65054,38.462264,-91.955107,MO,Osage,Loose Creek
65055,38.627659,-92.566101,MO,Moniteau,Mc Girk
65058,38.270435,-92.133364,MO,Osage,Babbtown
65058,38.270435,-92.133364,MO,Osage,Meta
65058,38.270435,-92.133364,MO,Osage,Vancleve
65059,38.701839,-91.883986,MO,Callaway,Mokane
65061,38.502518,-91.534868,MO,Gasconade,Fredericksburg
65061,38.502518,-91.534868,MO,Gasconade,Gasconade
65061,38.502518,-91.534868,MO,Gasconade,Hope
65061,38.502518,-91.534868,MO,Gasconade,Morrison
65061,38.502518,-91.534868,MO,Gasconade,Pershing
65062,38.531941,-91.612913,MO,Gasconade,Bland
65062,38.531941,-91.612913,MO,Gasconade,Mount Sterling
65062,38.531941,-91.612913,MO,Gasconade,Mt Sterling
65063,38.74806,-92.08044,MO,Callaway,Dixie
65063,38.74806,-92.08044,MO,Callaway,Guthrie
65063,38.74806,-92.08044,MO,Callaway,New Bloomfield
65063,38.74806,-92.08044,MO,Callaway,New Bloomfld
65064,38.401211,-92.52525,MO,Miller,Olean
65065,38.136059,-92.6705,MO,Camden,Laguna Beach
65065,38.136059,-92.6705,MO,Camden,Osage Beach
65066,38.348543,-91.49903,MO,Gasconade,Bem
65066,38.348543,-91.49903,MO,Gasconade,Brush Creek
65066,38.348543,-91.49903,MO,Gasconade,Drake
65066,38.348543,-91.49903,MO,Gasconade,Old Woollam
65066,38.348543,-91.49903,MO,Gasconade,Owensville
65067,38.797987,-91.700471,MO,Callaway,Portland
65067,38.797987,-91.700471,MO,Callaway,Readsville
65068,38.827855,-92.60212,MO,Cooper,Gouch Mill
65068,38.827855,-92.60212,MO,Cooper,Prairie Home
65069,38.757968,-91.534285,MO,Montgomery,Americus
65069,38.757968,-91.534285,MO,Montgomery,Bluffton
65069,38.757968,-91.534285,MO,Montgomery,Rhineland
65069,38.757968,-91.534285,MO,Montgomery,Starkenburg
65072,38.292715,-92.713864,MO,Morgan,Eldon
65072,38.292715,-92.713864,MO,Morgan,Rocky Mount
65074,38.48514,-92.40396,MO,Cole,Enon
65074,38.48514,-92.40396,MO,Cole,Russellville
65075,38.286194,-92.274802,MO,Miller,Saint Elizabeth
65075,38.286194,-92.274802,MO,Miller,St Elizabeth
65076,38.507852,-92.441678,MO,Cole,Saint Thomas
65077,38.757061,-91.782634,MO,Callaway,Reform
65077,38.757061,-91.782634,MO,Callaway,Steedman
65078,38.444823,-92.992709,MO,Morgan,Stover
65079,38.167464,-92.692727,MO,Camden,Sunrise Beach
65080,38.646909,-91.957996,MO,Callaway,Tebbetts
65081,38.654674,-92.779444,MO,Moniteau,Tipton
65082,38.23811,-92.482845,MO,Miller,Equality
65082,38.23811,-92.482845,MO,Miller,Tuscumbia
65083,38.130959,-92.463161,MO,Miller,Ulman
65084,38.432613,-92.84418,MO,Morgan,Glensted
65084,38.432613,-92.84418,MO,Morgan,Marvin
65084,38.432613,-92.84418,MO,Morgan,Versailles
65085,38.42826,-92.02314,MO,Osage,Babbtown
65085,38.42826,-92.02314,MO,Osage,Folk
65085,38.42826,-92.02314,MO,Osage,Westphalia
65101,38.50164,-92.15556,MO,Cole,Cedar City
65101,38.50164,-92.15556,MO,Cole,Honey Creek
65101,38.50164,-92.15556,MO,Cole,Jefferson City
65101,38.50164,-92.15556,MO,Cole,Jefferson Cty
65101,38.50164,-92.15556,MO,Cole,Osage Bend
65101,38.50164,-92.15556,MO,Cole,Osage Bluff
65101,38.50164,-92.15556,MO,Cole,Osage City
65101,38.50164,-92.15556,MO,Cole,Schubert
65101,38.50164,-92.15556,MO,Cole,Taos
65101,38.50164,-92.15556,MO,Cole,Wardsville
65102,38.579476,-92.170918,MO,Cole,Jefferson City
65102,38.579476,-92.170918,MO,Cole,Jefferson Cty
65103,38.578727,-92.174092,MO,Cole,Div of Family Services
65103,38.578727,-92.174092,MO,Cole,Jefferson City
65103,38.578727,-92.174092,MO,Cole,Jefferson Cty
65104,38.575066,-92.173635,MO,Cole,Div of Employment Sec
65104,38.575066,-92.173635,MO,Cole,Jefferson City
65104,38.575066,-92.173635,MO,Cole,Jefferson Cty
65105,38.577411,-92.174184,MO,Cole,Jefferson City
65105,38.577411,-92.174184,MO,Cole,Jefferson Cty
65105,38.577411,-92.174184,MO,Cole,Mo Dept of Revenue
65106,38.578011,-92.174363,MO,Cole,Income Tax Refund
65106,38.578011,-92.174363,MO,Cole,Jefferson City
65106,38.578011,-92.174363,MO,Cole,Jefferson Cty
65107,38.578678,-92.173699,MO,Cole,Div of Income Tax Due
65107,38.578678,-92.173699,MO,Cole,Jefferson City
65107,38.578678,-92.173699,MO,Cole,Jefferson Cty
65108,38.573978,-92.171679,MO,Cole,Div of Witholding Tax
65108,38.573978,-92.171679,MO,Cole,Jefferson City
65108,38.573978,-92.171679,MO,Cole,Jefferson Cty
65109,38.5554,-92.28054,MO,Cole,Brazito
65109,38.5554,-92.28054,MO,Cole,Elston
65109,38.5554,-92.28054,MO,Cole,Jefferson City
65109,38.5554,-92.28054,MO,Cole,Jefferson Cty
65109,38.5554,-92.28054,MO,Cole,Saint Martins
65110,38.576911,-92.175487,MO,Cole,Jefferson City
65110,38.576911,-92.175487,MO,Cole,Jefferson Cty
65111,38.551103,-92.118815,MO,Cole,Jefferson City
65111,38.551103,-92.118815,MO,Cole,Jefferson Cty
65111,38.551103,-92.118815,MO,Cole,Scholastics Inc
65201,38.89644,-92.24628,MO,Boone,Columbia
65201,38.89644,-92.24628,MO,Boone,Deer Park
65201,38.89644,-92.24628,MO,Boone,Elkhurst
65201,38.89644,-92.24628,MO,Boone,Harg
65201,38.89644,-92.24628,MO,Boone,Pierpont
65202,38.995035,-92.315503,MO,Boone,Browns Station
65202,38.995035,-92.315503,MO,Boone,Columbia
65202,38.995035,-92.315503,MO,Boone,Hinton
65202,38.995035,-92.315503,MO,Boone,Lindbergh
65202,38.995035,-92.315503,MO,Boone,Midway
65202,38.995035,-92.315503,MO,Boone,Murry
65202,38.995035,-92.315503,MO,Boone,Prathersville
65202,38.995035,-92.315503,MO,Boone,Shaw
65202,38.995035,-92.315503,MO,Boone,Stephens
65203,38.929931,-92.372948,MO,Boone,Columbia
65203,38.929931,-92.372948,MO,Boone,Easley
65203,38.929931,-92.372948,MO,Boone,Huntsdale
65203,38.929931,-92.372948,MO,Boone,McBaine
65203,38.929931,-92.372948,MO,Boone,Sapp
65205,39.049268,-92.240473,MO,Boone,Columbia
65211,38.948231,-92.327335,MO,Boone,Columbia
65211,38.948231,-92.327335,MO,Boone,University of Missouri
65212,38.909422,-92.247037,MO,Boone,Columbia
65212,38.909422,-92.247037,MO,Boone,Umc Hospital Clinics
65215,38.953037,-92.325011,MO,Boone,Columbia
65215,38.953037,-92.325011,MO,Boone,Stephens College
65216,38.96105,-92.325791,MO,Boone,Columbia
65216,38.96105,-92.325791,MO,Boone,Columbia College
65217,38.897983,-92.33364,MO,Boone,Columbia
65217,38.897983,-92.33364,MO,Boone,State Farm Ins
65218,38.952596,-92.366496,MO,Boone,Columbia
65218,38.952596,-92.366496,MO,Boone,Shelter Insurance
65230,39.269004,-92.703942,MO,Howard,Armstrong
65230,39.269004,-92.703942,MO,Howard,Roanoke
65231,39.015325,-91.894565,MO,Callaway,Auxvasse
65231,39.015325,-91.894565,MO,Callaway,Bachelor
65231,39.015325,-91.894565,MO,Callaway,Hatton
65232,39.105465,-91.77435,MO,Audrain,Benton City
65233,38.964646,-92.743139,MO,Cooper,Billingsville
65233,38.964646,-92.743139,MO,Cooper,Boonville
65233,38.964646,-92.743139,MO,Cooper,Clarks Fork
65233,38.964646,-92.743139,MO,Cooper,Gooch Mill
65233,38.964646,-92.743139,MO,Cooper,Lamine
65233,38.964646,-92.743139,MO,Cooper,Overton
65233,38.964646,-92.743139,MO,Cooper,Speed
65236,39.4308,-93.1239,MO,Chariton,Brunswick
65236,39.4308,-93.1239,MO,Chariton,Indian Grove
65237,38.787039,-92.799726,MO,Cooper,Bunceton
65237,38.787039,-92.799726,MO,Cooper,Cotton
65237,38.787039,-92.799726,MO,Cooper,Lone Elm
65237,38.787039,-92.799726,MO,Cooper,Pisgah
65239,39.520714,-92.420763,MO,Randolph,Cairo
65240,39.199769,-92.146039,MO,Boone,Centralia
65240,39.199769,-92.146039,MO,Boone,Rowena
65243,39.211871,-92.388655,MO,Randolph,Clark
65243,39.211871,-92.388655,MO,Randolph,Rucker
65244,39.42593,-92.66522,MO,Randolph,Clifton Hill
65244,39.42593,-92.66522,MO,Randolph,Thomas Hill
65246,39.39058,-92.993274,MO,Chariton,Dalton
65247,39.65111,-92.451199,MO,Macon,Ardmore
65247,39.65111,-92.451199,MO,Macon,College Mound
65247,39.65111,-92.451199,MO,Macon,Excello
65247,39.65111,-92.451199,MO,Macon,Woodville
65248,39.146465,-92.685942,MO,Howard,Fayette
65250,39.06231,-92.839917,MO,Howard,Boonesboro
65250,39.06231,-92.839917,MO,Howard,Franklin
65250,39.06231,-92.839917,MO,Howard,Petersburg
65251,38.852815,-91.946319,MO,Callaway,Calwood
65251,38.852815,-91.946319,MO,Callaway,Carrington
65251,38.852815,-91.946319,MO,Callaway,Fulton
65251,38.852815,-91.946319,MO,Callaway,Millersburg
65254,39.228178,-92.839068,MO,Howard,Glasgow
65255,39.104694,-92.22306,MO,Boone,Hallsville
65256,39.126631,-92.438081,MO,Boone,Harrisburg
65256,39.126631,-92.438081,MO,Boone,Woodlandville
65257,39.307992,-92.520101,MO,Randolph,Higbee
65257,39.307992,-92.520101,MO,Randolph,Yates
65258,39.483806,-92.138585,MO,Monroe,Holliday
65259,39.435709,-92.545665,MO,Randolph,Darksville
65259,39.435709,-92.545665,MO,Randolph,Huntsville
65260,39.579424,-92.419085,MO,Randolph,Jacksonville
65261,39.432638,-92.935494,MO,Chariton,Keytesville
65261,39.432638,-92.935494,MO,Chariton,Musselfork
65262,38.957522,-91.962837,MO,Callaway,Kingdom City
65263,39.47329,-92.21439,MO,Monroe,Ash
65263,39.47329,-92.21439,MO,Monroe,Madison
65263,39.47329,-92.21439,MO,Monroe,Middle Grove
65263,39.47329,-92.21439,MO,Monroe,Woodlawn
65264,39.099199,-91.646881,MO,Audrain,Martinsburg
65265,39.16734,-91.87044,MO,Audrain,Mexico
65265,39.16734,-91.87044,MO,Audrain,Riversville
65265,39.16734,-91.87044,MO,Audrain,Vandiver Village
65270,39.418214,-92.439228,MO,Randolph,Moberly
65270,39.418214,-92.439228,MO,Randolph,Urbandale
65274,39.014736,-92.740471,MO,Howard,Estill
65274,39.014736,-92.740471,MO,Howard,New Franklin
65275,39.481474,-92.009398,MO,Monroe,Goss
65275,39.481474,-92.009398,MO,Monroe,Granville
65275,39.481474,-92.009398,MO,Monroe,Paris
65275,39.481474,-92.009398,MO,Monroe,Strother
65276,38.870589,-92.907783,MO,Cooper,Pilot Grove
65278,39.291553,-92.346488,MO,Randolph,Renick
65279,39.000717,-92.518405,MO,Boone,Rocheport
65279,39.000717,-92.518405,MO,Boone,Woodlinville
65280,39.192334,-91.678711,MO,Audrain,Rush Hill
65281,39.420951,-92.803243,MO,Chariton,Bynumville
65281,39.420951,-92.803243,MO,Chariton,Forest Green
65281,39.420951,-92.803243,MO,Chariton,Prairie Hill
65281,39.420951,-92.803243,MO,Chariton,Salisbury
65282,39.403821,-91.824295,MO,Monroe,Santa Fe
65283,39.546823,-91.835464,MO,Monroe,Florida
65283,39.546823,-91.835464,MO,Monroe,Stoutsville
65284,39.204824,-92.308046,MO,Boone,Riggs
65284,39.204824,-92.308046,MO,Boone,Sturgeon
65285,39.201379,-92.039616,MO,Audrain,Thompson
65286,39.510264,-93.212915,MO,Chariton,Snyder
65286,39.510264,-93.212915,MO,Chariton,Triplett
65287,38.919004,-92.582291,MO,Cooper,Wooldridge
65299,39.023561,-92.248218,MO,Boone,Columbia
65299,39.023561,-92.248218,MO,Boone,Mid Missouri P&DF
65301,38.69508,-93.24216,MO,Pettis,Dresden
65301,38.69508,-93.24216,MO,Pettis,Georgetown
65301,38.69508,-93.24216,MO,Pettis,Longwood
65301,38.69508,-93.24216,MO,Pettis,Sedalia
65301,38.69508,-93.24216,MO,Pettis,Springfork
65302,38.708185,-93.222337,MO,Pettis,Sedalia
65305,38.728246,-93.565357,MO,Johnson,Knob Noster
65305,38.728246,-93.565357,MO,Johnson,Whiteman AFB
65305,38.728246,-93.565357,MO,Johnson,Whiteman Air Force Base
65320,39.005498,-93.045171,MO,Saline,Arrow Rock
65321,39.104512,-93.486773,MO,Saline,Blackburn
65321,39.104512,-93.486773,MO,Saline,Elmwood
65322,38.979071,-92.993099,MO,Cooper,Blackwater
65323,38.48274,-93.64188,MO,Henry,Calhoun
65323,38.48274,-93.64188,MO,Henry,Lewis Station
65324,38.125197,-92.961855,MO,Camden,Climax Sprgs
65324,38.125197,-92.961855,MO,Camden,Climax Springs
65325,38.449974,-93.217748,MO,Benton,Cole Camp
65325,38.449974,-93.217748,MO,Benton,Mount Hulda
65326,38.16761,-93.149233,MO,Benton,Edwards
65326,38.16761,-93.149233,MO,Benton,Hastain
65326,38.16761,-93.149233,MO,Benton,Sagrada
65327,38.973396,-93.491435,MO,Lafayette,Emma
65329,38.61014,-92.998452,MO,Morgan,Florence
65330,39.231979,-93.005248,MO,Saline,Gilliam
65332,38.615745,-93.452496,MO,Pettis,Green Ridge
65333,38.901082,-93.360319,MO,Pettis,Houstonia
65334,38.855775,-93.208469,MO,Pettis,Hughesville
65334,38.855775,-93.208469,MO,Pettis,Longwood
65335,38.485951,-93.31657,MO,Benton,Ionia
65336,38.764378,-93.556549,MO,Johnson,Knob Noster
65336,38.764378,-93.556549,MO,Johnson,Montserrat
65336,38.764378,-93.556549,MO,Johnson,Valley City
65337,38.772698,-93.426159,MO,Pettis,La Monte
65338,38.436452,-93.404512,MO,Benton,Lakeview Heights
65338,38.436452,-93.404512,MO,Benton,Lincoln
65338,38.436452,-93.404512,MO,Benton,Palopinto
65339,39.19728,-93.38028,MO,Saline,Grand Pass
65339,39.19728,-93.38028,MO,Saline,Malta Bend
65340,39.114311,-93.196522,MO,Saline,Marshall
65340,39.114311,-93.196522,MO,Saline,Marshall Junction
65340,39.114311,-93.196522,MO,Saline,Napton
65344,39.321331,-93.226168,MO,Saline,Miami
65345,38.531213,-93.218254,MO,Pettis,Mora
65347,38.996587,-93.031634,MO,Saline,Nelson
65348,38.704032,-93.003128,MO,Cooper,Otterville
65349,39.214173,-93.069492,MO,Saline,Saline City
65349,39.214173,-93.069492,MO,Saline,Sharon
65349,39.214173,-93.069492,MO,Saline,Slater
65350,38.680224,-93.092795,MO,Pettis,Bahner
65350,38.680224,-93.092795,MO,Pettis,Beaman
65350,38.680224,-93.092795,MO,Pettis,Smithton
65351,38.964117,-93.418774,MO,Saline,Cretcher
65351,38.964117,-93.418774,MO,Saline,Dunksburg
65351,38.964117,-93.418774,MO,Saline,Salt Pond
65351,38.964117,-93.418774,MO,Saline,Sweet Springs
65354,38.613552,-92.889351,MO,Morgan,Syracuse
65355,38.24832,-93.3588,MO,Benton,Fristoe
65355,38.24832,-93.3588,MO,Benton,Old Fredonia
65355,38.24832,-93.3588,MO,Benton,Racket
65355,38.24832,-93.3588,MO,Benton,Warsaw
65355,38.24832,-93.3588,MO,Benton,Whitakerville
65355,38.24832,-93.3588,MO,Benton,Wisdom
65360,38.529467,-93.525003,MO,Henry,Windsor
65401,37.950864,-91.763227,MO,Phelps,Lecoma
65401,37.950864,-91.763227,MO,Phelps,Rolla
65402,37.941764,-91.77215,MO,Phelps,Rolla
65409,37.956712,-91.771492,MO,Phelps,Rolla
65409,37.956712,-91.771492,MO,Phelps,Univ of Missouri
65436,37.647062,-91.87738,MO,Phelps,Beulah
65438,36.912332,-91.493803,MO,Shannon,Birch Tree
65438,36.912332,-91.493803,MO,Shannon,Teresita
65438,36.912332,-91.493803,MO,Shannon,Thomasville
65439,37.665087,-91.069445,MO,Iron,Bixby
65440,37.64286,-91.18984,MO,Dent,Boss
65441,38.151641,-91.252655,MO,Crawford,Bourbon
65443,38.09035,-92.117392,MO,Maries,Brinktown
65444,37.399403,-92.038861,MO,Texas,Bendavis
65444,37.399403,-92.038861,MO,Texas,Bucyrus
65444,37.399403,-92.038861,MO,Texas,Ellis Prairie
65446,37.783556,-91.235854,MO,Crawford,Cherryville
65449,37.847287,-91.464367,MO,Crawford,Cook Sta
65452,37.955148,-92.29313,MO,Pulaski,Crocker
65453,38.068626,-91.414238,MO,Crawford,Cuba
65456,37.803075,-91.14002,MO,Crawford,Davisville
65457,37.823341,-92.065045,MO,Pulaski,Devils Elbow
65459,37.999415,-92.102681,MO,Pulaski,Dixon
65459,37.999415,-92.102681,MO,Pulaski,Hayden
65461,37.655315,-91.986358,MO,Phelps,Duke
65462,37.75021,-91.912584,MO,Phelps,Edgar Springs
65463,37.82114,-92.773551,MO,Laclede,Eldridge
65464,37.215181,-91.994666,MO,Texas,Elk Creek
65464,37.215181,-91.994666,MO,Texas,Grogan
65464,37.215181,-91.994666,MO,Texas,Tyrone
65466,37.1697,-91.47108,MO,Shannon,Alley Springs
65466,37.1697,-91.47108,MO,Shannon,Eminence
65466,37.1697,-91.47108,MO,Shannon,Ink
65466,37.1697,-91.47108,MO,Shannon,Owls Bend
65466,37.1697,-91.47108,MO,Shannon,Round Spring
65466,37.1697,-91.47108,MO,Shannon,West Eminence
65468,37.214118,-91.729342,MO,Texas,Eunice
65470,37.61142,-92.3505,MO,Laclede,Falcon
65470,37.61142,-92.3505,MO,Laclede,Nebo
65473,37.826765,-92.218586,MO,Pulaski,Fort Leonard Wood
65473,37.826765,-92.218586,MO,Pulaski,Ft Leonard Wd
65479,37.293088,-91.699999,MO,Texas,Hartshorn
65483,37.323082,-91.964295,MO,Texas,Clara
65483,37.323082,-91.964295,MO,Texas,Houston
65483,37.323082,-91.964295,MO,Texas,Simmons
65483,37.323082,-91.964295,MO,Texas,Tyrone
65484,37.27154,-92.151285,MO,Texas,Huggins
65486,38.094073,-92.298448,MO,Miller,Iberia
65501,37.46409,-91.508089,MO,Dent,Jadwin
65529,37.915035,-91.991499,MO,Phelps,Jerome
65532,37.781951,-91.679376,MO,Dent,Lake Spring
65534,37.72589,-92.340893,MO,Pulaski,Laquey
65535,38.06286,-91.197995,MO,Crawford,Leasburg
65536,37.678149,-92.6648,MO,Laclede,Lebanon
65541,37.6458,-91.735893,MO,Dent,Lenox
65542,37.497845,-91.860699,MO,Texas,Licking
65543,37.494383,-92.308408,MO,Laclede,Lynchburg
65546,36.987875,-91.575003,MO,Shannon,Montier
65548,36.995415,-91.718827,MO,Howell,Mountain View
65550,37.92018,-91.8861,MO,Phelps,Big Piney
65550,37.92018,-91.8861,MO,Phelps,Newburg
65552,37.494347,-92.183812,MO,Texas,Evening Shade
65552,37.494347,-92.183812,MO,Texas,Palace
65552,37.494347,-92.183812,MO,Texas,Plato
65555,37.362406,-91.771692,MO,Texas,Raymondville
65556,37.857338,-92.400215,MO,Pulaski,Richland
65556,37.857338,-92.400215,MO,Pulaski,Swedeborg
65557,37.496161,-92.114035,MO,Texas,Roby
65559,37.998771,-91.613832,MO,Phelps,High Gate
65559,37.998771,-91.613832,MO,Phelps,Rosati
65559,37.998771,-91.613832,MO,Phelps,Safe
65559,37.998771,-91.613832,MO,Phelps,Saint James
65560,37.60836,-91.5243,MO,Dent,Doss
65560,37.60836,-91.5243,MO,Dent,Gladden
65560,37.60836,-91.5243,MO,Dent,Maples
65560,37.60836,-91.5243,MO,Dent,Salem
65560,37.60836,-91.5243,MO,Dent,Shannondale
65560,37.60836,-91.5243,MO,Dent,Sligo
65560,37.60836,-91.5243,MO,Dent,Timber
65564,37.164907,-91.946563,MO,Texas,Solo
65565,37.968536,-91.358,MO,Crawford,Berryman
65565,37.968536,-91.358,MO,Crawford,Courtois
65565,37.968536,-91.358,MO,Crawford,Steelville
65566,37.71792,-91.1292,MO,Iron,Steelville
65566,37.71792,-91.1292,MO,Iron,Viburnum
65567,37.849307,-92.439987,MO,Laclede,Stoutland
65570,37.484447,-92.009869,MO,Texas,Success
65571,37.130857,-91.705703,MO,Texas,Summersville
65580,38.103854,-91.797318,MO,Maries,Vichy
65582,38.199868,-91.933432,MO,Maries,Vienna
65583,37.82106,-92.18682,MO,Pulaski,Buckhorn
65583,37.82106,-92.18682,MO,Pulaski,Waynesville
65584,37.828919,-92.200348,MO,Pulaski,Saint Robert
65584,37.828919,-92.200348,MO,Pulaski,Saint Roberts
65584,37.828919,-92.200348,MO,Pulaski,St Robert
65584,37.828919,-92.200348,MO,Pulaski,St Roberts
65586,37.859098,-91.356689,MO,Crawford,Wesco
65588,37.056692,-91.230196,MO,Shannon,Winona
65589,37.209732,-91.814544,MO,Texas,Yukon
65590,37.573975,-92.932919,MO,Dallas,Cedar Ridge
65590,37.573975,-92.932919,MO,Dallas,Long Lane
65591,37.989338,-92.519461,MO,Camden,Montreal
65601,37.506631,-93.562372,MO,Polk,Aldrich
65603,37.533701,-93.862321,MO,Dade,Arcola
65604,37.31562,-93.580809,MO,Greene,Ash Grove
65605,36.9561,-93.72054,MO,Lawrence,Aurora
65605,36.9561,-93.72054,MO,Lawrence,Jenkins
65606,36.7086,-91.3674,MO,Oregon,Alton
65607,37.794964,-93.804523,MO,Cedar,Caplinger Mills
65607,37.794964,-93.804523,MO,Cedar,Caplinger Mls
65608,36.960651,-92.661201,MO,Douglas,Ava
65609,36.537074,-92.157175,MO,Ozark,Bakersfield
65610,37.063707,-93.556821,MO,Christian,Billings
65610,37.063707,-93.556821,MO,Christian,Browns Spring
65610,37.063707,-93.556821,MO,Christian,Union City
65611,36.517044,-93.449482,MO,Stone,Blue Eye
65612,37.221093,-93.560283,MO,Greene,Bois D Arc
65613,37.613564,-93.414989,MO,Polk,Bolivar
65613,37.613564,-93.414989,MO,Polk,Cherkee Hmstd
65613,37.613564,-93.414989,MO,Polk,Cherokee Homestead Village
65613,37.613564,-93.414989,MO,Polk,Slagle
65614,36.727158,-92.87807,MO,Taney,Bradleyville
65615,36.642143,-93.216875,MO,Taney,Branson
65616,36.643271,-93.232983,MO,Taney,Branson
65616,36.643271,-93.232983,MO,Taney,Bull Creek Village
65616,36.643271,-93.232983,MO,Taney,Gretna
65616,36.643271,-93.232983,MO,Taney,Marvel Cav Pk
65616,36.643271,-93.232983,MO,Taney,Marvel Cave Park
65616,36.643271,-93.232983,MO,Taney,Silver Dollar City
65617,37.480535,-93.362368,MO,Polk,Brighton
65618,36.753995,-92.392466,MO,Ozark,Brixey
65619,37.12914,-93.3867,MO,Greene,Battlefield
65619,37.12914,-93.3867,MO,Greene,Brookline
65619,37.12914,-93.3867,MO,Greene,Brookline Sta
65620,36.98039,-92.953868,MO,Christian,Bruner
65622,37.646688,-93.094711,MO,Dallas,Buffalo
65623,36.745097,-93.91404,MO,Barry,Butterfield
65623,36.745097,-93.91404,MO,Barry,Cassville
65624,36.675135,-93.528191,MO,Stone,Cape Fair
65624,36.675135,-93.528191,MO,Stone,Galena
65625,36.679611,-93.872639,MO,Barry,Cassville
65626,36.59754,-92.075058,MO,Howell,Caulfield
65627,36.560928,-93.01753,MO,Taney,Cedarcreek
65629,36.9196,-93.039979,MO,Christian,Chadwick
65630,36.859987,-93.124983,MO,Christian,Chestnutridge
65630,36.859987,-93.124983,MO,Christian,Saddlebrooke
65631,37.022884,-93.47212,MO,Christian,Clever
65632,37.518099,-92.751594,MO,Laclede,Conway
65633,36.903431,-93.566967,MO,Stone,Crane
65634,38.020364,-93.203182,MO,Hickory,Cross Timbers
65635,37.529834,-93.708779,MO,Dade,Dadeville
65636,37.172542,-92.853143,MO,Webster,Diggins
65637,36.758509,-92.222637,MO,Ozark,Dora
65638,36.930415,-92.365377,MO,Douglas,Drury
65640,37.704497,-93.522116,MO,Polk,Dunnegan
65641,36.563526,-93.755814,MO,Barry,Eagle Rock
65644,37.438921,-93.017937,MO,Dallas,Elkland
65645,37.481243,-93.537123,MO,Polk,Eudora
65645,37.481243,-93.537123,MO,Polk,Morrisville
65646,37.357835,-93.711731,MO,Dade,Everton
65647,36.670764,-93.933797,MO,Barry,Exeter
65648,37.374876,-93.133028,MO,Greene,Fair Grove
65649,37.632203,-93.624657,MO,Polk,Fair Play
65650,37.773493,-93.447679,MO,Polk,Flemington
65652,37.116309,-93.062582,MO,Webster,Fordland
65653,36.667383,-93.12157,MO,Taney,Forsyth
65654,37.017336,-93.897462,MO,Lawrence,Freistatt
65655,36.574662,-92.412396,MO,Ozark,Gainesville
65656,36.837668,-93.479981,MO,Stone,Galena
65657,36.855073,-92.987344,MO,Christian,Garrison
65658,36.542445,-93.630518,MO,Barry,Golden
65660,37.114647,-92.315813,MO,Wright,Graff
65661,37.415238,-93.844974,MO,Dade,Greenfield
65662,37.472989,-92.575018,MO,Wright,Grovespring
65663,37.601355,-93.248196,MO,Polk,Goodson
65663,37.601355,-93.248196,MO,Polk,Half Way
65664,37.193643,-93.629207,MO,Lawrence,Halltown
65666,36.594912,-92.37199,MO,Ozark,Hardenville
65667,37.295466,-92.507359,MO,Wright,Hartville
65668,37.937897,-93.31867,MO,Hickory,Hermitage
65669,36.972165,-93.353272,MO,Christian,Highlandville
65672,36.628402,-93.207631,MO,Taney,Hollister
65673,36.619201,-93.217698,MO,Taney,Hollister
65674,37.795619,-93.579699,MO,Polk,Humansville
65675,36.924539,-93.475964,MO,Stone,Hurley
65676,36.582288,-92.606559,MO,Ozark,Isabella
65679,36.5676,-93.11448,MO,Taney,Kirbyville
65679,36.5676,-93.11448,MO,Taney,Mildred
65679,36.5676,-93.11448,MO,Taney,Mincy
65680,36.665728,-93.02525,MO,Taney,Kissee Mills
65681,36.582305,-93.444246,MO,Stone,Lampe
65682,37.384939,-93.950106,MO,Dade,Lockwood
65685,37.728371,-93.100606,MO,Dallas,Louisburg
65686,36.640893,-93.423901,MO,Stone,Kimberling City
65686,36.640893,-93.423901,MO,Stone,Kimberling Cy
65688,36.578766,-91.730231,MO,Howell,Brandsville
65689,37.124655,-92.102085,MO,Texas,Cabool
65690,36.567378,-91.299734,MO,Oregon,Couch
65692,36.615535,-91.619978,MO,Oregon,Koshkonong
65701,36.76459,-92.814984,MO,Douglas,Mc Clurg
65702,37.105865,-92.483028,MO,Wright,Macomb
65704,37.111073,-92.584098,MO,Wright,Mansfield
65705,37.001346,-93.642179,MO,Lawrence,Marionville
65706,37.339115,-92.905687,MO,Webster,Marshfield
65707,37.231449,-93.849869,MO,Lawrence,Capps Creek
65707,37.231449,-93.849869,MO,Lawrence,Grays Point
65707,37.231449,-93.849869,MO,Lawrence,Miller
65708,36.918466,-93.9275,MO,Barry,Monett
65710,37.467448,-93.429803,MO,Polk,Morrisville
65711,37.37897,-92.36702,MO,Wright,Manes
65711,37.37897,-92.36702,MO,Wright,Mountain Grove
65711,37.37897,-92.36702,MO,Wright,Mountain Grv
65712,37.098522,-93.815768,MO,Lawrence,Hoberg
65712,37.098522,-93.815768,MO,Lawrence,Mount Vernon
65713,37.399093,-92.742234,MO,Webster,Niangua
65714,37.047697,-93.294106,MO,Christian,Nixa
65715,36.736051,-92.579387,MO,Ozark,Noble
65717,37.03878,-92.4217,MO,Wright,Norwood
65720,36.967713,-93.024561,MO,Christian,Oldfield
65721,37.01422,-93.204822,MO,Christian,Finley
65721,37.01422,-93.204822,MO,Christian,Ozark
65722,37.574495,-92.768681,MO,Laclede,Phillipsburg
65723,36.946566,-94.004128,MO,Lawrence,Berwick
65723,36.946566,-94.004128,MO,Lawrence,Pierce City
65724,37.844802,-93.330659,MO,Hickory,Pittsburg
65725,37.475864,-93.255307,MO,Greene,Pleasant Hope
65726,36.591308,-93.23737,MO,Taney,Point Lookout
65727,37.754824,-93.292646,MO,Polk,Bolivar
65727,37.754824,-93.292646,MO,Polk,Polk
65728,36.890333,-93.372403,MO,Stone,Ponce de Leon
65729,36.523201,-92.547871,MO,Ozark,Pontiac
65730,36.57695,-94.155588,MO,McDonald,Powell
65731,36.637501,-93.080078,MO,Taney,Powersite
65732,37.944168,-93.163517,MO,Hickory,Preston
65733,36.559987,-92.847701,MO,Taney,Protem
65734,36.816767,-93.920454,MO,Barry,Purdy
65735,38.007925,-93.46841,MO,Hickory,Quincy
65737,36.6792,-93.37068,MO,Stone,Branson West
65737,36.6792,-93.37068,MO,Stone,Lakeview
65737,36.6792,-93.37068,MO,Stone,Reeds Spring
65738,37.120403,-93.473396,MO,Greene,Republic
65739,36.539284,-93.280373,MO,Taney,Ridgedale
65740,36.701943,-93.161158,MO,Taney,Merriam Vlg
65740,36.701943,-93.161158,MO,Taney,Merriam Woods Village
65740,36.701943,-93.161158,MO,Taney,Rockaway Bch
65740,36.701943,-93.161158,MO,Taney,Rockaway Beach
65741,36.788867,-92.409967,MO,Ozark,Rockbridge
65742,37.12194,-93.13878,MO,Webster,Linden
65742,37.12194,-93.13878,MO,Webster,Rogersville
65744,36.638557,-92.912454,MO,Taney,Rueter
65745,36.526601,-93.938072,MO,Barry,Seligman
65746,37.147408,-92.767863,MO,Webster,Cedar Gap
65746,37.147408,-92.767863,MO,Webster,Seymour
65747,36.6171,-93.62778,MO,Barry,Shell Knob
65747,36.6171,-93.62778,MO,Barry,Viola
65752,37.366087,-93.844568,MO,Dade,S Greenfield
65752,37.366087,-93.844568,MO,Dade,South Greenfield
65753,36.96468,-93.1272,MO,Christian,Elkhead
65753,36.96468,-93.1272,MO,Christian,Sparta
65754,36.855001,-93.269804,MO,Christian,Spokane
65755,36.848501,-92.582552,MO,Douglas,Squires
65756,37.111315,-93.957456,MO,Lawrence,Stotts City
65756,37.111315,-93.957456,MO,Lawrence,Vineyard
65757,37.271244,-93.115517,MO,Greene,Strafford
65759,36.751275,-93.011754,MO,Taney,Taneyville
65760,36.584742,-92.258059,MO,Ozark,Sycamore
65760,36.584742,-92.258059,MO,Ozark,Tecumseh
65761,36.57798,-92.70678,MO,Ozark,Dugginsville
65761,36.57798,-92.70678,MO,Ozark,Longrun
65761,36.57798,-92.70678,MO,Ozark,Ocie
65761,36.57798,-92.70678,MO,Ozark,Theodosia
65762,36.707587,-92.654958,MO,Ozark,Nottinghill
65762,36.707587,-92.654958,MO,Ozark,Thornfield
65764,37.835835,-92.962045,MO,Dallas,Tunas
65765,37.181516,-93.157205,MO,Greene,Turners
65766,36.526066,-92.23375,MO,Ozark,Udall
65767,37.84081,-93.16908,MO,Dallas,Urbana
65768,36.968695,-92.197398,MO,Douglas,Vanzant
65769,36.961558,-93.795732,MO,Lawrence,Verona
65770,37.413249,-93.548626,MO,Greene,Walnut Grove
65771,36.76753,-93.228332,MO,Taney,Walnut Shade
65772,36.675572,-93.880587,MO,Barry,Washburn
65773,36.745108,-92.521187,MO,Ozark,Souder
65773,36.745108,-92.521187,MO,Ozark,Wasola
65774,37.889769,-93.539293,MO,Hickory,Weaubleau
65775,36.51388,-91.80154,MO,Howell,Lanton
65775,36.51388,-91.80154,MO,Howell,West Plains
65776,36.628092,-91.91762,MO,Howell,South Fork
65776,36.628092,-91.91762,MO,Howell,W Plains
65776,36.628092,-91.91762,MO,Howell,West Plains
65777,36.535679,-91.989585,MO,Howell,Moody
65778,36.518344,-91.257862,MO,Oregon,Myrtle
65779,37.91052,-93.3966,MO,Hickory,Galmey
65779,37.91052,-93.3966,MO,Hickory,Wheatland
65781,37.304579,-93.436613,MO,Greene,Willard
65783,37.713918,-92.933038,MO,Dallas,Windyville
65784,36.683625,-92.304487,MO,Ozark,Zanoni
65785,37.693951,-93.801056,MO,Cedar,Stockton
65786,37.976586,-92.968476,MO,Camden,Branch
65786,37.976586,-92.968476,MO,Camden,Macks Creek
65787,38.010123,-92.807334,MO,Camden,Roach
65788,36.838442,-91.760467,MO,Howell,Peace Valley
65789,36.847064,-91.915901,MO,Howell,Pomona
65790,36.702688,-92.046284,MO,Howell,Pottersville
65791,36.523905,-91.544323,MO,Oregon,Thayer
65793,36.994754,-91.969717,MO,Howell,Willow Spgs
65793,36.994754,-91.969717,MO,Howell,Willow Springs
65801,37.131172,-93.294336,MO,Greene,Springfield
65802,37.212257,-93.306677,MO,Greene,Springfield
65803,37.244329,-93.294373,MO,Greene,Springfield
65804,37.164369,-93.244291,MO,Greene,Springfield
65805,37.254806,-93.315329,MO,Greene,Springfield
65806,37.203058,-93.297901,MO,Greene,Springfield
65807,37.166766,-93.312621,MO,Greene,Springfield
65808,37.189794,-93.262342,MO,Greene,Springfield
65809,37.176716,-93.207149,MO,Greene,Springfield
65810,37.123311,-93.320088,MO,Greene,Springfield
65814,37.216841,-93.300022,MO,Greene,Springfield
65817,37.169066,-93.326524,MO,Greene,Springfield
65890,37.205863,-93.354799,MO,Greene,BRM Springfield
65890,37.205863,-93.354799,MO,Greene,Springfield
65897,37.1991,-93.2761,MO,Greene,Missouri State University
65897,37.1991,-93.2761,MO,Greene,SMSU
65897,37.1991,-93.2761,MO,Greene,Springfield
65897,37.1991,-93.2761,MO,Greene,SW MO State
65898,37.21338,-93.292201,MO,Greene,Bass Pro Shops
65898,37.21338,-93.292201,MO,Greene,Springfield
65899,37.150347,-93.248417,MO,Greene,American Nat Prop & Casualty
65899,37.150347,-93.248417,MO,Greene,Springfield
