28111,34.983675,-80.549186,NC,Union,Monroe
28112,34.940983,-80.540648,NC,Union,Monroe
28114,35.251745,-81.717075,NC,Cleveland,Mooresboro
28115,35.575801,-80.819083,NC,Iredell,Doolie
28115,35.575801,-80.819083,NC,Iredell,Mayhew
28115,35.575801,-80.819083,NC,Iredell,Mazeppa
28115,35.575801,-80.819083,NC,Iredell,Mooresville
28117,35.586807,-80.810679,NC,Iredell,Mooresville
28119,34.944771,-80.142387,NC,Anson,Morven
28120,35.307051,-81.030096,NC,Gaston,Mount Holly
28123,35.543985,-80.846555,NC,Iredell,Mount Mourne
28124,35.411081,-80.41947,NC,Cabarrus,Mount Pleasant
28124,35.411081,-80.41947,NC,Cabarrus,Mt Pleasant
28125,35.640595,-80.716219,NC,Rowan,Bear Poplar
28125,35.640595,-80.716219,NC,Rowan,Mount Ulla
28126,35.275939,-80.736607,NC,Mecklenburg,Newell
28127,35.40041,-80.204216,NC,Stanly,Badin Lake
28127,35.40041,-80.204216,NC,Stanly,New London
28128,35.2374,-80.16624,NC,Stanly,Aquadale
28128,35.2374,-80.16624,NC,Stanly,Cottonville
28128,35.2374,-80.16624,NC,Stanly,Norwood
28128,35.2374,-80.16624,NC,Stanly,Porter
28129,35.240371,-80.331644,NC,Stanly,Frog Pond
28129,35.240371,-80.331644,NC,Stanly,Oakboro
28130,35.290852,-80.929304,NC,Mecklenburg,Paw Creek
28133,35.017385,-80.263528,NC,Anson,Fountain Hill
28133,35.017385,-80.263528,NC,Anson,Peachland
28133,35.017385,-80.263528,NC,Anson,White Store
28134,35.080608,-80.885732,NC,Mecklenburg,Pineville
28135,35.006202,-80.207436,NC,Anson,Polkton
28136,35.414631,-81.618702,NC,Cleveland,Polkville
28137,35.459658,-80.26716,NC,Stanly,Pooletown
28137,35.459658,-80.26716,NC,Stanly,Richfield
28138,35.540209,-80.430167,NC,Rowan,Rockwell
28139,35.37822,-81.97788,NC,Rutherford,Gilkey
28139,35.37822,-81.97788,NC,Rutherford,Logan Station
28139,35.37822,-81.97788,NC,Rutherford,Ruth
28139,35.37822,-81.97788,NC,Rutherford,Rutherfordton
28139,35.37822,-81.97788,NC,Rutherford,Shingle Hollow
28139,35.37822,-81.97788,NC,Rutherford,Westminster
28144,35.66452,-80.474091,NC,Rowan,Correll Park
28144,35.66452,-80.474091,NC,Rowan,Salisbury
28145,35.661257,-80.447211,NC,Rowan,Salisbury
28146,35.630497,-80.432818,NC,Rowan,Granite Qry
28146,35.630497,-80.432818,NC,Rowan,Granite Quarry
28146,35.630497,-80.432818,NC,Rowan,Salisbury
28147,35.667513,-80.533434,NC,Rowan,Salisbury
28150,35.304225,-81.551791,NC,Cleveland,Kingstown
28150,35.304225,-81.551791,NC,Cleveland,Patterson Springs
28150,35.304225,-81.551791,NC,Cleveland,Shelby
28151,35.288342,-81.543859,NC,Cleveland,Shelby
28152,35.2547,-81.560764,NC,Cleveland,Shelby
28159,35.694549,-80.433281,NC,Rowan,Spencer
28160,35.35775,-81.925321,NC,Rutherford,Spindale
28163,35.251684,-80.40316,NC,Stanly,Stanfield
28164,35.35284,-81.10194,NC,Gaston,Lowesville
28164,35.35284,-81.10194,NC,Gaston,Stanley
28166,35.699084,-80.889947,NC,Iredell,Bells Cross Roads
28166,35.699084,-80.889947,NC,Iredell,Troutman
28167,35.490737,-81.962942,NC,Rutherford,Union Mills
28168,35.494582,-81.415179,NC,Lincoln,Vale
28169,35.361895,-81.432001,NC,Cleveland,Waco
28170,34.964789,-80.071006,NC,Anson,Wadesboro
28173,34.92879,-80.735968,NC,Union,Marvin
28173,34.92879,-80.735968,NC,Union,Waxhaw
28174,34.98655,-80.448698,NC,Union,Wingate
28201,35.192962,-80.826311,NC,Mecklenburg,Charlotte
28202,35.228512,-80.844925,NC,Mecklenburg,Charlotte
28203,35.206514,-80.857866,NC,Mecklenburg,Charlotte
28204,35.214583,-80.828507,NC,Mecklenburg,Charlotte
28205,35.220088,-80.790126,NC,Mecklenburg,Charlotte
28206,35.25084,-80.822041,NC,Mecklenburg,Charlotte
28207,35.198282,-80.830604,NC,Mecklenburg,Charlotte
28208,35.23537,-80.906716,NC,Mecklenburg,Charlotte
28209,35.174505,-80.853465,NC,Mecklenburg,Charlotte
28210,35.133058,-80.859674,NC,Mecklenburg,Charlotte
28211,35.165273,-80.788876,NC,Mecklenburg,Charlotte
28212,35.192219,-80.715194,NC,Mecklenburg,Charlotte
28213,35.28978,-80.780774,NC,Mecklenburg,Charlotte
28214,35.269641,-80.960674,NC,Mecklenburg,Charlotte
28215,35.239821,-80.725177,NC,Mecklenburg,Charlotte
28216,35.286212,-80.879816,NC,Mecklenburg,Charlotte
28217,35.154268,-80.928633,NC,Mecklenburg,Charlotte
28218,35.221989,-80.788267,NC,Mecklenburg,Charlotte
28219,35.206905,-80.941645,NC,Mecklenburg,Charlotte
28220,35.177804,-80.851015,NC,Mecklenburg,Charlotte
28221,35.368572,-80.76013,NC,Mecklenburg,Charlotte
28222,35.191264,-80.804196,NC,Mecklenburg,Charlotte
28223,35.327415,-80.759956,NC,Mecklenburg,Charlotte
28224,35.151064,-80.873427,NC,Mecklenburg,Charlotte
28226,35.107873,-80.807637,NC,Mecklenburg,Charlotte
28227,35.18496,-80.65482,NC,Mecklenburg,Charlotte
28227,35.18496,-80.65482,NC,Mecklenburg,Mint Hill
28228,35.099604,-80.771417,NC,Mecklenburg,Charlotte
28228,35.099604,-80.771417,NC,Mecklenburg,General Mail Facility
28229,35.188824,-80.743635,NC,Mecklenburg,Charlotte
28230,35.212613,-80.828203,NC,Mecklenburg,Charlotte
28231,35.19619,-80.824359,NC,Mecklenburg,Charlotte
28232,35.21628,-80.826821,NC,Mecklenburg,Charlotte
28233,35.213038,-80.827706,NC,Mecklenburg,Charlotte
28234,35.199142,-80.856456,NC,Mecklenburg,Charlotte
28235,35.214514,-80.825694,NC,Mecklenburg,Charlotte
28236,35.290104,-81.013101,NC,Mecklenburg,Charlotte
28237,35.216255,-80.828169,NC,Mecklenburg,Charlotte
28241,35.227662,-80.843582,NC,Mecklenburg,Charlotte
28242,35.211849,-80.861761,NC,Mecklenburg,Charlotte
28242,35.211849,-80.861761,NC,Mecklenburg,Duke Power
28243,35.221435,-80.837627,NC,Mecklenburg,Charlotte
28243,35.221435,-80.837627,NC,Mecklenburg,Southern Bell
28244,35.228942,-80.84517,NC,Mecklenburg,Charlotte
28246,35.225415,-80.845276,NC,Mecklenburg,Charlotte
28247,35.10593,-80.822517,NC,Mecklenburg,Charlotte
28250,35.223868,-80.839089,NC,Mecklenburg,Charlotte
28250,35.223868,-80.839089,NC,Mecklenburg,Charlotte Water Dept
28253,35.323653,-80.782178,NC,Mecklenburg,Charlotte
28253,35.323653,-80.782178,NC,Mecklenburg,Electronic Data Systems Inc
28254,35.221426,-80.928747,NC,Mecklenburg,Charlotte
28255,35.211192,-80.865108,NC,Mecklenburg,Bank of America
28255,35.211192,-80.865108,NC,Mecklenburg,Charlotte
28255,35.211192,-80.865108,NC,Mecklenburg,N C Natl Bank
28256,35.283183,-80.730649,NC,Mecklenburg,Charlotte
28258,35.223001,-80.930365,NC,Mecklenburg,Branch Bank and Trust (BB&T)
28258,35.223001,-80.930365,NC,Mecklenburg,Charlotte
28260,35.231298,-80.844846,NC,Mecklenburg,Charlotte
28262,35.320146,-80.741193,NC,Mecklenburg,Charlotte
28263,35.151538,-80.873152,NC,Mecklenburg,Charlotte
28263,35.151538,-80.873152,NC,Mecklenburg,First Citizens Bank
28265,35.228515,-80.842113,NC,Mecklenburg,Charlotte
28266,35.23132,-80.844515,NC,Mecklenburg,Charlotte
28269,35.314436,-80.805053,NC,Mecklenburg,Charlotte
28270,35.117679,-80.760144,NC,Mecklenburg,Charlotte
28271,35.067814,-80.806736,NC,Mecklenburg,Charlotte
28272,35.229711,-80.844761,NC,Mecklenburg,Charlotte
28273,35.137982,-80.938181,NC,Mecklenburg,Charlotte
28274,35.188792,-80.837133,NC,Mecklenburg,Charlotte
28274,35.188792,-80.837133,NC,Mecklenburg,Queens College
28275,35.22687,-80.842931,NC,Mecklenburg,Charlotte
28277,35.064565,-80.806138,NC,Mecklenburg,Charlotte
28278,35.101881,-81.024501,NC,Mecklenburg,Charlotte
28280,35.230706,-80.846213,NC,Mecklenburg,Charlotte
28281,35.226708,-80.841821,NC,Mecklenburg,Charlotte
28282,35.226719,-80.844957,NC,Mecklenburg,Charlotte
28284,35.229893,-80.840823,NC,Mecklenburg,Charlotte
28285,35.228864,-80.846734,NC,Mecklenburg,Charlotte
28287,35.130178,-80.853682,NC,Mecklenburg,Charlotte
28288,35.229166,-80.841138,NC,Mecklenburg,Charlotte
28288,35.229166,-80.841138,NC,Mecklenburg,First Union Natl Bank
28289,35.225894,-80.841681,NC,Mecklenburg,Charlotte
28289,35.225894,-80.841681,NC,Mecklenburg,Southern National Bank
28290,35.234982,-80.913799,NC,Mecklenburg,1st Chicago Nat Proc Corp
28290,35.234982,-80.913799,NC,Mecklenburg,Charlotte
28296,35.21302,-80.827367,NC,Mecklenburg,Cameron Brown
28296,35.21302,-80.827367,NC,Mecklenburg,Charlotte
28297,35.277971,-80.855263,NC,Mecklenburg,Charlotte
28299,35.218471,-80.811634,NC,Mecklenburg,Charlotte
28301,35.064922,-78.864925,NC,Cumberland,E Fayettevill
28301,35.064922,-78.864925,NC,Cumberland,E Fayetteville
28301,35.064922,-78.864925,NC,Cumberland,E Fayettevlle
28301,35.064922,-78.864925,NC,Cumberland,East Fayetteville
28301,35.064922,-78.864925,NC,Cumberland,Eastover
28301,35.064922,-78.864925,NC,Cumberland,Fay
28301,35.064922,-78.864925,NC,Cumberland,Fayetteville
28301,35.064922,-78.864925,NC,Cumberland,Vander
28302,35.033259,-78.92904,NC,Cumberland,Fayetteville
28303,35.081833,-78.962365,NC,Cumberland,Eutaw
28303,35.081833,-78.962365,NC,Cumberland,Fayetteville
28303,35.081833,-78.962365,NC,Cumberland,Ponderosa
28304,35.029744,-78.970982,NC,Cumberland,Fayetteville
28304,35.029744,-78.970982,NC,Cumberland,Lafayette
28305,35.054049,-78.903538,NC,Cumberland,Fayetteville
28305,35.054049,-78.903538,NC,Cumberland,Haymount
28306,35.010174,-78.930528,NC,Cumberland,Fayetteville
28306,35.010174,-78.930528,NC,Cumberland,Fayetteville Municipal Airpo
28306,35.010174,-78.930528,NC,Cumberland,Lakedale
28307,35.14074,-78.99804,NC,Cumberland,Fayetteville
28307,35.14074,-78.99804,NC,Cumberland,Fort Bragg
28308,35.0525,-78.878611,NC,Cumberland,Fayetteville
28308,35.0525,-78.878611,NC,Cumberland,Pope A F B
28308,35.0525,-78.878611,NC,Cumberland,Pope AFB
28308,35.0525,-78.878611,NC,Cumberland,Pope Air Force Base
28309,35.071877,-78.89907,NC,Cumberland,Fayetteville
28310,35.138766,-79.000019,NC,Cumberland,Fort Bragg
28310,35.138766,-79.000019,NC,Cumberland,Fort Bragg Military
28311,35.128576,-78.897217,NC,Cumberland,Fayetteville
28312,35.066291,-78.866574,NC,Cumberland,Fayetteville
28314,35.05772,-79.003491,NC,Cumberland,Fayetteville
28315,35.146104,-79.424275,NC,Moore,Aberdeen
28318,34.989808,-78.579363,NC,Sampson,Autryville
28319,34.384291,-79.06613,NC,Robeson,Barnesville
28320,34.529407,-78.793874,NC,Bladen,Bladenboro
28320,34.529407,-78.793874,NC,Bladen,Butters
28323,35.290805,-78.831116,NC,Harnett,Bunnlevel
28325,34.999323,-77.99233,NC,Duplin,Calypso
28326,35.340855,-79.223822,NC,Harnett,Cameron
28327,35.34132,-79.36248,NC,Moore,Carthage
28327,35.34132,-79.36248,NC,Moore,Whisper Pnes
28327,35.34132,-79.36248,NC,Moore,Whispering Pines
28328,35.000598,-78.339145,NC,Sampson,Clinton
28329,34.99831,-78.330057,NC,Sampson,Clinton
28330,34.91839,-79.825742,NC,Richmond,Cordova
28331,34.998959,-78.973679,NC,Cumberland,Cumberland
28332,34.656992,-78.728566,NC,Bladen,Dublin
28333,35.29569,-78.021263,NC,Wayne,Dudley
28334,35.310491,-78.619199,NC,Harnett,Dunn
28335,35.3097,-78.608202,NC,Harnett,Dunn
28337,34.6218,-78.5721,NC,Bladen,Elizabethtown
28337,34.6218,-78.5721,NC,Bladen,White Lake
28338,35.065733,-79.756549,NC,Richmond,Ellerbe
28339,35.327232,-78.673753,NC,Harnett,Erwin
28340,34.48494,-79.08588,NC,Robeson,Fairmont
28341,35.10706,-78.103985,NC,Duplin,Faison
28342,35.187956,-78.651081,NC,Cumberland,Falcon
28343,34.788592,-79.554281,NC,Scotland,Gibson
28344,35.196241,-78.659945,NC,Sampson,Godwin
28345,34.889274,-79.707478,NC,Richmond,Hamlet
28347,35.043068,-79.558659,NC,Richmond,Hoffman
28348,34.967775,-78.945409,NC,Cumberland,Hope Mills
28349,34.962078,-77.960596,NC,Duplin,Kenansville
28350,35.243168,-79.310761,NC,Moore,Lakeview
28351,34.869052,-79.546721,NC,Scotland,Laurel Hill
28352,34.767212,-79.468392,NC,Scotland,E Laurinburg
28352,34.767212,-79.468392,NC,Scotland,East Laurinburg
28352,34.767212,-79.468392,NC,Scotland,Laurinburg
28353,34.777024,-79.465083,NC,Scotland,Laurinburg
28355,35.394801,-79.188356,NC,Lee,Lemon Springs
28356,35.231971,-78.797717,NC,Cumberland,Linden
28357,34.89192,-79.07819,NC,Robeson,Lumber Bridge
28358,34.630251,-79.006164,NC,Robeson,Biggs Park
28358,34.630251,-79.006164,NC,Robeson,Lumberton
28359,34.622961,-79.011063,NC,Robeson,Lumberton
28360,34.618316,-79.008979,NC,Robeson,Lumberton
28362,34.367126,-79.11914,NC,Robeson,Marietta
28363,34.991473,-79.618711,NC,Richmond,Marston
28364,34.738081,-79.341399,NC,Robeson,Maxton
28365,35.197486,-78.066179,NC,Wayne,Mount Olive
28366,35.017786,-78.501727,NC,Sampson,Newton Grove
28367,35.169689,-79.722074,NC,Richmond,Norman
28368,35.358676,-79.108813,NC,Harnett,Olivia
28369,34.427354,-79.021071,NC,Robeson,Orrum
28370,35.182077,-79.460429,NC,Moore,Pinehurst
28371,34.900876,-79.005897,NC,Robeson,Parkton
28372,34.682421,-79.194731,NC,Robeson,Pembroke
28373,35.103517,-79.474031,NC,Moore,Pinebluff
28374,35.186997,-79.467297,NC,Moore,Pinehurst
28375,34.473871,-79.038584,NC,Robeson,Proctorville
28376,34.986107,-79.206141,NC,Hoke,Raeford
28377,34.810391,-79.184698,NC,Robeson,Red Springs
28378,34.85345,-79.050019,NC,Robeson,Rex
28379,34.936426,-79.763623,NC,Richmond,Rockingham
28380,34.943054,-79.760844,NC,Richmond,Rockingham
28382,34.950848,-78.516195,NC,Sampson,Roseboro
28383,34.536371,-79.290511,NC,Robeson,Rowland
28384,34.802763,-78.975198,NC,Robeson,Saint Pauls
28385,35.016623,-78.504209,NC,Sampson,Salemburg
28386,34.904009,-79.166196,NC,Robeson,Shannon
28387,35.174091,-79.390844,NC,Moore,Southern Pines
28387,35.174091,-79.390844,NC,Moore,Southern Pnes
28388,35.18181,-79.401905,NC,Moore,Southern Pines
28388,35.18181,-79.401905,NC,Moore,Southern Pnes
28390,35.175116,-78.976743,NC,Cumberland,Olde Farm
28390,35.175116,-78.976743,NC,Cumberland,Spring Lake
28391,35.021874,-78.704641,NC,Cumberland,Stedman
28392,34.733176,-78.793919,NC,Bladen,Tar Heel
28393,34.955656,-78.206696,NC,Sampson,Turkey
28394,35.242723,-79.227747,NC,Moore,Vass
28395,35.160288,-78.735146,NC,Cumberland,Wade
28396,34.909224,-79.383666,NC,Scotland,Wagram
28398,34.98054,-78.09456,NC,Duplin,Bowdens
28398,34.98054,-78.09456,NC,Duplin,Warsaw
28399,34.78767,-78.722092,NC,Bladen,White Oak
28401,34.229055,-77.935953,NC,New Hanover,Cape Fear
28401,34.229055,-77.935953,NC,New Hanover,Wilm
28401,34.229055,-77.935953,NC,New Hanover,Wilmington
28402,34.238808,-77.948973,NC,New Hanover,Wilm
28402,34.238808,-77.948973,NC,New Hanover,Wilmington
28403,34.204361,-77.883608,NC,New Hanover,University of NC
28403,34.204361,-77.883608,NC,New Hanover,Wilm
28403,34.204361,-77.883608,NC,New Hanover,Wilmington
28404,33.927021,-78.069326,NC,New Hanover,Wilm
28404,33.927021,-78.069326,NC,New Hanover,Wilmington
28405,34.28172,-77.82474,NC,New Hanover,New Hanover County Airport
28405,34.28172,-77.82474,NC,New Hanover,Wilm
28405,34.28172,-77.82474,NC,New Hanover,Wilmington
28406,34.178185,-77.885847,NC,New Hanover,Wilm
28406,34.178185,-77.885847,NC,New Hanover,Wilmington
28407,34.156508,-77.894445,NC,New Hanover,Wilm
28407,34.156508,-77.894445,NC,New Hanover,Wilmington
28408,34.226075,-77.946552,NC,New Hanover,Wilm
28408,34.226075,-77.946552,NC,New Hanover,Wilmington
28409,34.164792,-77.873138,NC,New Hanover,Wilm
28409,34.164792,-77.873138,NC,New Hanover,Wilmington
28410,34.125636,-77.953828,NC,New Hanover,Bedford Fair Industries
28410,34.125636,-77.953828,NC,New Hanover,Willow Ridge
28410,34.125636,-77.953828,NC,New Hanover,Wilm
28410,34.125636,-77.953828,NC,New Hanover,Wilmington
28411,34.227651,-77.945987,NC,New Hanover,Wilm
28411,34.227651,-77.945987,NC,New Hanover,Wilmington
28412,34.142287,-77.915225,NC,New Hanover,Wilm
28412,34.142287,-77.915225,NC,New Hanover,Wilmington
28420,34.05604,-78.517548,NC,Brunswick,Ash
28421,34.527759,-78.173939,NC,Pender,Atkinson
28422,34.0341,-78.16716,NC,Brunswick,Bolivia
28422,34.0341,-78.16716,NC,Brunswick,Sunset Harbor
28423,34.178325,-78.398021,NC,Columbus,Bolton
28424,34.28927,-78.705899,NC,Columbus,Brunswick
28425,34.550127,-77.935342,NC,Pender,Burgaw
28428,34.037053,-77.901405,NC,New Hanover,Carolina Bch
28428,34.037053,-77.901405,NC,New Hanover,Carolina Beach
28429,34.325657,-77.908843,NC,New Hanover,Castle Hayne
28430,34.28704,-78.927792,NC,Columbus,Cerro Gordo
28431,34.323716,-78.823898,NC,Columbus,Chadbourn
28432,34.175534,-78.794338,NC,Columbus,Clarendon
28433,34.518659,-78.64365,NC,Bladen,Clarkton
28433,34.518659,-78.64365,NC,Bladen,Emerson
28434,34.448316,-78.437794,NC,Bladen,Council
28435,34.410005,-78.101347,NC,Pender,Currie
28435,34.410005,-78.101347,NC,Pender,Moores Creek National Battle
28436,34.341124,-78.187982,NC,Columbus,Delco
28438,34.42021,-78.81783,NC,Columbus,Evergreen
28439,34.308288,-79.00305,NC,Columbus,Fair Bluff
28441,34.82228,-78.329017,NC,Sampson,Garland
28441,34.82228,-78.329017,NC,Sampson,Ingold
28442,34.293827,-78.599687,NC,Columbus,Hallsboro
28443,34.394896,-77.651107,NC,Pender,Hampstead
28444,34.725227,-78.191649,NC,Sampson,Harrells
28445,34.47996,-77.50236,NC,Onslow,Holly Ridge
28445,34.47996,-77.50236,NC,Onslow,Surf City
28445,34.47996,-77.50236,NC,Onslow,Surf City Fin
28445,34.47996,-77.50236,NC,Onslow,Topsail Beach
28447,34.693305,-78.162602,NC,Sampson,Ivanhoe
28448,34.478193,-78.314764,NC,Bladen,Kelly
28449,33.997171,-77.909349,NC,New Hanover,Fort Fisher Air Force Statio
28449,33.997171,-77.909349,NC,New Hanover,Kure Beach
28450,34.315897,-78.505018,NC,Columbus,Lake Waccamaw
28451,34.21376,-78.038355,NC,Brunswick,Belville
28451,34.21376,-78.038355,NC,Brunswick,Leland
28451,34.21376,-78.038355,NC,Brunswick,Navassa
28452,33.95556,-78.550208,NC,Brunswick,Longwood
28453,34.895031,-78.043144,NC,Duplin,Magnolia
28454,34.600327,-77.767276,NC,Pender,Maple Hill
28455,34.112441,-78.653824,NC,Columbus,Nakina
28456,34.3449,-78.25782,NC,Columbus,Acme
28456,34.3449,-78.25782,NC,Columbus,Riegelwood
28457,34.410616,-77.91232,NC,Pender,Rocky Point
28458,34.825637,-78.025004,NC,Duplin,Rose Hill
28459,33.907639,-78.482064,NC,Brunswick,Shallotte
28460,34.531918,-77.387722,NC,Onslow,N Topsail Bch
28460,34.531918,-77.387722,NC,Onslow,N Topsail Beach
28460,34.531918,-77.387722,NC,Onslow,Sneads Ferry
28461,33.98328,-78.04848,NC,Brunswick,Bald Head
28461,33.98328,-78.04848,NC,Brunswick,Bald Head Isl
28461,33.98328,-78.04848,NC,Brunswick,Bald Head Island
28461,33.98328,-78.04848,NC,Brunswick,Bling Spr Lks
28461,33.98328,-78.04848,NC,Brunswick,Boiling Spg Lks
28461,33.98328,-78.04848,NC,Brunswick,Oak Island
28461,33.98328,-78.04848,NC,Brunswick,Southport
28462,33.97272,-78.28986,NC,Brunswick,Holden Beach
28462,33.97272,-78.28986,NC,Brunswick,Supply
28463,34.147085,-78.875878,NC,Columbus,Tabor City
28464,34.771922,-78.014009,NC,Duplin,Teachey
28465,33.915678,-78.132541,NC,Brunswick,Caswell Beach
28465,33.915678,-78.132541,NC,Brunswick,Fort Caswell
28465,33.915678,-78.132541,NC,Brunswick,Long Beach
28465,33.915678,-78.132541,NC,Brunswick,Oak Island
28465,33.915678,-78.132541,NC,Brunswick,Southport
28465,33.915678,-78.132541,NC,Brunswick,Sunny Point Military Ocean T
28465,33.915678,-78.132541,NC,Brunswick,Yaupon Beach
28466,34.736924,-77.993819,NC,Duplin,Wallace
28467,33.898397,-78.578267,NC,Brunswick,Calabash
28467,33.898397,-78.578267,NC,Brunswick,Carolina Shor
28467,33.898397,-78.578267,NC,Brunswick,Carolina Shores
28467,33.898397,-78.578267,NC,Brunswick,Shallotte
28468,33.884891,-78.50872,NC,Brunswick,Shallotte
28468,33.884891,-78.50872,NC,Brunswick,Sunset Bch
28468,33.884891,-78.50872,NC,Brunswick,Sunset Beach
28469,33.923901,-78.459091,NC,Brunswick,Ocean Isl Bch
28469,33.923901,-78.459091,NC,Brunswick,Ocean Isle
28469,33.923901,-78.459091,NC,Brunswick,Ocean Isle Beach
28469,33.923901,-78.459091,NC,Brunswick,Shallotte
28470,33.959446,-78.395981,NC,Brunswick,S Brunswick
28470,33.959446,-78.395981,NC,Brunswick,Shallotte
28470,33.959446,-78.395981,NC,Brunswick,South Brunswick
28472,34.334306,-78.702996,NC,Columbus,Whiteville
28478,34.665443,-78.066376,NC,Pender,Watha
28478,34.665443,-78.066376,NC,Pender,Willard
28479,34.205993,-78.105518,NC,Brunswick,Winnabow
28480,34.20724,-77.79633,NC,New Hanover,Wrightsville Beach
28480,34.20724,-77.79633,NC,New Hanover,Writsvlle Bch
28501,35.273461,-77.597639,NC,Lenoir,Kinston
28502,35.261679,-77.577928,NC,Lenoir,Kinston
28503,35.280064,-77.582905,NC,Lenoir,Kinston
28504,35.275222,-77.589004,NC,Lenoir,Kinston
28508,35.113254,-77.852057,NC,Duplin,Albertson
28509,35.146647,-76.799183,NC,Pamlico,Alliance
28510,34.979257,-76.825851,NC,Pamlico,Arapahoe
28510,34.979257,-76.825851,NC,Pamlico,Minnesott Bch
28510,34.979257,-76.825851,NC,Pamlico,Minnesott Beach
28511,34.893362,-76.336977,NC,Carteret,Atlantic
28512,34.699394,-76.781687,NC,Carteret,Atlantic Bch
28512,34.699394,-76.781687,NC,Carteret,Atlantic Beach
28512,34.699394,-76.781687,NC,Carteret,Atlanticbeach
28512,34.699394,-76.781687,NC,Carteret,Fort Macon Coast Guard Base
28512,34.699394,-76.781687,NC,Carteret,Indian Beach
28512,34.699394,-76.781687,NC,Carteret,Pine Knoll Shores
28512,34.699394,-76.781687,NC,Carteret,Pks
28513,35.4703,-77.423119,NC,Pitt,Ayden
28515,35.132651,-76.760131,NC,Pamlico,Bayboro
28515,35.132651,-76.760131,NC,Pamlico,Mesic
28516,34.731559,-76.655049,NC,Carteret,Beaufort
28516,34.731559,-76.655049,NC,Carteret,Cape Lookout National Seasho
28518,34.920149,-77.821894,NC,Duplin,Beulaville
28519,35.122069,-77.020064,NC,Craven,Bridgeton
28520,34.94196,-76.33561,NC,Carteret,Cedar Island
28521,34.82784,-77.744935,NC,Duplin,Chinquapin
28522,35.003386,-77.522269,NC,Jones,Comfort
28523,35.209185,-77.290206,NC,Craven,Cove City
28524,34.795464,-76.456798,NC,Carteret,Davis
28525,35.127332,-77.727139,NC,Lenoir,Deep Run
28526,35.26746,-77.37402,NC,Craven,Dover
28526,35.26746,-77.37402,NC,Craven,Fort Barnwell
28527,35.243238,-77.026924,NC,Craven,Ernul
28528,34.684622,-76.526421,NC,Carteret,Gloucester
28529,35.14027,-76.81998,NC,Pamlico,Grantsboro
28529,35.14027,-76.81998,NC,Pamlico,Kennells Beach
28530,35.379849,-77.429291,NC,Pitt,Grifton
28531,34.726336,-76.57094,NC,Carteret,Harkers Is
28531,34.726336,-76.57094,NC,Carteret,Harkers Island
28532,34.893026,-76.90137,NC,Craven,Havelock
28533,34.878889,-76.901667,NC,Craven,Cherry Point
28533,34.878889,-76.901667,NC,Craven,Cherry Point Marine Corps AI
28533,34.878889,-76.901667,NC,Craven,Havelock
28533,34.878889,-76.901667,NC,Craven,MCAS Cherry Point
28537,35.270599,-76.539775,NC,Pamlico,Hobucken
28538,35.427634,-77.54805,NC,Greene,Hookerton
28539,34.696204,-77.208383,NC,Onslow,Hubert
28540,34.764003,-77.434331,NC,Onslow,Jacksonville
28540,34.764003,-77.434331,NC,Onslow,New River Marine Corps Air S
28541,34.764959,-77.403904,NC,Onslow,Jacksonville
28542,34.697778,-77.352038,NC,Onslow,Camp Lejeune
28542,34.697778,-77.352038,NC,Onslow,Cp Lejeune Mcb
28542,34.697778,-77.352038,NC,Onslow,Cp Lejeunemcb
28542,34.697778,-77.352038,NC,Onslow,Jacksonville
28542,34.697778,-77.352038,NC,Onslow,Lejeune
28542,34.697778,-77.352038,NC,Onslow,Naval Hos
28542,34.697778,-77.352038,NC,Onslow,Naval Hospital
28543,34.734194,-77.377379,NC,Onslow,Jacksonville
28543,34.734194,-77.377379,NC,Onslow,Tarawa
28543,34.734194,-77.377379,NC,Onslow,Tarawa Ter
28543,34.734194,-77.377379,NC,Onslow,Tarawa Terrace
28543,34.734194,-77.377379,NC,Onslow,Tarawa Tr
28544,34.73262,-77.32764,NC,Onslow,Jacksonville
28544,34.73262,-77.32764,NC,Onslow,Midway Park
28545,34.683745,-77.34191,NC,Onslow,Jacksonville
28545,34.683745,-77.34191,NC,Onslow,Mc Cutcheon Field
28545,34.683745,-77.34191,NC,Onslow,McCutcheon Field
28545,34.683745,-77.34191,NC,Onslow,McCutchn Fld
28546,34.774523,-77.381406,NC,Onslow,Jacksonville
28547,34.704321,-77.349467,NC,Onslow,Camp Lejeune
28551,35.307956,-77.789886,NC,Lenoir,La Grange
28552,35.306995,-76.569858,NC,Pamlico,Lowland
28553,34.729019,-76.510873,NC,Carteret,Marshallberg
28554,35.482968,-77.586178,NC,Greene,Maury
28555,34.842466,-77.24709,NC,Jones,Maysville
28556,35.110791,-76.694764,NC,Pamlico,Merritt
28557,34.725535,-76.758443,NC,Carteret,Morehead City
28560,35.097221,-77.029014,NC,Craven,New Bern
28561,35.101125,-77.077035,NC,Craven,New Bern
28562,35.07174,-77.09958,NC,Craven,New Bern
28562,35.07174,-77.09958,NC,Craven,Trent Woods
28563,35.13821,-77.00635,NC,Craven,New Bern
28564,35.074831,-77.022188,NC,Craven,New Bern
28570,34.770637,-76.87077,NC,Carteret,Newport
28571,35.031095,-76.695847,NC,Pamlico,Oriental
28572,35.052316,-77.74526,NC,Lenoir,Pink Hill
28573,35.003901,-77.230433,NC,Jones,Pollocksville
28574,34.83171,-77.576529,NC,Onslow,Richlands
28575,34.685333,-76.902239,NC,Carteret,Salter Path
28577,34.893197,-76.392189,NC,Carteret,Sealevel
28578,35.208045,-77.918494,NC,Wayne,Seven Springs
28579,34.800896,-76.512781,NC,Carteret,Smyrna
28579,34.800896,-76.512781,NC,Carteret,Williston
28580,35.447755,-77.678735,NC,Greene,Snow Hill
28581,34.857921,-76.42332,NC,Carteret,Sealevel
28581,34.857921,-76.42332,NC,Carteret,Stacy
28582,34.751786,-77.152727,NC,Carteret,Stella
28583,35.13746,-76.738621,NC,Pamlico,Stonewall
28584,34.701094,-77.065759,NC,Onslow,Cape Carteret
28584,34.701094,-77.065759,NC,Onslow,Cedar Point
28584,34.701094,-77.065759,NC,Onslow,Peletier
28584,34.701094,-77.065759,NC,Onslow,Swansboro
28585,35.066822,-77.410809,NC,Jones,Trenton
28586,35.299473,-77.145872,NC,Craven,Vanceboro
28587,35.182811,-76.661444,NC,Pamlico,Vandemere
28589,34.78942,-76.505253,NC,Carteret,Williston
28590,35.535325,-77.395248,NC,Pitt,Winterville
28594,34.66362,-77.00508,NC,Carteret,Emerald Isle
28601,35.75358,-81.3249,NC,Catawba,Bethlehem
28601,35.75358,-81.3249,NC,Catawba,Hickory
28601,35.75358,-81.3249,NC,Catawba,Lenoir Rhyne
28601,35.75358,-81.3249,NC,Catawba,Longview
28601,35.75358,-81.3249,NC,Catawba,View Mont
28601,35.75358,-81.3249,NC,Catawba,Viewmont
28602,35.6616,-81.37032,NC,Catawba,Hickory
28602,35.6616,-81.37032,NC,Catawba,Long View
28602,35.6616,-81.37032,NC,Catawba,Longview
28602,35.6616,-81.37032,NC,Catawba,Mountain View
28602,35.6616,-81.37032,NC,Catawba,Mt View
28603,35.757664,-81.327333,NC,Catawba,Hickory
28604,36.1722,-81.82518,NC,Avery,Balm
28604,36.1722,-81.82518,NC,Avery,Banner Elk
28604,36.1722,-81.82518,NC,Avery,Beech Mnt
28604,36.1722,-81.82518,NC,Avery,Beech Mountain
28604,36.1722,-81.82518,NC,Avery,Elk Valley
28604,36.1722,-81.82518,NC,Avery,Foscoe
28604,36.1722,-81.82518,NC,Avery,Grandfather
28604,36.1722,-81.82518,NC,Avery,Kellersville
28604,36.1722,-81.82518,NC,Avery,Matney
28604,36.1722,-81.82518,NC,Avery,Norwood Hollow
28604,36.1722,-81.82518,NC,Avery,Rominger
28604,36.1722,-81.82518,NC,Avery,Seven Devils
28604,36.1722,-81.82518,NC,Avery,Sugar Mountain
28604,36.1722,-81.82518,NC,Avery,Sugar Mtn
28604,36.1722,-81.82518,NC,Avery,White Rock
28605,36.116573,-81.678226,NC,Watauga,Aho
28605,36.116573,-81.678226,NC,Watauga,Bamboo
28605,36.116573,-81.678226,NC,Watauga,Blowing Rock
28605,36.116573,-81.678226,NC,Watauga,Mayview Park
28606,36.226493,-81.099183,NC,Wilkes,Boomer
28607,36.21864,-81.6546,NC,Watauga,Adams
28607,36.21864,-81.6546,NC,Watauga,Boone
28607,36.21864,-81.6546,NC,Watauga,Deerfield
28607,36.21864,-81.6546,NC,Watauga,Grandview Heights
28607,36.21864,-81.6546,NC,Watauga,Hillcrest
28607,36.21864,-81.6546,NC,Watauga,Hodges Gap
28607,36.21864,-81.6546,NC,Watauga,Laxon
28607,36.21864,-81.6546,NC,Watauga,Meat Camp
28607,36.21864,-81.6546,NC,Watauga,Perkinsville
28607,36.21864,-81.6546,NC,Watauga,Rutherwood
28607,36.21864,-81.6546,NC,Watauga,Sands
28607,36.21864,-81.6546,NC,Watauga,Shulls Mills
28608,36.211626,-81.668282,NC,Watauga,Appalachian State Univ
28608,36.211626,-81.668282,NC,Watauga,Boone
28609,35.667368,-80.999551,NC,Catawba,Catawba
28609,35.667368,-80.999551,NC,Catawba,Longisland
28610,35.707009,-81.148762,NC,Catawba,Claremont
28611,35.992485,-81.713513,NC,Caldwell,Collettsville
28612,35.819784,-81.615772,NC,Burke,Connelly Spg
28612,35.819784,-81.615772,NC,Burke,Connellys Spg
28612,35.819784,-81.615772,NC,Burke,Connellys Springs
28613,35.71182,-81.209282,NC,Catawba,Conover
28615,36.44718,-81.65928,NC,Ashe,Ashland
28615,36.44718,-81.65928,NC,Ashe,Creston
28615,36.44718,-81.65928,NC,Ashe,Fig
28615,36.44718,-81.65928,NC,Ashe,Grayson
28615,36.44718,-81.65928,NC,Ashe,Parker
28616,36.090448,-81.854065,NC,Avery,Crossnore
28617,36.46086,-81.41364,NC,Ashe,Chestnut Hill
28617,36.46086,-81.41364,NC,Ashe,Crumpler
28617,36.46086,-81.41364,NC,Ashe,Nathans Creek
28617,36.46086,-81.41364,NC,Ashe,Shatley Springs
28617,36.46086,-81.41364,NC,Ashe,Weaversford
28618,36.192222,-81.529594,NC,Watauga,Deep Gap
28618,36.192222,-81.529594,NC,Watauga,Meadow Creek
28618,36.192222,-81.529594,NC,Watauga,Stony Fork
28618,36.192222,-81.529594,NC,Watauga,Triplett
28619,35.753757,-81.606879,NC,Burke,Drexel
28621,36.31572,-80.81616,NC,Surry,Elkin
28622,36.175674,-81.95517,NC,Avery,Cranberry
28622,36.175674,-81.95517,NC,Avery,Darkridge
28622,36.175674,-81.95517,NC,Avery,Elk Park
28622,36.175674,-81.95517,NC,Avery,Flat Springs
28622,36.175674,-81.95517,NC,Avery,Heaton
28622,36.175674,-81.95517,NC,Avery,Whaley
28623,36.52932,-80.96922,NC,Alleghany,Barrett
28623,36.52932,-80.96922,NC,Alleghany,Ennice
28623,36.52932,-80.96922,NC,Alleghany,Saddle
28624,36.15666,-81.39384,NC,Wilkes,Champion
28624,36.15666,-81.39384,NC,Wilkes,Darby
28624,36.15666,-81.39384,NC,Wilkes,Denny
28624,36.15666,-81.39384,NC,Wilkes,Ferguson
28624,36.15666,-81.39384,NC,Wilkes,Hendrix
28625,35.780234,-80.886089,NC,Iredell,Statesville
28626,36.404248,-81.493632,NC,Ashe,Fleetwood
28627,36.440899,-81.0175,NC,Alleghany,Cherry Lane
28627,36.440899,-81.0175,NC,Alleghany,Glade Valley
28627,36.440899,-81.0175,NC,Alleghany,Hare
28628,35.721926,-81.782025,NC,Burke,Glen Alpine
28629,36.347119,-81.382714,NC,Ashe,Glendale Spgs
28629,36.347119,-81.382714,NC,Ashe,Glendale Springs
28630,35.8161,-81.45714,NC,Caldwell,Baton
28630,35.8161,-81.45714,NC,Caldwell,Dudley Shoals
28630,35.8161,-81.45714,NC,Caldwell,Grace Chapel
28630,35.8161,-81.45714,NC,Caldwell,Granite Falls
28630,35.8161,-81.45714,NC,Caldwell,Saw Mills
28631,36.547139,-81.434483,NC,Ashe,Grassy Creek
28631,36.547139,-81.434483,NC,Ashe,Helton
28631,36.547139,-81.434483,NC,Ashe,Sussex
28633,35.902482,-81.535317,NC,Caldwell,Broyhill Furniture
28633,35.902482,-81.535317,NC,Caldwell,Lenoir
28634,35.956738,-80.772702,NC,Iredell,Countyline
28634,35.956738,-80.772702,NC,Iredell,Harmony
28634,35.956738,-80.772702,NC,Iredell,Houstonville
28635,36.356569,-81.12708,NC,Wilkes,Hayes
28635,36.356569,-81.12708,NC,Wilkes,Hays
28636,35.997778,-81.105556,NC,Alexander,Hiddenite
28636,35.997778,-81.105556,NC,Alexander,Vashti
28637,35.718235,-81.426789,NC,Burke,Hildebran
28638,35.845122,-81.491631,NC,Caldwell,Hudson
28640,36.40914,-81.41046,NC,Ashe,Jefferson
28640,36.40914,-81.41046,NC,Ashe,Orion
28640,36.40914,-81.41046,NC,Ashe,Rhine
28640,36.40914,-81.41046,NC,Ashe,Theta
28640,36.40914,-81.41046,NC,Ashe,Wagoner
28641,35.884283,-81.739742,NC,Burke,Jonas Ridge
28642,36.23694,-80.78232,NC,Yadkin,Arlington
28642,36.23694,-80.78232,NC,Yadkin,Jonesville
28643,36.49,-81.51,NC,Ashe,Apple Grove
28643,36.49,-81.51,NC,Ashe,Ball
28643,36.49,-81.51,NC,Ashe,Bly
28643,36.49,-81.51,NC,Ashe,Brandon
28643,36.49,-81.51,NC,Ashe,Comet
28643,36.49,-81.51,NC,Ashe,Dolinger
28643,36.49,-81.51,NC,Ashe,Farmers Store
28643,36.49,-81.51,NC,Ashe,Husk
28643,36.49,-81.51,NC,Ashe,Lansing
28643,36.49,-81.51,NC,Ashe,Little Horse Creek
28643,36.49,-81.51,NC,Ashe,Sturgills
28643,36.49,-81.51,NC,Ashe,Tuckerdale
28644,36.448151,-81.252551,NC,Alleghany,Laurel Spgs
28644,36.448151,-81.252551,NC,Alleghany,Laurel Springs
28645,35.949,-81.5298,NC,Caldwell,Brown Mountain Beach
28645,35.949,-81.5298,NC,Caldwell,Edgemont
28645,35.949,-81.5298,NC,Caldwell,Gamewell
28645,35.949,-81.5298,NC,Caldwell,Joyceton
28645,35.949,-81.5298,NC,Caldwell,Kings Creek
28645,35.949,-81.5298,NC,Caldwell,Laytown
28645,35.949,-81.5298,NC,Caldwell,Lenoir
28645,35.949,-81.5298,NC,Caldwell,Mortimer
28645,35.949,-81.5298,NC,Caldwell,Upton
28645,35.949,-81.5298,NC,Caldwell,Valmead
28645,35.949,-81.5298,NC,Caldwell,Warrior
28646,36.067758,-81.877449,NC,Avery,Linville
28647,35.956741,-81.94418,NC,Burke,Linville Falls
28647,35.956741,-81.94418,NC,Burke,Linville Fls
28649,36.321231,-81.188583,NC,Wilkes,Halls Mills
28649,36.321231,-81.188583,NC,Wilkes,Mc Grady
28649,36.321231,-81.188583,NC,Wilkes,McGrady
28649,36.321231,-81.188583,NC,Wilkes,Radical
28650,35.574796,-81.20773,NC,Catawba,Maiden
28651,36.270637,-81.284124,NC,Wilkes,Millers Creek
28651,36.270637,-81.284124,NC,Wilkes,Wilbar
28652,36.099899,-81.987145,NC,Avery,Carpenter Bottom
28652,36.099899,-81.987145,NC,Avery,Minneapolis
28653,36.065927,-81.904155,NC,Avery,Montezuma
28654,36.099261,-81.17466,NC,Wilkes,Moravian Falls
28654,36.099261,-81.17466,NC,Wilkes,Moravian Fls
28655,35.74404,-81.71316,NC,Burke,Bridgewater
28655,35.74404,-81.71316,NC,Burke,Brindle Town
28655,35.74404,-81.71316,NC,Burke,Burkemont
28655,35.74404,-81.71316,NC,Burke,Calvin
28655,35.74404,-81.71316,NC,Burke,Chesterfield
28655,35.74404,-81.71316,NC,Burke,Enola
28655,35.74404,-81.71316,NC,Burke,Joy
28655,35.74404,-81.71316,NC,Burke,Morganton
28655,35.74404,-81.71316,NC,Burke,Oak Hill
28655,35.74404,-81.71316,NC,Burke,Petersburg
28655,35.74404,-81.71316,NC,Burke,Pleasant Grove
28655,35.74404,-81.71316,NC,Burke,Salem
28655,35.74404,-81.71316,NC,Burke,Sunnyside
28656,36.20329,-81.076593,NC,Wilkes,Lowes Co Inc
28656,36.20329,-81.076593,NC,Wilkes,N Wilkesboro
28656,36.20329,-81.076593,NC,Wilkes,North Wilkesboro
28657,36.03276,-81.95436,NC,Avery,Altamont
28657,36.03276,-81.95436,NC,Avery,Beech Bottom
28657,36.03276,-81.95436,NC,Avery,Chestnut Dale
28657,36.03276,-81.95436,NC,Avery,Cranberry Gap
28657,36.03276,-81.95436,NC,Avery,Frank
28657,36.03276,-81.95436,NC,Avery,Hughes
28657,36.03276,-81.95436,NC,Avery,Ingalls
28657,36.03276,-81.95436,NC,Avery,Newland
28657,36.03276,-81.95436,NC,Avery,Pyatte
28657,36.03276,-81.95436,NC,Avery,Roaring Creek
28657,36.03276,-81.95436,NC,Avery,Senia
28657,36.03276,-81.95436,NC,Avery,Spear
28657,36.03276,-81.95436,NC,Avery,Stamey Branch
28657,36.03276,-81.95436,NC,Avery,Three Mile
28657,36.03276,-81.95436,NC,Avery,Valley
28658,35.658361,-81.233412,NC,Catawba,Blackburn
28658,35.658361,-81.233412,NC,Catawba,Drums Crossroads
28658,35.658361,-81.233412,NC,Catawba,Duan
28658,35.658361,-81.233412,NC,Catawba,Newton
28658,35.658361,-81.233412,NC,Catawba,Olivers Crossroads
28658,35.658361,-81.233412,NC,Catawba,Propst Crossroads
28658,35.658361,-81.233412,NC,Catawba,South Newton
28658,35.658361,-81.233412,NC,Catawba,Startown
28659,36.234234,-81.113377,NC,Wilkes,Call
28659,36.234234,-81.113377,NC,Wilkes,Cricket
28659,36.234234,-81.113377,NC,Wilkes,Fairplains
28659,36.234234,-81.113377,NC,Wilkes,Hunting Creek
28659,36.234234,-81.113377,NC,Wilkes,Mulberry
28659,36.234234,-81.113377,NC,Wilkes,N Wilkesboro
28659,36.234234,-81.113377,NC,Wilkes,North Wilkesboro
28659,36.234234,-81.113377,NC,Wilkes,Quarry
28659,36.234234,-81.113377,NC,Wilkes,Spurgeon
28659,36.234234,-81.113377,NC,Wilkes,Windy Gap
28660,35.954635,-80.852343,NC,Iredell,Olin
28661,35.998515,-81.563991,NC,Caldwell,Happy Valley
28661,35.998515,-81.563991,NC,Caldwell,Patterson
28662,36.030658,-81.891045,NC,Avery,Pineola
28663,36.563107,-81.281762,NC,Alleghany,Piney Creek
28664,36.027479,-82.004487,NC,Avery,Plumtree
28665,36.221121,-81.387906,NC,Wilkes,Maple Springs
28665,36.221121,-81.387906,NC,Wilkes,Parsonville
28665,36.221121,-81.387906,NC,Wilkes,Purlear
28665,36.221121,-81.387906,NC,Wilkes,Walsh
28666,35.647803,-81.263244,NC,Burke,Icard
28667,35.776179,-81.426688,NC,Caldwell,Rhodhiss
28667,35.776179,-81.426688,NC,Caldwell,Rhodhizz
28668,36.404449,-81.005156,NC,Alleghany,Roaring Gap
28669,36.190998,-80.999456,NC,Wilkes,Lomax
28669,36.190998,-80.999456,NC,Wilkes,Roaring River
28670,36.23634,-80.92662,NC,Wilkes,Clingman
28670,36.23634,-80.92662,NC,Wilkes,Dimmette
28670,36.23634,-80.92662,NC,Wilkes,Ronda
28671,35.752185,-81.523048,NC,Burke,Rutherford College
28671,35.752185,-81.523048,NC,Burke,Rutherfrd Col
28672,36.473151,-81.380417,NC,Ashe,Peden
28672,36.473151,-81.380417,NC,Ashe,Scottville
28672,36.473151,-81.380417,NC,Ashe,Topia
28673,35.5895,-81.002891,NC,Catawba,Sherrills Ford
28673,35.5895,-81.002891,NC,Catawba,Sherrills Frd
28674,36.171993,-81.144315,NC,Wilkes,N Wilkesboro
28674,36.171993,-81.144315,NC,Wilkes,North Wilkesboro
28674,36.171993,-81.144315,NC,Wilkes,Northwestern Bank
28675,36.506191,-81.117283,NC,Alleghany,Edwards Crossroads
28675,36.506191,-81.117283,NC,Alleghany,Sparta
28675,36.506191,-81.117283,NC,Alleghany,Stratford
28675,36.506191,-81.117283,NC,Alleghany,Twin Oaks
28675,36.506191,-81.117283,NC,Alleghany,Whitehead
28676,36.396418,-80.89226,NC,Surry,Kapps Mill
28676,36.396418,-80.89226,NC,Surry,Mountain Park
28676,36.396418,-80.89226,NC,Surry,State Rd
28676,36.396418,-80.89226,NC,Surry,State Road
28677,35.84526,-80.8992,NC,Iredell,Bradfords Cross Roads
28677,35.84526,-80.8992,NC,Iredell,Celeste Hinkle
28677,35.84526,-80.8992,NC,Iredell,Charles
28677,35.84526,-80.8992,NC,Iredell,East Monbo
28677,35.84526,-80.8992,NC,Iredell,Elmwood
28677,35.84526,-80.8992,NC,Iredell,Eufola
28677,35.84526,-80.8992,NC,Iredell,Loray
28677,35.84526,-80.8992,NC,Iredell,Love Valley
28677,35.84526,-80.8992,NC,Iredell,Sharon
28677,35.84526,-80.8992,NC,Iredell,Statesville
28677,35.84526,-80.8992,NC,Iredell,Statesville West
28678,35.851332,-81.043467,NC,Alexander,Stony Point
28679,36.27348,-81.87642,NC,Watauga,Amantha
28679,36.27348,-81.87642,NC,Watauga,Beech Creek
28679,36.27348,-81.87642,NC,Watauga,Peoria
28679,36.27348,-81.87642,NC,Watauga,Sugar Grove
28679,36.27348,-81.87642,NC,Watauga,Sweetwater
28680,35.743777,-81.69662,NC,Burke,Morganton
28681,35.87244,-81.21336,NC,Alexander,All Healing Springs
28681,35.87244,-81.21336,NC,Alexander,Ellendale
28681,35.87244,-81.21336,NC,Alexander,Kilby
28681,35.87244,-81.21336,NC,Alexander,Liledown
28681,35.87244,-81.21336,NC,Alexander,Little River
28681,35.87244,-81.21336,NC,Alexander,Paynes Store
28681,35.87244,-81.21336,NC,Alexander,Taylorsville
28682,35.583276,-80.964993,NC,Catawba,Terrell
28683,36.362647,-80.93926,NC,Wilkes,Doughton
28683,36.362647,-80.93926,NC,Wilkes,Thurmond
28684,36.3114,-81.579,NC,Ashe,Brownwood
28684,36.3114,-81.579,NC,Ashe,Tamarack
28684,36.3114,-81.579,NC,Ashe,Todd
28684,36.3114,-81.579,NC,Ashe,Toliver
28684,36.3114,-81.579,NC,Ashe,Woodford
28685,36.346465,-81.027968,NC,Wilkes,Abshers
28685,36.346465,-81.027968,NC,Wilkes,Dockery
28685,36.346465,-81.027968,NC,Wilkes,Joynes
28685,36.346465,-81.027968,NC,Wilkes,Moxley
28685,36.346465,-81.027968,NC,Wilkes,Traphill
28687,35.776465,-80.910513,NC,Iredell,Statesville
28688,35.83074,-80.898404,NC,Iredell,Turnersburg
28689,36.037202,-80.90854,NC,Iredell,Osbornville
28689,36.037202,-80.90854,NC,Iredell,Union Grove
28690,35.743328,-81.563588,NC,Burke,Valdese
28691,36.207601,-81.885029,NC,Watauga,Banner Elk
28691,36.207601,-81.885029,NC,Watauga,Valle Crucis
28692,36.273369,-81.786913,NC,Watauga,Reese
28692,36.273369,-81.786913,NC,Watauga,Sherwood
28692,36.273369,-81.786913,NC,Watauga,Vilas
28693,36.461801,-81.554415,NC,Ashe,Clifton
28693,36.461801,-81.554415,NC,Ashe,Warrensville
28694,36.35214,-81.47238,NC,Ashe,Baldwin
28694,36.35214,-81.47238,NC,Ashe,Beaver Creek
28694,36.35214,-81.47238,NC,Ashe,Idlewild
28694,36.35214,-81.47238,NC,Ashe,Index
28694,36.35214,-81.47238,NC,Ashe,Smethport
28694,36.35214,-81.47238,NC,Ashe,Treetop
28694,36.35214,-81.47238,NC,Ashe,W Jefferson
28694,36.35214,-81.47238,NC,Ashe,West Jefferson
28697,36.138201,-81.1575,NC,Wilkes,Goshen
28697,36.138201,-81.1575,NC,Wilkes,Wilkesboro
28698,36.331209,-81.73921,NC,Watauga,Mabel
28698,36.331209,-81.73921,NC,Watauga,Silverstone
28698,36.331209,-81.73921,NC,Watauga,Zionville
28699,35.844263,-81.007155,NC,Iredell,Scotts
28701,35.705795,-82.640881,NC,Buncombe,Alexander
28702,35.388116,-83.634747,NC,Swain,Almond
28704,35.473046,-82.519301,NC,Buncombe,Arden
28704,35.473046,-82.519301,NC,Buncombe,Oak Park
28704,35.473046,-82.519301,NC,Buncombe,Royal Pines
28704,35.473046,-82.519301,NC,Buncombe,West Haven
28705,35.977949,-82.121955,NC,Mitchell,Bakersville
28707,35.44749,-83.08221,NC,Jackson,Balsam
28708,35.224044,-82.885192,NC,Transylvania,Balsam Grove
28709,35.761504,-82.433278,NC,Buncombe,Barnardsville
28710,35.430771,-82.544357,NC,Henderson,Bat Cave
28711,35.60761,-82.312275,NC,Buncombe,Black Mountain
28711,35.60761,-82.312275,NC,Buncombe,Black Mtn
28712,35.200259,-82.738354,NC,Transylvania,Brevard
28713,35.401379,-83.467681,NC,Swain,Alarka
28713,35.401379,-83.467681,NC,Swain,Bryson City
28713,35.401379,-83.467681,NC,Swain,Ela
28713,35.401379,-83.467681,NC,Swain,Needmore
28714,35.885779,-82.259797,NC,Yancey,Burnsville
28715,35.536698,-82.680987,NC,Buncombe,Biltmore Lake
28715,35.536698,-82.680987,NC,Buncombe,Candler
28716,35.53003,-82.839417,NC,Haywood,Canton
28717,35.080295,-83.081376,NC,Jackson,Cashiers
28718,35.137445,-82.682532,NC,Transylvania,Cedar Mountain
28718,35.137445,-82.682532,NC,Transylvania,Cedar Mtn
28719,35.474495,-83.341234,NC,Swain,Cherokee
28719,35.474495,-83.341234,NC,Swain,Ocono Lufty
28720,35.437008,-82.24414,NC,Rutherford,Chimney Rock
28721,35.538721,-82.915332,NC,Haywood,Clyde
28722,35.24227,-82.190564,NC,Polk,Columbus
28723,35.284272,-83.179192,NC,Jackson,Cullowhee
28723,35.284272,-83.179192,NC,Jackson,East Laport
28723,35.284272,-83.179192,NC,Jackson,Erastus
28723,35.284272,-83.179192,NC,Jackson,Norton
28723,35.284272,-83.179192,NC,Jackson,Speedwell
28724,35.329055,-82.374461,NC,Henderson,Dana
28725,35.369907,-83.251691,NC,Jackson,Dillsboro
28726,35.282463,-82.41798,NC,Henderson,E Flat Rock
28726,35.282463,-82.41798,NC,Henderson,East Flat Rock
28727,35.396345,-82.343722,NC,Henderson,Edneyville
28728,35.541407,-82.64364,NC,Buncombe,Enka
28728,35.541407,-82.64364,NC,Buncombe,Enka Village
28729,35.318754,-82.604976,NC,Henderson,Etowah
28730,35.524195,-82.410772,NC,Buncombe,Fairview
28731,35.272427,-82.419576,NC,Henderson,Flat Rock
28732,35.421548,-82.499968,NC,Henderson,Carolina Hills
28732,35.421548,-82.499968,NC,Henderson,Fletcher
28733,35.430442,-83.828133,NC,Graham,Fontana Dam
28734,35.20146,-83.38146,NC,Macon,Burningtown
28734,35.20146,-83.38146,NC,Macon,Cartoogechaye
28734,35.20146,-83.38146,NC,Macon,Cowee
28734,35.20146,-83.38146,NC,Macon,Cullasaja
28734,35.20146,-83.38146,NC,Macon,East Franklin
28734,35.20146,-83.38146,NC,Macon,Ellijay
28734,35.20146,-83.38146,NC,Macon,Franklin
28734,35.20146,-83.38146,NC,Macon,Hickory Knoll
28734,35.20146,-83.38146,NC,Macon,Higdonville
28734,35.20146,-83.38146,NC,Macon,Iotla
28734,35.20146,-83.38146,NC,Macon,Prentiss
28734,35.20146,-83.38146,NC,Macon,Riverside
28734,35.20146,-83.38146,NC,Macon,Union
28734,35.20146,-83.38146,NC,Macon,Watauga
28735,35.474017,-82.307894,NC,Henderson,Gerton
28736,35.19368,-83.085357,NC,Jackson,Glenville
28737,35.683889,-82.009444,NC,McDowell,Glenwood
28737,35.683889,-82.009444,NC,McDowell,Marion
28738,35.476787,-83.002928,NC,Haywood,Hazelwood
28738,35.476787,-83.002928,NC,Haywood,Waynesville
28739,35.318666,-82.488402,NC,Henderson,Hendersonville
28739,35.318666,-82.488402,NC,Henderson,Hendersonvlle
28739,35.318666,-82.488402,NC,Henderson,Laurel Park
28740,35.9943,-82.2744,NC,Yancey,Double Island
28740,35.9943,-82.2744,NC,Yancey,Green Mountain
28740,35.9943,-82.2744,NC,Yancey,Green Mt
28740,35.9943,-82.2744,NC,Yancey,Green Mtn
28740,35.9943,-82.2744,NC,Yancey,Greenmountain
28740,35.9943,-82.2744,NC,Yancey,Grn Mountain
28740,35.9943,-82.2744,NC,Yancey,Lower Pig Pen
28740,35.9943,-82.2744,NC,Yancey,Pleasant Gap
28740,35.9943,-82.2744,NC,Yancey,Relief
28740,35.9943,-82.2744,NC,Yancey,Upper Pig Pen
28741,35.055868,-83.205699,NC,Macon,Highlands
28742,35.36115,-82.574013,NC,Henderson,Horse Shoe
28743,35.8458,-82.87062,NC,Madison,Bluff
28743,35.8458,-82.87062,NC,Madison,Hot Springs
28743,35.8458,-82.87062,NC,Madison,Joe
28743,35.8458,-82.87062,NC,Madison,Luck
28743,35.8458,-82.87062,NC,Madison,Paint Rock
28743,35.8458,-82.87062,NC,Madison,Spring Creek
28743,35.8458,-82.87062,NC,Madison,Trust
28744,35.180743,-83.381664,NC,Macon,Franklin
28745,35.524801,-82.972902,NC,Haywood,Assembly
28745,35.524801,-82.972902,NC,Haywood,Lake Junaluska
28745,35.524801,-82.972902,NC,Haywood,Lk Junaluska
28746,35.452129,-82.190425,NC,Rutherford,Lake Lure
28747,35.14604,-82.933874,NC,Transylvania,Lake Toxaway
28748,35.628226,-82.709526,NC,Buncombe,Leicester
28749,35.847794,-82.097662,NC,McDowell,Little Switzerland
28749,35.847794,-82.097662,NC,McDowell,Ltl Switzrlnd
28750,35.226869,-82.222796,NC,Polk,Lynn
28751,35.521141,-83.063129,NC,Haywood,Maggie Valley
28752,35.674582,-82.017112,NC,McDowell,Marion
28753,35.837619,-82.710606,NC,Madison,Marshall
28754,35.876794,-82.540355,NC,Madison,Mars Hill
28755,35.906336,-82.215416,NC,Yancey,Micaville
28756,35.339715,-82.169664,NC,Polk,Mill Spring
28757,35.643925,-82.305516,NC,Buncombe,Montreat
28758,35.378626,-82.477763,NC,Henderson,Mountain Home
28759,35.301536,-82.581486,NC,Henderson,Horse Shoe
28759,35.301536,-82.581486,NC,Henderson,Mills River
28760,35.392606,-82.502999,NC,Henderson,Naples
28761,35.665956,-81.912008,NC,McDowell,Nebo
28762,35.630002,-82.157958,NC,McDowell,Old Fort
28763,35.046523,-83.396898,NC,Macon,Otto
28765,35.92802,-82.11699,NC,Mitchell,Penland
28766,35.282903,-82.658439,NC,Transylvania,Penrose
28768,35.25693,-82.668289,NC,Transylvania,Pisgah Forest
28770,35.615404,-82.318031,NC,Buncombe,Ridgecrest
28771,35.346072,-83.874306,NC,Graham,Lake Santeetlah
28771,35.346072,-83.874306,NC,Graham,Lk Santeetlah
28771,35.346072,-83.874306,NC,Graham,Robbinsville
28771,35.346072,-83.874306,NC,Graham,Tapoco
28772,35.142895,-82.83623,NC,Transylvania,Rosman
28773,35.24654,-82.309619,NC,Polk,Saluda
28774,35.104149,-82.978026,NC,Transylvania,Sapphire
28775,35.014232,-83.33364,NC,Macon,Scaly Mountain
28775,35.014232,-83.33364,NC,Macon,Scaly Mtn
28776,35.482015,-82.523906,NC,Buncombe,Skyland
28777,35.914346,-82.07249,NC,Mitchell,Spruce Pine
28778,35.603045,-82.409169,NC,Buncombe,Swannanoa
28779,35.377705,-83.21216,NC,Jackson,Sylva
28781,35.256543,-83.696128,NC,Cherokee,Aquone
28781,35.256543,-83.696128,NC,Cherokee,Topton
28782,35.217184,-82.226181,NC,Polk,Tryon
28783,35.249037,-83.118647,NC,Jackson,Tuckasegee
28784,35.232294,-82.431185,NC,Henderson,Tuxedo
28785,35.574687,-83.010377,NC,Haywood,Waynesville
28786,35.500644,-82.99509,NC,Haywood,Hazelwood
28786,35.500644,-82.99509,NC,Haywood,Waynesville
28787,35.718689,-82.5471,NC,Buncombe,Weaverville
28788,35.351992,-83.213222,NC,Jackson,Webster
28789,35.457462,-83.287016,NC,Jackson,Whittier
28790,35.233139,-82.415861,NC,Henderson,Zirconia
28791,35.350441,-82.494453,NC,Henderson,Hendersonville
28791,35.350441,-82.494453,NC,Henderson,Hendersonvlle
28792,35.337349,-82.449108,NC,Henderson,Hendersonville
28792,35.337349,-82.449108,NC,Henderson,Hendersonvlle
28793,35.327979,-82.478182,NC,Henderson,Hendersonville
28793,35.327979,-82.478182,NC,Henderson,Hendersonvlle
28801,35.594571,-82.555747,NC,Buncombe,Asheville
28802,35.498675,-82.538396,NC,Buncombe,Asheville
28803,35.548613,-82.522312,NC,Buncombe,Asheville
28803,35.548613,-82.522312,NC,Buncombe,Biltmore Forest
28803,35.548613,-82.522312,NC,Buncombe,Biltmore Frst
28804,35.63743,-82.558381,NC,Buncombe,Asheville
28804,35.63743,-82.558381,NC,Buncombe,Woodfin
28805,35.594556,-82.501708,NC,Buncombe,Asheville
28806,35.583509,-82.60779,NC,Buncombe,Asheville
28806,35.583509,-82.60779,NC,Buncombe,West Ashville
28810,35.567335,-82.614735,NC,Buncombe,Asheville
28813,35.55447,-82.51072,NC,Buncombe,Asheville
28813,35.55447,-82.51072,NC,Buncombe,Biltmor
28814,35.62368,-82.55448,NC,Buncombe,Asheville
28814,35.62368,-82.55448,NC,Buncombe,Grace Sta
28815,35.575619,-82.545629,NC,Buncombe,Asheville
28815,35.575619,-82.545629,NC,Buncombe,Oteen Sta
28816,35.581775,-82.60141,NC,Buncombe,Asheville
28816,35.581775,-82.60141,NC,Buncombe,W Asheville
28901,35.189476,-83.804291,NC,Cherokee,Andrews
28902,35.043243,-83.937634,NC,Clay,Brasstown
28903,34.989954,-84.167688,NC,Cherokee,Culberson
28904,35.025287,-83.810433,NC,Clay,Hayesville
28905,35.130869,-83.947014,NC,Cherokee,Marble
28906,35.0673,-84.12618,NC,Cherokee,Murphy
28906,35.0673,-84.12618,NC,Cherokee,Unaka
28909,35.000176,-83.911806,NC,Clay,Warne
