11771,40.866007,-73.526305,NY,Nassau,Muttontown
11771,40.866007,-73.526305,NY,Nassau,Oyster Bay
11771,40.866007,-73.526305,NY,Nassau,Oyster Bay Cove
11771,40.866007,-73.526305,NY,Nassau,Upper Brookville
11772,40.77504,-72.89574,NY,Suffolk,Canaan Lake
11772,40.77504,-72.89574,NY,Suffolk,Davis Park
11772,40.77504,-72.89574,NY,Suffolk,E Patchogue
11772,40.77504,-72.89574,NY,Suffolk,East Patchogue
11772,40.77504,-72.89574,NY,Suffolk,N Patchogue
11772,40.77504,-72.89574,NY,Suffolk,North Patchogue
11772,40.77504,-72.89574,NY,Suffolk,Patchogue
11773,40.828208,-73.503625,NY,Nassau,Publishers Clearing House
11773,40.828208,-73.503625,NY,Nassau,Syosset
11774,40.731623,-73.446277,NY,Nassau,Farmingdale
11774,40.731623,-73.446277,NY,Nassau,Fulfillment
11775,40.793182,-73.41794,NY,Suffolk,Don Jagoda Assc Inc
11775,40.793182,-73.41794,NY,Suffolk,Melville
11776,40.90984,-73.046164,NY,Suffolk,P J S
11776,40.90984,-73.046164,NY,Suffolk,Pjs
11776,40.90984,-73.046164,NY,Suffolk,Port Jefferson Station
11776,40.90984,-73.046164,NY,Suffolk,Prt Jeff Sta
11776,40.90984,-73.046164,NY,Suffolk,Prt Jefferson STation
11776,40.90984,-73.046164,NY,Suffolk,Terryville
11777,40.925278,-73.047778,NY,Suffolk,Belle Terre
11777,40.925278,-73.047778,NY,Suffolk,P J S
11777,40.925278,-73.047778,NY,Suffolk,Pjs
11777,40.925278,-73.047778,NY,Suffolk,Port Jefferson
11777,40.925278,-73.047778,NY,Suffolk,Port Jefferson Station
11777,40.925278,-73.047778,NY,Suffolk,Prt Jeff Sta
11777,40.925278,-73.047778,NY,Suffolk,Prt Jefferson
11777,40.925278,-73.047778,NY,Suffolk,Pt Jefferson Station
11778,40.949705,-72.93642,NY,Suffolk,Rocky Point
11779,40.81812,-73.1208,NY,Suffolk,Lake Ronkonkoma
11779,40.81812,-73.1208,NY,Suffolk,Lake Ronkonkoma Heights
11779,40.81812,-73.1208,NY,Suffolk,Lk Ronkonkoma
11779,40.81812,-73.1208,NY,Suffolk,Ronkonkoma
11780,40.89144,-73.16928,NY,Suffolk,Box Hill
11780,40.89144,-73.16928,NY,Suffolk,Deer Wells
11780,40.89144,-73.16928,NY,Suffolk,Flowerfield
11780,40.89144,-73.16928,NY,Suffolk,Head of the Harbor
11780,40.89144,-73.16928,NY,Suffolk,Nissequogue
11780,40.89144,-73.16928,NY,Suffolk,Saint James
11780,40.89144,-73.16928,NY,Suffolk,St James
11782,40.746049,-73.080662,NY,Suffolk,Cherry Grove
11782,40.746049,-73.080662,NY,Suffolk,Fire Is Pines
11782,40.746049,-73.080662,NY,Suffolk,Fire Island Pines
11782,40.746049,-73.080662,NY,Suffolk,Sayville
11783,40.679021,-73.487144,NY,Nassau,Seaford
11784,40.871531,-73.043571,NY,Suffolk,Old Westfield
11784,40.871531,-73.043571,NY,Suffolk,Selden
11786,40.949365,-72.891529,NY,Suffolk,Shoreham
11787,40.855292,-73.209738,NY,Suffolk,Smithtown
11788,40.816902,-73.210989,NY,Suffolk,Hauppauge
11788,40.816902,-73.210989,NY,Suffolk,Smithtown
11789,40.955253,-72.973851,NY,Suffolk,Scotts Beach
11789,40.955253,-72.973851,NY,Suffolk,Sound Beach
11790,40.905287,-73.125351,NY,Suffolk,Head of the Harbor
11790,40.905287,-73.125351,NY,Suffolk,Stony Brook
11790,40.905287,-73.125351,NY,Suffolk,Stonybrook
11791,40.813797,-73.502844,NY,Nassau,Laurel Hollow
11791,40.813797,-73.502844,NY,Nassau,Muttontown
11791,40.813797,-73.502844,NY,Nassau,Oyster Bay Cove
11791,40.813797,-73.502844,NY,Nassau,Syosset
11792,40.94544,-72.83502,NY,Suffolk,Wading River
11792,40.94544,-72.83502,NY,Suffolk,Wildwood
11792,40.94544,-72.83502,NY,Suffolk,Willwood
11793,40.685767,-73.51402,NY,Nassau,Briar Park
11793,40.685767,-73.51402,NY,Nassau,N Wantagh
11793,40.685767,-73.51402,NY,Nassau,North Wantagh
11793,40.685767,-73.51402,NY,Nassau,Wantagh
11794,40.914561,-73.125169,NY,Suffolk,Stony Brook
11794,40.914561,-73.125169,NY,Suffolk,Stonybrook
11794,40.914561,-73.125169,NY,Suffolk,Suny Stony Brook
11795,40.709304,-73.299311,NY,Suffolk,W Islip
11795,40.709304,-73.299311,NY,Suffolk,West Islip
11796,40.732739,-73.100528,NY,Suffolk,W Sayville
11796,40.732739,-73.100528,NY,Suffolk,West Sayville
11797,40.81381,-73.468323,NY,Nassau,Woodbury
11798,40.756804,-73.364139,NY,Suffolk,Wheatley Heights
11798,40.756804,-73.364139,NY,Suffolk,Wheatley Hts
11798,40.756804,-73.364139,NY,Suffolk,Wyandanch
11801,40.766663,-73.51647,NY,Nassau,Hicksville
11802,40.764323,-73.531618,NY,Nassau,Hicksville
11803,40.780517,-73.478813,NY,Nassau,Hicksville
11803,40.780517,-73.478813,NY,Nassau,Plainview
11804,40.768333,-73.525556,NY,Nassau,Hicksville
11804,40.768333,-73.525556,NY,Nassau,Old Bethpage
11815,40.768318,-73.514148,NY,Nassau,Hicksville
11815,40.768318,-73.514148,NY,Nassau,L I Power Authority
11819,40.763511,-73.532506,NY,Nassau,Chemical Bank
11819,40.763511,-73.532506,NY,Nassau,Hicksville
11853,40.786573,-73.542199,NY,Nassau,Chemical Bank
11853,40.786573,-73.542199,NY,Nassau,Jericho
11854,40.753879,-73.5033,NY,Nassau,Hicksville
11854,40.753879,-73.5033,NY,Nassau,Hicksville Firms
11855,40.762253,-73.525848,NY,Nassau,Hicksville
11855,40.762253,-73.525848,NY,Nassau,Hicksville Crm Firms
11901,40.928084,-72.65583,NY,Suffolk,Flanders
11901,40.928084,-72.65583,NY,Suffolk,Northampton
11901,40.928084,-72.65583,NY,Suffolk,Riverhead
11930,40.976299,-72.13367,NY,Suffolk,Amagansett
11930,40.976299,-72.13367,NY,Suffolk,Beach Hampton
11930,40.976299,-72.13367,NY,Suffolk,Promised Land
11931,40.946526,-72.598308,NY,Suffolk,Aquebogue
11932,40.962338,-72.306224,NY,Suffolk,Bridge Hampton
11932,40.962338,-72.306224,NY,Suffolk,Bridgehampton
11933,40.93446,-72.76914,NY,Suffolk,Baiting Hollo
11933,40.93446,-72.76914,NY,Suffolk,Baiting Hollow
11933,40.93446,-72.76914,NY,Suffolk,Calverton
11934,40.800258,-72.796529,NY,Suffolk,Center Moriches
11934,40.800258,-72.796529,NY,Suffolk,CTR Moriches
11935,41.015049,-72.472897,NY,Suffolk,Cutchogue
11935,41.015049,-72.472897,NY,Suffolk,Nassau Point
11937,41.004735,-72.178804,NY,Suffolk,E Hampton
11937,41.004735,-72.178804,NY,Suffolk,East Hampton
11939,41.128421,-72.341905,NY,Suffolk,E Marion
11939,41.128421,-72.341905,NY,Suffolk,East Marion
11940,40.80849,-72.75228,NY,Suffolk,E Moriches
11940,40.80849,-72.75228,NY,Suffolk,East Moriches
11941,40.830437,-72.731567,NY,Suffolk,Eastport
11942,40.847122,-72.573666,NY,Suffolk,E Quogue
11942,40.847122,-72.573666,NY,Suffolk,East Quogue
11944,41.102895,-72.370978,NY,Suffolk,Greenport
11946,40.83252,-72.67122,NY,Suffolk,Hampton Bays
11947,40.946167,-72.583098,NY,Suffolk,Jamesport
11948,40.963392,-72.548573,NY,Suffolk,Laurel
11949,40.85218,-72.788976,NY,Suffolk,Manorville
11950,40.806599,-72.840193,NY,Suffolk,Manor Park
11950,40.806599,-72.840193,NY,Suffolk,Mastic
11950,40.806599,-72.840193,NY,Suffolk,Rivers Edge
11951,40.764527,-72.843517,NY,Suffolk,Mastic Beach
11951,40.764527,-72.843517,NY,Suffolk,Old Mastic
11952,40.993754,-72.539624,NY,Suffolk,Mattituck
11953,40.87772,-72.955011,NY,Suffolk,Middle Island
11954,41.041068,-71.950598,NY,Suffolk,Hither Plains
11954,41.041068,-71.950598,NY,Suffolk,Montauk
11955,40.804137,-72.820828,NY,Suffolk,Moriches
11956,40.992282,-72.477555,NY,Suffolk,New Suffolk
11957,41.15424,-72.24975,NY,Suffolk,Orient
11957,41.15424,-72.24975,NY,Suffolk,Orient Point
11958,41.04158,-72.458859,NY,Suffolk,Peconic
11959,40.823016,-72.601639,NY,Suffolk,Quogue
11960,40.812687,-72.695052,NY,Suffolk,Remsenburg
11961,40.8969,-72.88434,NY,Suffolk,Lake Panamoka
11961,40.8969,-72.88434,NY,Suffolk,Panamoka
11961,40.8969,-72.88434,NY,Suffolk,Ridge
11962,40.950826,-72.287798,NY,Suffolk,Sagaponack
11963,40.97244,-72.32454,NY,Suffolk,Bay Point
11963,40.97244,-72.32454,NY,Suffolk,N Haven
11963,40.97244,-72.32454,NY,Suffolk,North Haven
11963,40.97244,-72.32454,NY,Suffolk,Pine Neck
11963,40.97244,-72.32454,NY,Suffolk,Sag Harbor
11964,41.067294,-72.337204,NY,Suffolk,Shelter Is
11964,41.067294,-72.337204,NY,Suffolk,Shelter Island
11965,41.075213,-72.354368,NY,Suffolk,Shelter Is Ht
11965,41.075213,-72.354368,NY,Suffolk,Shelter Island Heights
11967,40.795028,-72.869264,NY,Suffolk,E Yaphank
11967,40.795028,-72.869264,NY,Suffolk,East Yaphank
11967,40.795028,-72.869264,NY,Suffolk,Shirley
11967,40.795028,-72.869264,NY,Suffolk,Smith Point
11967,40.795028,-72.869264,NY,Suffolk,Smiths Point
11968,40.907565,-72.411077,NY,Suffolk,S Hampton
11968,40.907565,-72.411077,NY,Suffolk,South Hampton
11968,40.907565,-72.411077,NY,Suffolk,Southampton
11969,40.965942,-72.357568,NY,Suffolk,S Hampton
11969,40.965942,-72.357568,NY,Suffolk,South Hampton
11969,40.965942,-72.357568,NY,Suffolk,Southampton
11970,40.936611,-72.579128,NY,Suffolk,S Jamesport
11970,40.936611,-72.579128,NY,Suffolk,South Jamesport
11971,41.057698,-72.415683,NY,Suffolk,Southold
11972,40.819732,-72.706941,NY,Suffolk,Speonk
11973,40.849836,-72.889667,NY,Suffolk,Upton
11975,40.952826,-72.249776,NY,Suffolk,Wainscott
11976,40.930979,-72.35279,NY,Suffolk,Water Mill
11976,40.930979,-72.35279,NY,Suffolk,Watermill
11976,40.930979,-72.35279,NY,Suffolk,Wtr Mill
11977,40.819853,-72.666788,NY,Suffolk,W Hampton
11977,40.819853,-72.666788,NY,Suffolk,West Hampton
11977,40.819853,-72.666788,NY,Suffolk,Westhampton
11978,40.811711,-72.645053,NY,Suffolk,Quioque
11978,40.811711,-72.645053,NY,Suffolk,W Hampton Bch
11978,40.811711,-72.645053,NY,Suffolk,W Hampton Beach
11978,40.811711,-72.645053,NY,Suffolk,West Hampton Beach
11978,40.811711,-72.645053,NY,Suffolk,Westhampton Beach
11978,40.811711,-72.645053,NY,Suffolk,Westhampton Dunes
11980,40.838524,-72.933522,NY,Suffolk,Carver Park
11980,40.838524,-72.933522,NY,Suffolk,Yaphank
12007,42.464479,-73.921582,NY,Albany,Alcove
12008,42.854388,-73.904169,NY,Schenectady,Alplaus
12008,42.854388,-73.904169,NY,Schenectady,Rexford
12008,42.854388,-73.904169,NY,Schenectady,Schenectady
12009,42.697778,-74.025728,NY,Albany,Altamont
12009,42.697778,-74.025728,NY,Albany,Thompsons Lake
12010,42.92364,-74.17086,NY,Montgomery,Amsterdam
12010,42.92364,-74.17086,NY,Montgomery,Perth
12010,42.92364,-74.17086,NY,Montgomery,West Charlton
12010,42.92364,-74.17086,NY,Montgomery,West Glenville
12015,42.262647,-73.810372,NY,Greene,Athens
12016,42.928783,-74.319642,NY,Montgomery,Auriesville
12016,42.928783,-74.319642,NY,Montgomery,Fultonville
12017,42.316394,-73.458542,NY,Columbia,Austerlitz
12018,42.64062,-73.5495,NY,Rensselaer,Alps
12018,42.64062,-73.5495,NY,Rensselaer,Averill Park
12018,42.64062,-73.5495,NY,Rensselaer,Burden Lake
12018,42.64062,-73.5495,NY,Rensselaer,Dunham Hollow
12018,42.64062,-73.5495,NY,Rensselaer,East Poestenkill
12018,42.64062,-73.5495,NY,Rensselaer,Glass Lake
12019,42.92172,-73.8906,NY,Saratoga,Ballston
12019,42.92172,-73.8906,NY,Saratoga,Ballston Lake
12019,42.92172,-73.8906,NY,Saratoga,Burnt Hills
12019,42.92172,-73.8906,NY,Saratoga,Charlton
12020,43.005586,-73.860404,NY,Saratoga,Ballston Center
12020,43.005586,-73.860404,NY,Saratoga,Ballston Spa
12020,43.005586,-73.860404,NY,Saratoga,East Line
12020,43.005586,-73.860404,NY,Saratoga,Factory Village
12020,43.005586,-73.860404,NY,Saratoga,Harmony Corners
12020,43.005586,-73.860404,NY,Saratoga,Malta
12020,43.005586,-73.860404,NY,Saratoga,Malta Ridge
12020,43.005586,-73.860404,NY,Saratoga,Maltaville
12020,43.005586,-73.860404,NY,Saratoga,Milton Center
12020,43.005586,-73.860404,NY,Saratoga,Pioneer
12020,43.005586,-73.860404,NY,Saratoga,Riley Cove
12020,43.005586,-73.860404,NY,Saratoga,West Milton
12022,42.694299,-73.370325,NY,Rensselaer,Berlin
12022,42.694299,-73.370325,NY,Rensselaer,Center Berlin
12023,42.60636,-74.1438,NY,Albany,Berne
12023,42.60636,-74.1438,NY,Albany,South Berne
12023,42.60636,-74.1438,NY,Albany,West Berne
12024,42.482968,-73.53439,NY,Rensselaer,Brainard
12025,43.057254,-74.198122,NY,Fulton,Broadalbin
12025,43.057254,-74.198122,NY,Fulton,Fish House
12025,43.057254,-74.198122,NY,Fulton,Galway Lake
12025,43.057254,-74.198122,NY,Fulton,Honeywell Corners
12025,43.057254,-74.198122,NY,Fulton,North Broadalbin
12025,43.057254,-74.198122,NY,Fulton,Stevers Mills
12025,43.057254,-74.198122,NY,Fulton,Union Mills
12025,43.057254,-74.198122,NY,Fulton,Vail Mills
12027,42.916475,-73.901761,NY,Saratoga,Burnt Hills
12028,42.962677,-73.447303,NY,Rensselaer,Buskirk
12029,42.391057,-73.400428,NY,Columbia,Canaan
12031,42.746768,-74.45741,NY,Schoharie,Carlisle
12032,43.161683,-74.49371,NY,Fulton,Caroga
12032,43.161683,-74.49371,NY,Fulton,Caroga Lake
12032,43.161683,-74.49371,NY,Fulton,Pine Lake
12032,43.161683,-74.49371,NY,Fulton,Wheelerville
12033,42.535438,-73.70907,NY,Rensselaer,Brookview
12033,42.535438,-73.70907,NY,Rensselaer,Castleton
12033,42.535438,-73.70907,NY,Rensselaer,Castleton on Hudson
12033,42.535438,-73.70907,NY,Rensselaer,S Schodack
12033,42.535438,-73.70907,NY,Rensselaer,South Schodack
12035,42.716078,-74.361941,NY,Schoharie,Central Brg
12035,42.716078,-74.361941,NY,Schoharie,Central Bridge
12036,42.541441,-74.657149,NY,Schoharie,Charlotteville
12036,42.541441,-74.657149,NY,Schoharie,Charlottevle
12037,42.359632,-73.589364,NY,Columbia,Chatham
12040,42.634921,-73.355054,NY,Rensselaer,Cherry Plain
12040,42.634921,-73.355054,NY,Rensselaer,Cherryplain
12041,42.560143,-73.980356,NY,Albany,Clarksville
12042,42.372564,-73.865815,NY,Greene,Climax
12043,42.679057,-74.487086,NY,Schoharie,Cobleskill
12043,42.679057,-74.487086,NY,Schoharie,Dorloo
12043,42.679057,-74.487086,NY,Schoharie,Hyndsville
12043,42.679057,-74.487086,NY,Schoharie,Janesville
12043,42.679057,-74.487086,NY,Schoharie,Lawyersville
12043,42.679057,-74.487086,NY,Schoharie,Mineral Springs
12043,42.679057,-74.487086,NY,Schoharie,Seward
12045,42.472313,-73.793901,NY,Albany,Coeymans
12046,42.49842,-73.91226,NY,Albany,Coeymans Hollow
12046,42.49842,-73.91226,NY,Albany,Coeymans Holw
12047,42.774939,-73.715732,NY,Albany,Boght Corners
12047,42.774939,-73.715732,NY,Albany,Cohoes
12047,42.774939,-73.715732,NY,Albany,Dunsbach Ferry
12050,42.315037,-73.748815,NY,Columbia,Columbiaville
12051,42.357823,-73.807318,NY,Greene,Coxsackie
12052,42.753953,-73.4773,NY,Rensselaer,Cropseyville
12053,42.72258,-74.17158,NY,Schenectady,Braman Corners
12053,42.72258,-74.17158,NY,Schenectady,Delanson
12054,42.60522,-73.87008,NY,Albany,Bethlehem
12054,42.60522,-73.87008,NY,Albany,Delmar
12054,42.60522,-73.87008,NY,Albany,Elsmere
12055,42.43842,-74.20308,NY,Albany,Dormansville
12055,42.43842,-74.20308,NY,Albany,Westerlo
12056,42.76614,-74.13954,NY,Schenectady,Duanesburg
12056,42.76614,-74.13954,NY,Schenectady,Princetown
12057,42.95664,-73.36152,NY,Rensselaer,Eagle Bridge
12057,42.95664,-73.36152,NY,Rensselaer,White Creek
12058,42.349583,-73.902962,NY,Greene,Earlton
12059,42.617126,-74.058841,NY,Albany,East Berne
12060,42.41262,-73.49604,NY,Columbia,East Chatham
12060,42.41262,-73.49604,NY,Columbia,Red Rock
12061,42.595189,-73.693628,NY,Rensselaer,E Greenbush
12061,42.595189,-73.693628,NY,Rensselaer,East Greenbush
12062,42.531602,-73.502202,NY,Rensselaer,East Nassau
12062,42.531602,-73.502202,NY,Rensselaer,Hoag Corners
12063,42.569709,-73.61451,NY,Rensselaer,East Schodack
12064,42.557719,-74.64435,NY,Otsego,E Worcester
12064,42.557719,-74.64435,NY,Otsego,East Worcester
12065,42.85146,-73.79898,NY,Saratoga,Clifton Park
12065,42.85146,-73.79898,NY,Saratoga,Clifton Park Center
12065,42.85146,-73.79898,NY,Saratoga,Elnora
12065,42.85146,-73.79898,NY,Saratoga,Halfmoon
12065,42.85146,-73.79898,NY,Saratoga,Jonesville
12066,42.7947,-74.33466,NY,Montgomery,Burtonsville
12066,42.7947,-74.33466,NY,Montgomery,Esperance
12067,42.565899,-73.913257,NY,Albany,Feura Bush
12068,42.94236,-74.4303,NY,Montgomery,Fonda
12068,42.94236,-74.4303,NY,Montgomery,Sammonsville
12069,42.941659,-74.279913,NY,Montgomery,Fort Hunter
12070,42.962988,-74.251122,NY,Montgomery,Fort Johnson
12071,42.591388,-74.393816,NY,Schoharie,Fultonham
12072,42.944695,-74.376969,NY,Montgomery,Fultonville
12073,42.662066,-74.229925,NY,Schoharie,Gallupville
12074,43.032199,-74.036378,NY,Saratoga,Galway
12074,43.032199,-74.036378,NY,Saratoga,Hagedorns Mills
12074,43.032199,-74.036378,NY,Saratoga,Mosherville
12075,42.292747,-73.702189,NY,Columbia,Ghent
12076,42.410715,-74.390183,NY,Schoharie,Gilboa
12077,42.596487,-73.794423,NY,Albany,Bethlehem Center
12077,42.596487,-73.794423,NY,Albany,Glenmont
12078,43.054502,-74.33833,NY,Fulton,Bleecker
12078,43.054502,-74.33833,NY,Fulton,Gloversville
12078,43.054502,-74.33833,NY,Fulton,Meco
12078,43.054502,-74.33833,NY,Fulton,Riceville
12078,43.054502,-74.33833,NY,Fulton,West Bush
12082,42.768623,-73.447387,NY,Rensselaer,Grafton
12083,42.416705,-74.011373,NY,Greene,Greenville
12083,42.416705,-74.011373,NY,Greene,Norton Hill
12083,42.416705,-74.011373,NY,Greene,S Westerlo
12083,42.416705,-74.011373,NY,Greene,South Westerlo
12084,42.699325,-73.89971,NY,Albany,Guilderland
12085,42.702864,-73.968446,NY,Albany,Guilderland Center
12085,42.702864,-73.968446,NY,Albany,Guildrlnd Ctr
12086,42.974141,-74.154373,NY,Montgomery,Hagaman
12087,42.422544,-73.886598,NY,Greene,Hannacroix
12089,42.864306,-73.327143,NY,Rensselaer,Hoosick
12090,42.88026,-73.35906,NY,Rensselaer,Boyntonville
12090,42.88026,-73.35906,NY,Rensselaer,Hoosick Falls
12090,42.88026,-73.35906,NY,Rensselaer,Walloomsac
12092,42.711693,-74.36353,NY,Schoharie,Barnerville
12092,42.711693,-74.36353,NY,Schoharie,Bramanville
12092,42.711693,-74.36353,NY,Schoharie,Howes Cave
12093,42.493692,-74.604434,NY,Schoharie,East Jefferson
12093,42.493692,-74.604434,NY,Schoharie,Jefferson
12093,42.493692,-74.604434,NY,Schoharie,North Harpersfield
12094,42.932662,-73.506739,NY,Rensselaer,Johnsonville
12095,43.02114,-74.3955,NY,Fulton,Garoga
12095,43.02114,-74.3955,NY,Fulton,Johnstown
12095,43.02114,-74.3955,NY,Fulton,Northbush
12095,43.02114,-74.3955,NY,Fulton,Rockwood
12106,42.395508,-73.711549,NY,Columbia,Kinderhook
12107,42.669807,-74.119886,NY,Albany,Knox
12108,43.469089,-74.416358,NY,Hamilton,Higgins Bay
12108,43.469089,-74.416358,NY,Hamilton,Lake Pleasant
12110,42.747077,-73.767886,NY,Albany,Latham
12110,42.747077,-73.767886,NY,Albany,Newtonville
12110,42.747077,-73.767886,NY,Albany,Verdoy
12110,42.747077,-73.767886,NY,Albany,West Latham
12115,42.45604,-73.591434,NY,Columbia,Malden Brg
12115,42.45604,-73.591434,NY,Columbia,Malden Bridge
12116,42.542837,-74.899432,NY,Otsego,Chaseville
12116,42.542837,-74.899432,NY,Otsego,Cooperstown Junction
12116,42.542837,-74.899432,NY,Otsego,Maryland
12117,43.102843,-74.263232,NY,Fulton,Mayfield
12118,42.913913,-73.707978,NY,Saratoga,Mechanicville
12120,42.435003,-74.147921,NY,Albany,Medusa
12121,42.843234,-73.618514,NY,Rensselaer,Melrose
12122,42.54036,-74.27082,NY,Schoharie,Breakabeen
12122,42.54036,-74.27082,NY,Schoharie,Huntersland
12122,42.54036,-74.27082,NY,Schoharie,Livingstonville
12122,42.54036,-74.27082,NY,Schoharie,Middleburg
12122,42.54036,-74.27082,NY,Schoharie,Middleburgh
12123,42.521046,-73.625267,NY,Rensselaer,Nassau
12124,42.444613,-73.787763,NY,Greene,New Baltimore
12125,42.483586,-73.377729,NY,Columbia,Lebanon Spg
12125,42.483586,-73.377729,NY,Columbia,Lebanon Springs
12125,42.483586,-73.377729,NY,Columbia,New Lebanon
12125,42.483586,-73.377729,NY,Columbia,New Lebanon Center
12128,42.724446,-73.750908,NY,Albany,Latham
12128,42.724446,-73.750908,NY,Albany,Newtonville
12130,42.442797,-73.657282,NY,Columbia,Niverville
12131,42.487846,-74.429697,NY,Schoharie,N Blenheim
12131,42.487846,-74.429697,NY,Schoharie,North Blenheim
12132,42.471422,-73.633263,NY,Columbia,North Chatham
12133,42.924518,-73.345704,NY,Rensselaer,Hoosick Junction
12133,42.924518,-73.345704,NY,Rensselaer,North Hoosick
12134,43.234942,-74.156837,NY,Fulton,Edinburg
12134,43.234942,-74.156837,NY,Fulton,Northville
12136,42.469547,-73.55641,NY,Columbia,Old Chatham
12137,42.85572,-74.1279,NY,Schenectady,Mariaville
12137,42.85572,-74.1279,NY,Schenectady,Pattersonville
12137,42.85572,-74.1279,NY,Schenectady,Pattersonvle
12138,42.7371,-73.36266,NY,Rensselaer,North Petersburg
12138,42.7371,-73.36266,NY,Rensselaer,Petersburg
12138,42.7371,-73.36266,NY,Rensselaer,Petersburgh
12138,42.7371,-73.36266,NY,Rensselaer,Taconic Lake
12139,43.390766,-74.606599,NY,Hamilton,Arietta
12139,43.390766,-74.606599,NY,Hamilton,Piseco
12140,42.695254,-73.578996,NY,Rensselaer,Poestenkill
12141,42.732998,-74.186598,NY,Schenectady,Quaker Street
12143,42.47172,-73.820415,NY,Albany,Ravena
12144,42.6246,-73.71012,NY,Rensselaer,Defreestville
12144,42.6246,-73.71012,NY,Rensselaer,Rensselaer
12147,42.50466,-74.14734,NY,Albany,Rensselaerville
12147,42.50466,-74.14734,NY,Albany,Rensselaervle
12148,42.84564,-73.84902,NY,Saratoga,Rexford
12148,42.84564,-73.84902,NY,Saratoga,Vischer Ferry
12149,42.632159,-74.56396,NY,Schoharie,Richmondville
12149,42.632159,-74.56396,NY,Schoharie,West Richmondville
12150,42.87668,-74.043438,NY,Schenectady,Rotterdam Jct
12150,42.87668,-74.043438,NY,Schenectady,Rotterdam Junction
12151,42.92352,-73.7829,NY,Saratoga,Round Lake
12151,42.92352,-73.7829,NY,Saratoga,Ushers
12153,42.6371,-73.491691,NY,Rensselaer,Sand Lake
12153,42.6371,-73.491691,NY,Rensselaer,Taborton
12154,42.897909,-73.589565,NY,Rensselaer,Easton
12154,42.897909,-73.589565,NY,Rensselaer,Schaghticoke
12155,42.59718,-74.81892,NY,Otsego,Elk Creek
12155,42.59718,-74.81892,NY,Otsego,Fergusonville
12155,42.59718,-74.81892,NY,Otsego,Schenevus
12155,42.59718,-74.81892,NY,Otsego,Simpsonville
12155,42.59718,-74.81892,NY,Otsego,Westville
12156,42.47952,-73.72518,NY,Rensselaer,Schodack Landing
12156,42.47952,-73.72518,NY,Rensselaer,Schodack Lndg
12157,42.668153,-74.311743,NY,Schoharie,Schoharie
12158,42.551716,-73.817741,NY,Albany,Beckers Corners
12158,42.551716,-73.817741,NY,Albany,Selkirk
12159,42.642796,-73.877696,NY,Albany,Slingerlands
12160,42.76266,-74.372274,NY,Schoharie,Sloansville
12161,42.535245,-73.89339,NY,Albany,S Bethlehem
12161,42.535245,-73.89339,NY,Albany,South Bethlehem
12164,43.557902,-74.357613,NY,Hamilton,Speculator
12165,42.320381,-73.548607,NY,Columbia,Spencertown
12166,42.8496,-74.47638,NY,Montgomery,Charleston Four Corners
12166,42.8496,-74.47638,NY,Montgomery,Lykers
12166,42.8496,-74.47638,NY,Montgomery,Root
12166,42.8496,-74.47638,NY,Montgomery,Rural Grove
12166,42.8496,-74.47638,NY,Montgomery,Sprakers
12167,42.407598,-74.619982,NY,Delaware,Stamford
12168,42.56064,-73.4517,NY,Rensselaer,Stephentown
12168,42.56064,-73.4517,NY,Rensselaer,Stephentown Center
12169,42.562,-73.367385,NY,Rensselaer,Stephentown
12170,42.93396,-73.69038,NY,Saratoga,Bemis Heights
12170,42.93396,-73.69038,NY,Saratoga,Stillwater
12172,42.287538,-73.742015,NY,Columbia,Stottville
12173,42.34482,-73.75644,NY,Columbia,Newton Hook
12173,42.34482,-73.75644,NY,Columbia,Stuyvesant
12174,42.351815,-73.733223,NY,Columbia,Stuyvesant Falls
12174,42.351815,-73.733223,NY,Columbia,Stuyvesant Fl
12175,42.533016,-74.53883,NY,Schoharie,Summit
12176,42.359083,-73.950092,NY,Greene,Surprise
12177,42.95363,-74.291341,NY,Montgomery,Tribes Hill
12180,42.744,-73.60512,NY,Rensselaer,Albia
12180,42.744,-73.60512,NY,Rensselaer,Brunswick
12180,42.744,-73.60512,NY,Rensselaer,Center Brunswick
12180,42.744,-73.60512,NY,Rensselaer,Eagle Mills
12180,42.744,-73.60512,NY,Rensselaer,Raymertown
12180,42.744,-73.60512,NY,Rensselaer,Snyders Corners
12180,42.744,-73.60512,NY,Rensselaer,Snyders Lake
12180,42.744,-73.60512,NY,Rensselaer,Speigletown
12180,42.744,-73.60512,NY,Rensselaer,Sycaway
12180,42.744,-73.60512,NY,Rensselaer,Troy
12181,42.731923,-73.686799,NY,Rensselaer,Troy
12182,42.775992,-73.660085,NY,Rensselaer,Lansingburg
12182,42.775992,-73.660085,NY,Rensselaer,Pleasantdale
12182,42.775992,-73.660085,NY,Rensselaer,Speigletown
12182,42.775992,-73.660085,NY,Rensselaer,Troy
12183,42.744346,-73.695668,NY,Albany,Green Island
12183,42.744346,-73.695668,NY,Albany,Troy
12184,42.4407,-73.67964,NY,Columbia,Chatham Center
12184,42.4407,-73.67964,NY,Columbia,Valatie
12185,42.88714,-73.544884,NY,Rensselaer,Valley Falls
12185,42.88714,-73.544884,NY,Rensselaer,West Valley Falls
12186,42.62478,-73.9698,NY,Albany,Reidsville
12186,42.62478,-73.9698,NY,Albany,Voorheesville
12187,42.614747,-74.475755,NY,Schoharie,Patria
12187,42.614747,-74.475755,NY,Schoharie,Warnerville
12188,42.81954,-73.70262,NY,Saratoga,Waterford
12189,42.726113,-73.713355,NY,Albany,Mannville
12189,42.726113,-73.713355,NY,Albany,Maplewood
12189,42.726113,-73.713355,NY,Albany,Watervliet
12190,43.475882,-74.270426,NY,Hamilton,Gilmantown
12190,43.475882,-74.270426,NY,Hamilton,Wells
12192,42.38328,-73.8243,NY,Greene,Coxsackie
12192,42.38328,-73.8243,NY,Greene,W Coxsackie
12192,42.38328,-73.8243,NY,Greene,West Coxsackie
12193,42.540237,-74.045892,NY,Albany,Westerlo
12194,42.53856,-74.454716,NY,Schoharie,W Fulton
12194,42.53856,-74.454716,NY,Schoharie,West Fulton
12195,42.490534,-73.448183,NY,Columbia,W Lebanon
12195,42.490534,-73.448183,NY,Columbia,West Lebanon
12196,42.627847,-73.632094,NY,Rensselaer,W Sand Lake
12196,42.627847,-73.632094,NY,Rensselaer,West Sand Lake
12197,42.517778,-74.750278,NY,Otsego,Decatur
12197,42.517778,-74.750278,NY,Otsego,South Worcester
12197,42.517778,-74.750278,NY,Otsego,Worcester
12198,42.67272,-73.64184,NY,Rensselaer,North Greenbush
12198,42.67272,-73.64184,NY,Rensselaer,Wynantskill
12201,42.648322,-73.751608,NY,Albany,Albany
12202,42.639674,-73.769661,NY,Albany,Albany
12203,42.69156,-73.82784,NY,Albany,Albany
12203,42.69156,-73.82784,NY,Albany,McKownville
12203,42.69156,-73.82784,NY,Albany,Pine
12203,42.69156,-73.82784,NY,Albany,Stuyvesant Plaza
12203,42.69156,-73.82784,NY,Albany,Stuyvsnt Plz
12203,42.69156,-73.82784,NY,Albany,Westmere
12204,42.67698,-73.73748,NY,Albany,Albany
12204,42.67698,-73.73748,NY,Albany,Menands
12205,42.714746,-73.821155,NY,Albany,Albany
12205,42.714746,-73.821155,NY,Albany,Colonie
12205,42.714746,-73.821155,NY,Albany,Colonie Center
12205,42.714746,-73.821155,NY,Albany,Roessleville
12206,42.67297,-73.77601,NY,Albany,Albany
12207,42.652365,-73.754418,NY,Albany,Albany
12208,42.652812,-73.807109,NY,Albany,Albany
12209,42.641762,-73.788358,NY,Albany,Albany
12210,42.654387,-73.75738,NY,Albany,Albany
12211,42.707382,-73.772002,NY,Albany,Albany
12211,42.707382,-73.772002,NY,Albany,Loudonville
12211,42.707382,-73.772002,NY,Albany,Siena
12212,42.67967,-73.840113,NY,Albany,Albany
12214,42.686317,-73.846929,NY,Albany,Albany
12214,42.686317,-73.846929,NY,Albany,Albany Brm
12220,42.664897,-73.883261,NY,Albany,Albany
12222,42.693234,-73.838124,NY,Albany,Albany
12222,42.693234,-73.838124,NY,Albany,S U N Y
12223,42.651781,-73.757949,NY,Albany,Albany
12223,42.651781,-73.757949,NY,Albany,Empire State Plaza
12224,42.664656,-73.841729,NY,Albany,Albany
12225,42.682259,-73.838108,NY,Albany,Albany
12226,42.684962,-73.807547,NY,Albany,Albany
12226,42.684962,-73.807547,NY,Albany,N Y State Campus
12227,42.689555,-73.845984,NY,Albany,Albany
12227,42.689555,-73.845984,NY,Albany,NYS Dept of Tax & Finance
12228,42.645681,-73.756663,NY,Albany,Albany
12228,42.645681,-73.756663,NY,Albany,N Y Dept of Motor Vehicles
12229,42.650418,-73.814413,NY,Albany,Albany
12229,42.650418,-73.814413,NY,Albany,Mental Hygiene Dept
12230,42.6547,-73.757766,NY,Albany,Albany
12230,42.6547,-73.757766,NY,Albany,N Y Educ Dept
12231,42.656061,-73.760129,NY,Albany,Albany
12231,42.656061,-73.760129,NY,Albany,N Y Secretary of State
12232,42.652603,-73.754055,NY,Albany,Albany
12232,42.652603,-73.754055,NY,Albany,D O T N Y
12233,42.649243,-73.755554,NY,Albany,Albany
12233,42.649243,-73.755554,NY,Albany,N Y Conservation Dept
12234,42.671814,-73.736501,NY,Albany,Albany
12234,42.671814,-73.736501,NY,Albany,State Office Bldg
12235,42.649742,-73.756061,NY,Albany,Albany
12235,42.649742,-73.756061,NY,Albany,N Y Agr and Mkts
12236,42.651877,-73.758413,NY,Albany,Albany
12236,42.651877,-73.758413,NY,Albany,Audit and Control Dept
12237,42.645888,-73.797658,NY,Albany,Albany
12237,42.645888,-73.797658,NY,Albany,N Y Health Dept
12238,42.652025,-73.761447,NY,Albany,Albany
12238,42.652025,-73.761447,NY,Albany,Ny Park and Rec Dept
12239,42.650821,-73.758546,NY,Albany,Albany
12239,42.650821,-73.758546,NY,Albany,N Y Civil Serv Dept
12240,42.651487,-73.7569,NY,Albany,Albany
12240,42.651487,-73.7569,NY,Albany,N Y Labor Div Empl
12241,42.630394,-73.761975,NY,Albany,Albany
12241,42.630394,-73.761975,NY,Albany,N Y Wrkmn Comp
12242,42.652754,-73.757551,NY,Albany,Albany
12242,42.652754,-73.757551,NY,Albany,Ny Standards and Purc
12243,42.653793,-73.746424,NY,Albany,Albany
12243,42.653793,-73.746424,NY,Albany,N Y Soc Serv Dept
12244,42.651521,-73.761175,NY,Albany,Albany
12244,42.651521,-73.761175,NY,Albany,N Y Empl Retirement
12245,42.671218,-73.772898,NY,Albany,Albany
12245,42.671218,-73.772898,NY,Albany,N Y Dept Commerce
12246,42.689007,-73.821157,NY,Albany,Albany
12246,42.689007,-73.821157,NY,Albany,S U N Y 99 Wash
12247,42.68227,-73.727879,NY,Albany,Albany
12248,42.653981,-73.758374,NY,Albany,Albany
12248,42.653981,-73.758374,NY,Albany,N Y Assembly
12249,42.697178,-73.994306,NY,Albany,Albany
12249,42.697178,-73.994306,NY,Albany,N Y Labor Unemp Ins
12250,42.673005,-73.735244,NY,Albany,Albany
12250,42.673005,-73.735244,NY,Albany,N Y Tele Co
12252,42.648263,-73.761928,NY,Albany,Albany
12252,42.648263,-73.761928,NY,Albany,N Y State Lottery
12255,42.654469,-73.759719,NY,Albany,Albany
12255,42.654469,-73.759719,NY,Albany,N Y Hghr Educ Serv Corp
12256,42.651907,-73.758318,NY,Albany,Albany
12256,42.651907,-73.758318,NY,Albany,N Y Lottery
12257,42.653571,-73.757472,NY,Albany,Albany
12257,42.653571,-73.757472,NY,Albany,Ny State Ins Dept
12260,42.669387,-73.773554,NY,Albany,Albany
12261,42.679058,-73.782986,NY,Albany,Albany
12261,42.679058,-73.782986,NY,Albany,Nys Tax Processing Ctr
12288,42.728717,-73.847757,NY,Albany,Albany
12288,42.728717,-73.847757,NY,Albany,Us Postal Service
12301,42.813236,-73.939399,NY,Schenectady,Schenectady
12302,42.856481,-73.956093,NY,Schenectady,East Glenville
12302,42.856481,-73.956093,NY,Schenectady,Glenville
12302,42.856481,-73.956093,NY,Schenectady,Schdy
12302,42.856481,-73.956093,NY,Schenectady,Schenectady
12302,42.856481,-73.956093,NY,Schenectady,Scotia
12302,42.856481,-73.956093,NY,Schenectady,Stoodley Corners
12303,42.783122,-73.938595,NY,Schenectady,Schdy
12303,42.783122,-73.938595,NY,Schenectady,Schenectady
12304,42.780295,-73.909969,NY,Schenectady,Brandywine
12304,42.780295,-73.909969,NY,Schenectady,Schdy
12304,42.780295,-73.909969,NY,Schenectady,Schenectady
12305,42.814529,-73.943411,NY,Schenectady,Schdy
12305,42.814529,-73.943411,NY,Schenectady,Schenectady
12306,42.792392,-73.984961,NY,Schenectady,Bellevue
12306,42.792392,-73.984961,NY,Schenectady,Lower Rotterdam
12306,42.792392,-73.984961,NY,Schenectady,Rotterdam
12306,42.792392,-73.984961,NY,Schenectady,Rotterdam Square Branch
12306,42.792392,-73.984961,NY,Schenectady,Schdy
12306,42.792392,-73.984961,NY,Schenectady,Schenectady
12307,42.802385,-73.93657,NY,Schenectady,Schdy
12307,42.802385,-73.93657,NY,Schenectady,Schenectady
12308,42.820842,-73.91998,NY,Schenectady,Schdy
12308,42.820842,-73.91998,NY,Schenectady,Schenectady
12309,42.79578,-73.86744,NY,Schenectady,Niskayuna
12309,42.79578,-73.86744,NY,Schenectady,Schdy
12309,42.79578,-73.86744,NY,Schenectady,Schenectady
12309,42.79578,-73.86744,NY,Schenectady,Upper Union
12325,42.814167,-73.94,NY,Schenectady,Glenville
12325,42.814167,-73.94,NY,Schenectady,Schdy
12325,42.814167,-73.94,NY,Schenectady,Schenectady
12345,42.815656,-73.942324,NY,Schenectady,General Electric
12345,42.815656,-73.942324,NY,Schenectady,Schdy
12345,42.815656,-73.942324,NY,Schenectady,Schenectady
12401,41.932171,-74.019531,NY,Ulster,Eddyville
12401,41.932171,-74.019531,NY,Ulster,Kingston
12401,41.932171,-74.019531,NY,Ulster,Saint Remy
12401,41.932171,-74.019531,NY,Ulster,St Remy
12402,41.932386,-74.032331,NY,Ulster,Kingston
12404,41.81046,-74.24982,NY,Ulster,Accord
12404,41.81046,-74.24982,NY,Ulster,Leibhardt
12404,41.81046,-74.24982,NY,Ulster,Lyonsville
12404,41.81046,-74.24982,NY,Ulster,Mettacahonts
12404,41.81046,-74.24982,NY,Ulster,Whitfield
12405,42.332936,-74.093813,NY,Greene,Acra
12405,42.332936,-74.093813,NY,Greene,South Durham
12406,42.108167,-74.530179,NY,Delaware,Arkville
12407,42.295009,-74.355618,NY,Greene,Ashland
12409,42.03738,-74.17518,NY,Ulster,Bearsville
12409,42.03738,-74.17518,NY,Ulster,Shady
12410,42.09294,-74.46186,NY,Ulster,Big Indian
12410,42.09294,-74.46186,NY,Ulster,Oliverea
12411,41.84796,-74.07906,NY,Ulster,Bloomington
12412,42.004425,-74.261329,NY,Ulster,Boiceville
12413,42.32514,-74.02992,NY,Greene,Cairo
12414,42.224593,-73.874142,NY,Greene,Catskill
12414,42.224593,-73.874142,NY,Greene,Cementon
12416,42.090912,-74.268664,NY,Ulster,Chichester
12417,41.911892,-73.994188,NY,Ulster,Connelly
12418,42.379172,-74.126219,NY,Greene,Cornwallville
12419,41.850267,-74.115043,NY,Ulster,Cottekill
12420,41.670081,-74.385271,NY,Ulster,Cragsmoor
12421,42.270333,-74.531212,NY,Delaware,Denver
12422,42.409931,-74.182742,NY,Greene,Durham
12422,42.409931,-74.182742,NY,Greene,West Durham
12423,42.388331,-74.13671,NY,Greene,East Durham
12424,42.235,-74.145833,NY,Greene,East Jewett
12424,42.235,-74.145833,NY,Greene,Tannersville
12427,42.185227,-74.13212,NY,Greene,Elka Park
12428,41.6985,-74.50512,NY,Ulster,Ellenville
12429,41.837603,-73.995484,NY,Ulster,Esopus
12430,42.195,-74.550556,NY,Delaware,Fleischmanns
12430,42.195,-74.550556,NY,Delaware,Halcott Center
12430,42.195,-74.550556,NY,Delaware,Halcott Ctr
12431,42.377411,-74.056683,NY,Greene,Freehold
12432,42.01853,-73.961443,NY,Ulster,Glasco
12433,42.008101,-74.15142,NY,Ulster,Glenford
12434,42.343615,-74.476158,NY,Delaware,Grand Gorge
12435,41.74878,-74.52318,NY,Ulster,Greenfield Park
12435,41.74878,-74.52318,NY,Ulster,Greenfld Park
12436,42.194504,-74.11845,NY,Greene,Haines Falls
12438,42.208259,-74.60121,NY,Delaware,Halcottsville
12439,42.2586,-74.22498,NY,Greene,East Windham
12439,42.2586,-74.22498,NY,Greene,Hensonville
12440,41.820309,-74.126454,NY,Ulster,High Falls
12441,42.143627,-74.489371,NY,Ulster,Highmount
12442,42.23142,-74.19942,NY,Greene,Hunter
12443,41.924537,-74.067379,NY,Ulster,Hurley
12444,42.270415,-74.31588,NY,Greene,Jewett
12446,41.81292,-74.29488,NY,Ulster,Cherrytown
12446,41.81292,-74.29488,NY,Ulster,Kerhonkson
12448,42.072851,-74.210051,NY,Ulster,Lake Hill
12449,41.997672,-74.003214,NY,Ulster,Lake Katrine
12450,42.134503,-74.264765,NY,Greene,Lanesville
12451,42.305672,-73.944172,NY,Greene,Leeds
12452,42.24021,-74.364377,NY,Greene,Lexington
12453,42.094637,-73.933788,NY,Ulster,Malden
12453,42.094637,-73.933788,NY,Ulster,Malden Hudson
12453,42.094637,-73.933788,NY,Ulster,Malden on Hudson
12453,42.094637,-73.933788,NY,Ulster,Mldn on Hdsn
12454,42.289106,-74.147239,NY,Greene,Maplecrest
12455,42.151087,-74.653789,NY,Delaware,Margaretville
12456,42.0366,-73.99884,NY,Ulster,Mount Marion
12456,42.0366,-73.99884,NY,Ulster,Mount Merion Park
12457,42.04216,-74.258837,NY,Ulster,Mount Tremper
12458,41.813621,-74.413644,NY,Ulster,Napanoch
12459,42.211411,-74.683175,NY,Delaware,New Kingston
12460,42.411793,-74.148999,NY,Greene,Oak Hill
12461,41.89878,-74.25738,NY,Ulster,Krumville
12461,41.89878,-74.25738,NY,Ulster,Olive
12461,41.89878,-74.25738,NY,Ulster,Olivebridge
12461,41.89878,-74.25738,NY,Ulster,Samsonville
12463,42.174316,-74.021686,NY,Greene,Palenville
12464,41.997088,-74.334644,NY,Ulster,Phoenicia
12465,42.129525,-74.481912,NY,Ulster,Pine Hill
12466,41.904729,-73.979877,NY,Ulster,Port Ewen
12468,42.25962,-74.3607,NY,Greene,Prattsville
12468,42.25962,-74.3607,NY,Greene,Red Falls
12469,42.4566,-74.22066,NY,Albany,Preston Hlow
12469,42.4566,-74.22066,NY,Albany,Preston Hollow
12469,42.4566,-74.22066,NY,Albany,Preston Holw
12470,42.270473,-74.008879,NY,Greene,Purling
12471,41.832741,-74.03745,NY,Ulster,Rifton
12472,41.846911,-74.073956,NY,Ulster,Rosendale
12473,42.270121,-74.070612,NY,Greene,Round Top
12474,42.287672,-74.561318,NY,Delaware,Hubbell Cors
12474,42.287672,-74.561318,NY,Delaware,Roxbury
12475,42.019102,-74.010805,NY,Ulster,Ruby
12477,42.07752,-74.0136,NY,Ulster,Saugerties
12477,42.07752,-74.0136,NY,Ulster,West Saugerties
12480,42.12996,-74.38464,NY,Ulster,Shandaken
12481,41.98362,-74.22102,NY,Ulster,Shokan
12482,42.274889,-73.952337,NY,Greene,South Cairo
12483,41.664498,-74.428203,NY,Ulster,Spring Glen
12484,41.87634,-74.17554,NY,Ulster,Stone Ridge
12484,41.87634,-74.17554,NY,Ulster,The Vly
12485,42.194261,-74.134684,NY,Greene,Tannersville
12486,41.841672,-74.05452,NY,Ulster,Tillson
12487,41.866568,-73.99021,NY,Ulster,Ulster Park
12489,41.759074,-74.357613,NY,Ulster,Wawarsing
12490,42.122589,-73.934344,NY,Ulster,West Camp
12491,42.006495,-74.105729,NY,Ulster,W Hurley
12491,42.006495,-74.105729,NY,Ulster,West Hurley
12492,42.191667,-74.308056,NY,Greene,West Kill
12493,41.810969,-74.003333,NY,Ulster,West Park
12494,41.945647,-74.291909,NY,Ulster,W Shokan
12494,41.945647,-74.291909,NY,Ulster,West Shokan
12495,42.091198,-74.202183,NY,Ulster,Willow
12496,42.31008,-74.28888,NY,Greene,Windham
12498,42.032936,-74.116116,NY,Ulster,Woodstock
12501,41.848904,-73.54105,NY,Dutchess,Amenia
12502,42.10722,-73.67952,NY,Columbia,Ancram
12503,42.037624,-73.62789,NY,Columbia,Ancramdale
12504,42.012397,-73.898328,NY,Dutchess,Annandale
12504,42.012397,-73.898328,NY,Dutchess,Annandale on Hudson
12504,42.012397,-73.898328,NY,Dutchess,Red Hook
12506,41.875132,-73.690376,NY,Dutchess,Bangall
12507,41.995,-73.875833,NY,Dutchess,Barrytown
12507,41.995,-73.875833,NY,Dutchess,Red Hook
12508,41.48784,-73.94904,NY,Dutchess,Beacon
12510,41.672319,-73.762471,NY,Dutchess,Billings
12511,41.528219,-73.963443,NY,Dutchess,Castle Point
12512,41.554815,-73.965035,NY,Dutchess,Chelsea
12513,42.22224,-73.734878,NY,Columbia,Claverack
12514,41.87598,-73.7724,NY,Dutchess,Clinton Corners
12514,41.87598,-73.7724,NY,Dutchess,Clinton Cors
12514,41.87598,-73.7724,NY,Dutchess,Clinton Crn
12515,41.673,-74.05992,NY,Ulster,Clintondale
12516,42.118527,-73.556302,NY,Columbia,Copake
12517,42.139997,-73.500933,NY,Columbia,Copake Falls
12518,41.432794,-74.045095,NY,Orange,Cornwall
12520,41.442299,-74.015486,NY,Orange,Cornwall Hdsn
12520,41.442299,-74.015486,NY,Orange,Cornwall Hud
12520,41.442299,-74.015486,NY,Orange,Cornwall Hudson
12520,41.442299,-74.015486,NY,Orange,Cornwall on Hudson
12520,41.442299,-74.015486,NY,Orange,Cornwall on the Hudson
12521,42.18132,-73.65564,NY,Columbia,Craryville
12522,41.7177,-73.58208,NY,Dutchess,Dover Plains
12523,42.0726,-73.792544,NY,Columbia,Elizaville
12523,42.0726,-73.792544,NY,Columbia,Taghkanic
12524,41.541709,-73.902683,NY,Dutchess,Fishkill
12525,41.662675,-74.149433,NY,Ulster,Gardiner
12526,42.13404,-73.85034,NY,Columbia,Cheviot
12526,42.13404,-73.85034,NY,Columbia,Clermont
12526,42.13404,-73.85034,NY,Columbia,Germantown
12526,42.13404,-73.85034,NY,Columbia,Linlithgo
12527,41.521756,-73.937292,NY,Dutchess,Glenham
12528,41.71752,-74.00562,NY,Ulster,Highland
12529,42.19512,-73.56714,NY,Columbia,Hillsdale
12530,42.225766,-73.677514,NY,Columbia,Hollowville
12531,41.5047,-73.66164,NY,Dutchess,Holmes
12531,41.5047,-73.66164,NY,Dutchess,Homes
12531,41.5047,-73.66164,NY,Dutchess,Whaley Lake
12533,41.57359,-73.796075,NY,Dutchess,East Fishkill
12533,41.57359,-73.796075,NY,Dutchess,Hopewell
12533,41.57359,-73.796075,NY,Dutchess,Hopewell Jct
12533,41.57359,-73.796075,NY,Dutchess,Hopewell Junction
12533,41.57359,-73.796075,NY,Dutchess,Wiccopee
12534,42.248254,-73.774447,NY,Columbia,Hudson
12537,41.583149,-73.927217,NY,Dutchess,Hughsonville
12538,41.78268,-73.89132,NY,Dutchess,Hyde Park
12540,41.66832,-73.7439,NY,Dutchess,La Grange
12540,41.66832,-73.7439,NY,Dutchess,Lagrangeville
12541,42.141513,-73.7782,NY,Columbia,Livingston
12542,41.608715,-73.992141,NY,Ulster,Marlboro
12542,41.608715,-73.992141,NY,Ulster,Marlborough
12543,41.486349,-74.212862,NY,Orange,Maybrook
12544,42.250628,-73.666472,NY,Columbia,Mellenville
12545,41.76984,-73.66416,NY,Dutchess,Millbrook
12546,41.997293,-73.543272,NY,Dutchess,Millerton
12547,41.655535,-73.977058,NY,Ulster,Milton
12548,41.655818,-74.112788,NY,Ulster,Modena
12549,41.525576,-74.236316,NY,Orange,Montgomery
12550,41.51748,-74.06022,NY,Orange,Balmville
12550,41.51748,-74.06022,NY,Orange,Newburgh
12550,41.51748,-74.06022,NY,Orange,Town Branch
12551,41.540771,-74.046731,NY,Orange,Newburgh
12552,41.538018,-74.049012,NY,Orange,Newburgh
12553,41.4702,-74.07006,NY,Orange,New Windsor
12553,41.4702,-74.07006,NY,Orange,Newburgh
12555,41.508604,-74.013373,NY,Orange,Mid Hudson
12555,41.508604,-74.013373,NY,Orange,Newburgh
12561,41.740002,-74.095014,NY,Ulster,New Paltz
12563,41.503033,-73.577046,NY,Putnam,Patterson
12564,41.58714,-73.58946,NY,Dutchess,Pawling
12565,42.24815,-73.649027,NY,Columbia,Philmont
12566,41.605775,-74.305189,NY,Orange,Pine Bush
12567,41.99316,-73.66674,NY,Dutchess,Gallatin
12567,41.99316,-73.66674,NY,Dutchess,Mount Ross
12567,41.99316,-73.66674,NY,Dutchess,Pine Plains
12567,41.99316,-73.66674,NY,Dutchess,Shekomeko
12568,41.612267,-74.06228,NY,Ulster,Plattekill
12569,41.746335,-73.817266,NY,Dutchess,Pleasant Valley
12569,41.746335,-73.817266,NY,Dutchess,Pleasant Vly
12570,41.644619,-73.674092,NY,Dutchess,Poughquag
12571,42.00888,-73.84014,NY,Dutchess,Milan
12571,42.00888,-73.84014,NY,Dutchess,Red Hook
12572,41.926105,-73.894669,NY,Dutchess,Rhinebeck
12574,41.910591,-73.951351,NY,Dutchess,Rhinecliff
12575,41.473305,-74.146634,NY,Orange,Rock Tavern
12577,41.433031,-74.1214,NY,Orange,Salisbury Mills
12577,41.433031,-74.1214,NY,Orange,Salisbury Mls
12578,41.796696,-73.794052,NY,Dutchess,Salt Point
12580,41.846035,-73.910551,NY,Dutchess,Staatsburg
12580,41.846035,-73.910551,NY,Dutchess,Staatsburgh
12581,41.890719,-73.666476,NY,Dutchess,Stanfordville
12582,41.543279,-73.725207,NY,Dutchess,Stormville
12583,42.0573,-73.88676,NY,Dutchess,Nevis
12583,42.0573,-73.88676,NY,Dutchess,Tivoli
12584,41.466225,-74.049239,NY,Orange,Vails Gate
12585,41.719922,-73.70086,NY,Dutchess,Verbank
12586,41.562389,-74.173819,NY,Orange,Walden
12588,41.633499,-74.377182,NY,Ulster,Walker Valley
12589,41.617824,-74.149503,NY,Ulster,Wallkill
12590,41.595832,-73.88745,NY,Dutchess,New Hamburg
12590,41.595832,-73.88745,NY,Dutchess,Wappinger
12590,41.595832,-73.88745,NY,Dutchess,Wappingers Falls
12590,41.595832,-73.88745,NY,Dutchess,Wappingers Fl
12592,41.78198,-73.545429,NY,Dutchess,Wassaic
12593,42.09729,-73.585764,NY,Columbia,Copake
12593,42.09729,-73.585764,NY,Columbia,West Copake
12594,41.669591,-73.558676,NY,Dutchess,Wingdale
12601,41.701664,-73.916805,NY,Dutchess,Poughkeepsie
12602,41.706233,-73.92854,NY,Dutchess,Poughkeepsie
12603,41.69706,-73.8624,NY,Dutchess,Arlington
12603,41.69706,-73.8624,NY,Dutchess,Poughkeepsie
12604,41.685996,-73.896069,NY,Dutchess,Poughkeepsie
12604,41.685996,-73.896069,NY,Dutchess,Vassar College
12701,41.68932,-74.6808,NY,Sullivan,Monticello
12719,41.483085,-74.910653,NY,Sullivan,Barryville
12720,41.662164,-74.907661,NY,Sullivan,Bethel
12721,41.551493,-74.452492,NY,Sullivan,Bloomingburg
12722,41.589021,-74.383635,NY,Sullivan,Burlingham
12723,41.781826,-74.983676,NY,Sullivan,Callicoon
12724,41.839043,-74.946526,NY,Sullivan,Callicoon Center
12724,41.839043,-74.946526,NY,Sullivan,Callicoon Ctr
12725,41.974754,-74.541152,NY,Sullivan,Claryville
12726,41.75964,-74.79288,NY,Sullivan,Cochecton
12727,41.640608,-74.96813,NY,Sullivan,Cochecton Center
12727,41.640608,-74.96813,NY,Sullivan,Cochecton Ctr
12729,41.485047,-74.627581,NY,Orange,Cuddebackville
12729,41.485047,-74.627581,NY,Orange,Cuddebackvlle
12729,41.485047,-74.627581,NY,Orange,Godeffroy
12732,41.526668,-74.889314,NY,Sullivan,Eldred
12733,41.735601,-74.613484,NY,Sullivan,Fallsburg
12734,41.726667,-74.762909,NY,Sullivan,Ferndale
12736,41.848718,-75.02435,NY,Sullivan,Fremont
12736,41.848718,-75.02435,NY,Sullivan,Fremont Center
12736,41.848718,-75.02435,NY,Sullivan,Fremont Ctr
12737,41.476622,-74.789321,NY,Sullivan,Glen Spey
12738,41.63425,-74.594325,NY,Sullivan,Glen Wild
12740,41.888409,-74.521026,NY,Sullivan,Grahamsville
12740,41.888409,-74.521026,NY,Sullivan,Sundown
12741,41.826399,-75.100729,NY,Sullivan,Hankins
12742,41.718078,-74.72847,NY,Sullivan,Harris
12743,41.526306,-74.846729,NY,Sullivan,Highland Lake
12745,41.787313,-75.028169,NY,Sullivan,Hortonville
12746,41.412347,-74.641586,NY,Orange,Huguenot
12747,41.769272,-74.658509,NY,Sullivan,Hurleyville
12748,41.74548,-74.74686,NY,Sullivan,Jeffersonville
12748,41.74548,-74.74686,NY,Sullivan,Jeffersonvlle
12749,41.690769,-74.844513,NY,Sullivan,Kauneonga Lake
12749,41.690769,-74.844513,NY,Sullivan,Kauneonga Lk
12750,41.778207,-74.93345,NY,Sullivan,Kenoza Lake
12751,41.680968,-74.674693,NY,Sullivan,Kiamesha Lake
12752,41.687177,-74.991409,NY,Sullivan,Lake Huntington
12752,41.687177,-74.991409,NY,Sullivan,Lk Huntington
12754,41.798793,-74.749431,NY,Sullivan,Liberty
12758,41.912654,-74.754347,NY,Sullivan,Lew Beach
12758,41.912654,-74.754347,NY,Sullivan,Livingstn Mnr
12758,41.912654,-74.754347,NY,Sullivan,Livingston Manor
12759,41.78436,-74.6598,NY,Sullivan,Loch Sheldrake
12759,41.78436,-74.6598,NY,Sullivan,Loch Sheldrke
12760,41.869262,-75.080306,NY,Sullivan,Long Eddy
12762,41.688622,-74.802774,NY,Sullivan,Mongaup Valley
12762,41.688622,-74.802774,NY,Sullivan,Mongaup Vly
12763,41.691362,-74.525101,NY,Sullivan,Mountain Dale
12763,41.691362,-74.525101,NY,Sullivan,Mountaindale
12764,41.587155,-74.978315,NY,Sullivan,Narrowsburg
12765,41.853274,-74.62189,NY,Sullivan,Neversink
12766,41.807528,-74.998309,NY,Sullivan,North Branch
12767,41.846503,-75.007705,NY,Sullivan,Obernburg
12768,41.868458,-74.721907,NY,Sullivan,Parksville
12769,41.649429,-74.439099,NY,Sullivan,Phillipsport
12770,41.454785,-74.852456,NY,Sullivan,Pond Eddy
12771,41.373715,-74.665744,NY,Orange,Port Jervis
12771,41.373715,-74.665744,NY,Orange,Pt Jervis
12775,41.616893,-74.583219,NY,Sullivan,Rock Hill
12776,41.966965,-74.930453,NY,Sullivan,Roscoe
12777,41.5653,-74.60598,NY,Sullivan,Forestburg
12777,41.5653,-74.60598,NY,Sullivan,Forestburgh
12777,41.5653,-74.60598,NY,Sullivan,Monticello
12778,41.663676,-74.820124,NY,Sullivan,Smallwood
12779,41.709537,-74.635185,NY,Sullivan,S Fallsburg
12779,41.709537,-74.635185,NY,Sullivan,South Fallsburg
12780,41.432778,-74.720524,NY,Orange,Sparrow Bush
12780,41.432778,-74.720524,NY,Orange,Sparrowbush
12781,41.61928,-74.448438,NY,Sullivan,Summitville
12783,41.740653,-74.792651,NY,Sullivan,Swan Lake
12784,41.671144,-74.626556,NY,Sullivan,Thompsonville
12785,41.495716,-74.561461,NY,Sullivan,Port Jervis
12785,41.495716,-74.561461,NY,Sullivan,Westbrookville
12785,41.495716,-74.561461,NY,Sullivan,Westbrookvlle
12786,41.648614,-74.870751,NY,Sullivan,White Lake
12787,41.7898,-74.82839,NY,Sullivan,White Sulphur Springs
12787,41.7898,-74.82839,NY,Sullivan,Wht Sphr Spgs
12788,41.807448,-74.609122,NY,Sullivan,Woodbourne
12789,41.693208,-74.58433,NY,Sullivan,Woodridge
12790,41.590168,-74.526249,NY,Sullivan,Wurtsboro
12791,41.80509,-74.885943,NY,Sullivan,Youngsville
12792,41.521354,-74.929301,NY,Sullivan,Yulan
12801,43.3089,-73.6446,NY,Warren,Glens Falls
12801,43.3089,-73.6446,NY,Warren,Queensbury
12801,43.3089,-73.6446,NY,Warren,West Glens Falls
12803,43.28052,-73.63002,NY,Saratoga,Glens Falls
12803,43.28052,-73.63002,NY,Saratoga,S Glens Falls
12803,43.28052,-73.63002,NY,Saratoga,South Glens Falls
12804,43.37136,-73.6761,NY,Warren,Glens Falls
12804,43.37136,-73.6761,NY,Warren,Queensbury
12808,43.733474,-73.757263,NY,Warren,Adirondack
12809,43.23678,-73.45698,NY,Washington,Argyle
12809,43.23678,-73.45698,NY,Washington,North Argyle
12809,43.23678,-73.45698,NY,Washington,South Argyle
12810,43.491212,-73.896855,NY,Warren,Athol
12811,43.612146,-74.025481,NY,Warren,Bakers Mills
12812,43.835368,-74.426553,NY,Hamilton,Blue Mountain Lake
12812,43.835368,-74.426553,NY,Hamilton,Blue Mtn Lake
12814,43.5897,-73.66848,NY,Warren,Bolton Landing
12814,43.5897,-73.66848,NY,Warren,Bolton Lndg
12815,43.67155,-73.76924,NY,Warren,Brant Lake
12815,43.67155,-73.76924,NY,Warren,Horicon
12816,43.04088,-73.3806,NY,Washington,Cambridge
12816,43.04088,-73.3806,NY,Washington,Center Cambridge
12816,43.04088,-73.3806,NY,Washington,Coila
12817,43.63599,-73.803616,NY,Warren,Chestertown
12819,43.639502,-73.441071,NY,Washington,Clemons
12820,43.471968,-73.639216,NY,Warren,Cleverdale
12820,43.471968,-73.639216,NY,Warren,Rockhurst
12821,43.462256,-73.370925,NY,Washington,Comstock
12822,43.242443,-73.838394,NY,Saratoga,Corinth
12822,43.242443,-73.838394,NY,Saratoga,Palmer
12823,43.17348,-73.4115,NY,Washington,Cossayuna
12823,43.17348,-73.4115,NY,Washington,Cossayuna Lake
12824,43.4853,-73.69194,NY,Warren,Diamond Point
12824,43.4853,-73.69194,NY,Warren,Trout Lake
12827,43.4316,-73.50918,NY,Washington,Fort Ann
12827,43.4316,-73.50918,NY,Washington,South Bay Village
12827,43.4316,-73.50918,NY,Washington,West Fort Ann
12828,43.271395,-73.58739,NY,Washington,Fort Edward
12828,43.271395,-73.58739,NY,Washington,Fort Miller
12831,43.19844,-73.67826,NY,Saratoga,Fortsville
12831,43.19844,-73.67826,NY,Saratoga,Gansevoort
12831,43.19844,-73.67826,NY,Saratoga,Gurn Spring
12831,43.19844,-73.67826,NY,Saratoga,Kings Station
12831,43.19844,-73.67826,NY,Saratoga,Wilton
12832,43.38618,-73.28058,NY,Washington,Granville
12832,43.38618,-73.28058,NY,Washington,Hebron
12832,43.38618,-73.28058,NY,Washington,North Hebron
12832,43.38618,-73.28058,NY,Washington,Slateville
12832,43.38618,-73.28058,NY,Washington,South Granville
12832,43.38618,-73.28058,NY,Washington,Truthville
12833,43.14192,-73.85586,NY,Saratoga,Greenfield
12833,43.14192,-73.85586,NY,Saratoga,Greenfield Center
12833,43.14192,-73.85586,NY,Saratoga,Greenfld Ctr
12834,43.090326,-73.50008,NY,Washington,Bald Mountain
12834,43.090326,-73.50008,NY,Washington,Battenville
12834,43.090326,-73.50008,NY,Washington,Clarks Mills
12834,43.090326,-73.50008,NY,Washington,Greenwich
12834,43.090326,-73.50008,NY,Washington,Thomson
12835,43.336182,-73.985758,NY,Saratoga,Conklingville
12835,43.336182,-73.985758,NY,Saratoga,Day
12835,43.336182,-73.985758,NY,Saratoga,Hadley
12836,43.788709,-73.497895,NY,Warren,Graphite
12836,43.788709,-73.497895,NY,Warren,Hague
12837,43.519469,-73.252209,NY,Washington,Hampton
12838,43.335141,-73.402119,NY,Washington,Hartford
12839,43.32084,-73.5768,NY,Washington,Hudson Falls
12839,43.32084,-73.5768,NY,Washington,Kingsbury
12839,43.32084,-73.5768,NY,Washington,Sandy Hill
12839,43.32084,-73.5768,NY,Washington,Smiths Basin
12841,43.640008,-73.506355,NY,Washington,Huletts Landing
12841,43.640008,-73.506355,NY,Washington,Huletts Lndg
12842,43.746756,-74.262085,NY,Hamilton,Indian Lake
12843,43.59355,-73.974572,NY,Warren,Garnet Lake
12843,43.59355,-73.974572,NY,Warren,Johnsburg
12844,43.515833,-73.629722,NY,Warren,Kattskill Bay
12844,43.515833,-73.629722,NY,Warren,Pilot Knob
12845,43.41696,-73.6848,NY,Warren,Assembly Point
12845,43.41696,-73.6848,NY,Warren,Lake George
12846,43.32678,-73.82022,NY,Warren,Lake Luzerne
12846,43.32678,-73.82022,NY,Warren,Luzerne
12847,43.968517,-74.418773,NY,Hamilton,Brandreth
12847,43.968517,-74.418773,NY,Hamilton,Long Lake
12847,43.968517,-74.418773,NY,Hamilton,Sabattis
12848,43.102413,-73.526359,NY,Washington,Middle Falls
12849,43.451548,-73.301373,NY,Washington,Mdl Granville
12849,43.451548,-73.301373,NY,Washington,Middle Granville
12850,43.1187,-73.9875,NY,Saratoga,Barkersville
12850,43.1187,-73.9875,NY,Saratoga,Lake Desolation
12850,43.1187,-73.9875,NY,Saratoga,Middle Grove
12850,43.1187,-73.9875,NY,Saratoga,Providence
12851,43.787706,-73.997818,NY,Essex,Minerva
12852,44.017069,-74.127361,NY,Essex,Newcomb
12853,43.721592,-73.920875,NY,Warren,Holcombville
12853,43.721592,-73.920875,NY,Warren,Igerna
12853,43.721592,-73.920875,NY,Warren,North Creek
12854,43.507018,-73.335407,NY,Washington,N Granville
12854,43.507018,-73.335407,NY,Washington,North Granville
12855,44.002417,-73.80035,NY,Essex,North Hudson
12856,43.740463,-74.050649,NY,Warren,North River
12857,43.827352,-73.937295,NY,Essex,Olmstedville
12858,43.89409,-73.638656,NY,Essex,Paradox
12858,43.89409,-73.638656,NY,Essex,Paradox Lake
12858,43.89409,-73.638656,NY,Essex,Ticonderoga
12859,43.17366,-73.88976,NY,Saratoga,Porter Corners
12859,43.17366,-73.88976,NY,Saratoga,Porter Cors
12860,43.697539,-73.757282,NY,Warren,Pottersville
12861,43.749622,-73.417889,NY,Washington,Putnam Sta
12861,43.749622,-73.417889,NY,Washington,Putnam Station
12862,43.66166,-73.897245,NY,Warren,Riparius
12863,43.06261,-73.924524,NY,Saratoga,Rock City Falls
12863,43.06261,-73.924524,NY,Saratoga,Rock City Fls
12864,43.728403,-74.305522,NY,Hamilton,Sabael
12865,43.152744,-73.342735,NY,Washington,Belcher
12865,43.152744,-73.342735,NY,Washington,E Greenwich
12865,43.152744,-73.342735,NY,Washington,East Greenwich
12865,43.152744,-73.342735,NY,Washington,East Hebron
12865,43.152744,-73.342735,NY,Washington,Salem
12865,43.152744,-73.342735,NY,Washington,West Hebron
12866,43.075993,-73.774821,NY,Saratoga,Saratoga Spgs
12866,43.075993,-73.774821,NY,Saratoga,Saratoga Springs
12870,43.8396,-73.76022,NY,Essex,Blue Ridge
12870,43.8396,-73.76022,NY,Essex,Schroon Lake
12871,43.08846,-73.62276,NY,Saratoga,Bacon Hill
12871,43.08846,-73.62276,NY,Saratoga,Grangerville
12871,43.08846,-73.62276,NY,Saratoga,Quaker Springs
12871,43.08846,-73.62276,NY,Saratoga,Schuylerville
12872,43.884025,-73.72439,NY,Essex,Severance
12873,43.127464,-73.30747,NY,Washington,Eagleville
12873,43.127464,-73.30747,NY,Washington,Shushan
12874,43.6675,-73.514444,NY,Warren,Sabbath Day Point
12874,43.6675,-73.514444,NY,Warren,Silver Bay
12878,43.426602,-73.962388,NY,Warren,Stony Creek
12879,44.018002,-74.12899,NY,Essex,Newcomb
12879,44.018002,-74.12899,NY,Essex,Tahawus
12883,43.843857,-73.431459,NY,Essex,Chilson
12883,43.843857,-73.431459,NY,Essex,Eagle Lake
12883,43.843857,-73.431459,NY,Essex,Streetroad
12883,43.843857,-73.431459,NY,Essex,Ticonderoga
12884,43.088703,-73.594357,NY,Saratoga,Victory Mills
12885,43.500656,-73.787701,NY,Warren,Riverbank
12885,43.500656,-73.787701,NY,Warren,The Glen
12885,43.500656,-73.787701,NY,Warren,Thurman
12885,43.500656,-73.787701,NY,Warren,Warrensburg
12886,43.642397,-73.900698,NY,Warren,Wevertown
12887,43.55448,-73.40196,NY,Washington,Dresden Station
12887,43.55448,-73.40196,NY,Washington,Low Hampton
12887,43.55448,-73.40196,NY,Washington,Whitehall
12901,44.72796,-73.4631,NY,Clinton,Beekmantown
12901,44.72796,-73.4631,NY,Clinton,Plattsburgh
12901,44.72796,-73.4631,NY,Clinton,South Plattsburgh
12903,44.707491,-73.475457,NY,Clinton,Plattsburgh
12910,44.882237,-73.662504,NY,Clinton,Alder Bend
12910,44.882237,-73.662504,NY,Clinton,Altona
12910,44.882237,-73.662504,NY,Clinton,Irona
12910,44.882237,-73.662504,NY,Clinton,Purdys Mills
12911,44.533729,-73.50029,NY,Clinton,Au Sable Chasm
12911,44.533729,-73.50029,NY,Clinton,Ausable Chasm
12911,44.533729,-73.50029,NY,Clinton,Keeseville
12912,44.459424,-73.713927,NY,Clinton,Au Sable Forks
12912,44.459424,-73.713927,NY,Clinton,Au Sable Frks
12912,44.459424,-73.713927,NY,Clinton,Hawkeye
12913,44.398502,-74.070744,NY,Essex,Bloomingdale
12914,44.953343,-74.599279,NY,Franklin,Bombay
12915,44.857117,-74.034613,NY,Franklin,Brainardsville
12915,44.857117,-74.034613,NY,Franklin,Brainardsvle
12916,44.827852,-74.530013,NY,Franklin,Alburgh
12916,44.827852,-74.530013,NY,Franklin,Brushton
12916,44.827852,-74.530013,NY,Franklin,Cooks Corners
12916,44.827852,-74.530013,NY,Franklin,Irish Corners
12917,44.926563,-74.176701,NY,Franklin,Burke
12918,44.672587,-73.664389,NY,Clinton,Cadyville
12919,44.96514,-73.4343,NY,Clinton,Champlain
12919,44.96514,-73.4343,NY,Clinton,Coopersville
12919,44.96514,-73.4343,NY,Clinton,Perrys Mills
12920,44.92315,-74.082893,NY,Franklin,Chateaugay
12921,44.889987,-73.466593,NY,Clinton,Chazy
12921,44.889987,-73.466593,NY,Clinton,Chazy Landing
12922,44.272016,-74.712447,NY,Saint Lawrence,Childwold
12923,44.952809,-73.933845,NY,Clinton,Churubusco
12924,44.473734,-73.589677,NY,Clinton,Clintonville
12924,44.473734,-73.589677,NY,Clinton,Keeseville
12926,44.94762,-74.3373,NY,Franklin,Constable
12926,44.94762,-74.3373,NY,Franklin,Trout River
12926,44.94762,-74.3373,NY,Franklin,Westville Center
12927,44.220251,-74.832828,NY,Saint Lawrence,Cranberry Lake
12927,44.220251,-74.832828,NY,Saint Lawrence,Cranberry Lk
12928,43.96698,-73.46178,NY,Essex,Crown Point
12928,43.96698,-73.46178,NY,Essex,Factoryville
12928,43.96698,-73.46178,NY,Essex,Ironville
12929,44.723692,-73.72178,NY,Clinton,Dannemora
12930,44.779444,-74.498056,NY,Franklin,Dickinson Center
12930,44.779444,-74.498056,NY,Franklin,Dickinson Ctr
12930,44.779444,-74.498056,NY,Franklin,East Dickinson
12932,44.226627,-73.624732,NY,Essex,Elizabethtown
12933,44.894704,-73.837993,NY,Clinton,Ellenburg
12934,44.829883,-73.859154,NY,Clinton,Ellenburg Center
12934,44.829883,-73.859154,NY,Clinton,Ellenburg Ctr
12935,44.9268,-73.80012,NY,Clinton,Ellenburg Dep
12935,44.9268,-73.80012,NY,Clinton,Ellenburg Depot
12936,44.261839,-73.374299,NY,Essex,Essex
12936,44.261839,-73.374299,NY,Essex,Whallonsburg
12937,44.956408,-74.489215,NY,Franklin,Fort Covington
12937,44.956408,-74.489215,NY,Franklin,Ft Covington
12939,44.432868,-74.178382,NY,Franklin,Gabriels
12941,44.353596,-73.71053,NY,Essex,Jay
12942,44.257018,-73.784256,NY,Essex,Keene
12943,44.190442,-73.785574,NY,Essex,Keene Valley
12943,44.190442,-73.785574,NY,Essex,Saint Huberts
12944,44.493052,-73.480994,NY,Clinton,Keeseville
12945,44.36656,-74.24733,NY,Franklin,Lake Clear
12945,44.36656,-74.24733,NY,Franklin,Upper Saint Regis
12945,44.36656,-74.24733,NY,Franklin,Upper St Reg
12946,44.281966,-73.988816,NY,Essex,Lake Placid
12949,44.758806,-74.662758,NY,Saint Lawrence,Lawrenceville
12950,44.314607,-73.582276,NY,Essex,Lewis
12952,44.689167,-73.949444,NY,Clinton,Lyon Mountain
12952,44.689167,-73.949444,NY,Clinton,Standish
12953,44.845371,-74.269912,NY,Franklin,Duane
12953,44.845371,-74.269912,NY,Franklin,Malone
12955,44.793668,-73.965388,NY,Clinton,Lyon Mountain
12955,44.793668,-73.965388,NY,Clinton,Merrill
12956,44.078155,-73.517787,NY,Essex,Grover Hills
12956,44.078155,-73.517787,NY,Essex,Mineville
12957,44.86812,-74.56398,NY,Franklin,Moira
12957,44.86812,-74.56398,NY,Franklin,South Bombay
12958,44.961265,-73.581139,NY,Clinton,Mooers
12959,44.965896,-73.694298,NY,Clinton,Mooers Forks
12960,44.037103,-73.516791,NY,Essex,Moriah
12960,44.037103,-73.516791,NY,Essex,Moriah Corners
12961,44.053032,-73.53527,NY,Essex,Moriah Center
12962,44.70354,-73.57572,NY,Clinton,Morrisonville
12962,44.70354,-73.57572,NY,Clinton,West Plattsburgh
12964,44.147061,-73.607718,NY,Essex,New Russia
12965,44.705556,-74.715278,NY,Saint Lawrence,Hopkinton
12965,44.705556,-74.715278,NY,Saint Lawrence,Nicholville
12966,44.81898,-74.415,NY,Franklin,Bangor
12966,44.81898,-74.415,NY,Franklin,North Bangor
12966,44.81898,-74.415,NY,Franklin,West Bangor
12967,44.761693,-74.654141,NY,Saint Lawrence,N Lawrence
12967,44.761693,-74.654141,NY,Saint Lawrence,North Lawrence
12969,44.7051,-74.11182,NY,Franklin,Mountain View
12969,44.7051,-74.11182,NY,Franklin,Owls Head
12970,44.434675,-74.276736,NY,Franklin,Paul Smiths
12972,44.57022,-73.54716,NY,Clinton,Harkness
12972,44.57022,-73.54716,NY,Clinton,Peru
12973,44.22765,-74.568181,NY,Saint Lawrence,Piercefield
12974,44.045341,-73.465362,NY,Essex,Port Henry
12975,44.527154,-73.412205,NY,Essex,Port Kent
12976,44.489959,-74.121297,NY,Franklin,Rainbow Lake
12977,44.299084,-74.086284,NY,Essex,Ray Brook
12978,44.609012,-73.805908,NY,Clinton,Redford
12979,44.990534,-73.367171,NY,Clinton,Rouses Point
12980,44.656564,-74.564467,NY,Franklin,Saint Regis Falls
12980,44.656564,-74.564467,NY,Franklin,Santa Clara
12980,44.656564,-74.564467,NY,Franklin,St Regis Fls
12981,44.679046,-73.824306,NY,Clinton,Saranac
12983,44.31672,-74.13354,NY,Franklin,Harrietstown
12983,44.31672,-74.13354,NY,Franklin,Lake Colby
12983,44.31672,-74.13354,NY,Franklin,Saranac Lake
12985,44.57898,-73.71612,NY,Clinton,Peasleeville
12985,44.57898,-73.71612,NY,Clinton,Schuyler Falls
12985,44.57898,-73.71612,NY,Clinton,Schuyler Fls
12985,44.57898,-73.71612,NY,Clinton,Swastika
12986,44.23505,-74.46496,NY,Franklin,Conifer
12986,44.23505,-74.46496,NY,Franklin,Massawepie
12986,44.23505,-74.46496,NY,Franklin,Tupper Lake
12987,44.329626,-73.840421,NY,Essex,Upper Jay
12989,44.469526,-74.044265,NY,Franklin,Loon Lake
12989,44.469526,-74.044265,NY,Franklin,Onchiota
12989,44.469526,-74.044265,NY,Franklin,Vermontville
12992,44.78096,-73.505322,NY,Clinton,Ingraham
12992,44.78096,-73.505322,NY,Clinton,Sciota
12992,44.78096,-73.505322,NY,Clinton,West Chazy
12993,44.229722,-73.460833,NY,Essex,Wadhams
12993,44.229722,-73.460833,NY,Essex,Westport
12995,44.808327,-74.261237,NY,Franklin,Whippleville
12996,44.37414,-73.4172,NY,Essex,Reber
12996,44.37414,-73.4172,NY,Essex,Willsboro
12996,44.37414,-73.4172,NY,Essex,Willsboro Point
12997,44.388992,-73.8437,NY,Essex,Whiteface Mountain
12997,44.388992,-73.8437,NY,Essex,Whiteface Mtn
12997,44.388992,-73.8437,NY,Essex,Wilmington
12998,44.086571,-73.536128,NY,Essex,Witherbee
13020,42.818065,-76.07347,NY,Onondaga,Apulia Sta
13020,42.818065,-76.07347,NY,Onondaga,Apulia Station
13021,42.920644,-76.559964,NY,Cayuga,Auburn
13021,42.920644,-76.559964,NY,Cayuga,Aurelius
13021,42.920644,-76.559964,NY,Cayuga,Fleming
13021,42.920644,-76.559964,NY,Cayuga,Fosterville
13021,42.920644,-76.559964,NY,Cayuga,Owasco
13021,42.920644,-76.559964,NY,Cayuga,Sennett
13021,42.920644,-76.559964,NY,Cayuga,Throop
13022,42.919963,-76.55292,NY,Cayuga,Auburn
13024,42.920638,-76.552564,NY,Cayuga,Auburn
13024,42.920638,-76.552564,NY,Cayuga,Auburn State Prison
13026,42.743286,-76.652204,NY,Cayuga,Aurora
13026,42.743286,-76.652204,NY,Cayuga,Ledyard
13027,43.166729,-76.339805,NY,Onondaga,Baldwinsville
13027,43.166729,-76.339805,NY,Onondaga,Belgium
13027,43.166729,-76.339805,NY,Onondaga,Bville
13027,43.166729,-76.339805,NY,Onondaga,Lysander
13027,43.166729,-76.339805,NY,Onondaga,Radison
13027,43.166729,-76.339805,NY,Onondaga,Radisson
13027,43.166729,-76.339805,NY,Onondaga,Van Buren
13028,43.264959,-75.989179,NY,Oswego,Bernhards Bay
13029,43.22688,-76.141632,NY,Onondaga,Brewerton
13030,43.160577,-75.98454,NY,Onondaga,Bridgeport
13031,43.044375,-76.289134,NY,Onondaga,Camillus
13031,43.044375,-76.289134,NY,Onondaga,Howlett Hill
13031,43.044375,-76.289134,NY,Onondaga,Split Rock
13032,43.083843,-75.768034,NY,Madison,Canastota
13032,43.083843,-75.768034,NY,Madison,Perryville
13032,43.083843,-75.768034,NY,Madison,South Bay
13032,43.083843,-75.768034,NY,Madison,Whitelaw
13033,43.193419,-76.565257,NY,Cayuga,Cato
13034,42.927604,-76.720691,NY,Cayuga,Cayuga
13035,42.96876,-75.82002,NY,Madison,Caz
13035,42.96876,-75.82002,NY,Madison,Cazenovia
13035,42.96876,-75.82002,NY,Madison,Fenner
13035,42.96876,-75.82002,NY,Madison,Nelson
13036,43.3068,-76.17828,NY,Oswego,Central Sq
13036,43.3068,-76.17828,NY,Oswego,Central Square
13037,43.05729,-75.872483,NY,Madison,Chitt
13037,43.05729,-75.872483,NY,Madison,Chittenango
13037,43.05729,-75.872483,NY,Madison,Chtg
13037,43.05729,-75.872483,NY,Madison,Lakeport
13037,43.05729,-75.872483,NY,Madison,North Chittenango
13037,43.05729,-75.872483,NY,Madison,Sullivan
13039,43.17216,-76.07172,NY,Onondaga,Cicero
13040,42.562547,-75.928525,NY,Cortland,Cincinnatus
13040,42.562547,-75.928525,NY,Cortland,E Freetown
13040,42.562547,-75.928525,NY,Cortland,E Freetwn
13040,42.562547,-75.928525,NY,Cortland,East Freetown
13040,42.562547,-75.928525,NY,Cortland,Taylor
13041,43.171563,-76.13194,NY,Onondaga,Clay
13042,43.233646,-75.881359,NY,Oswego,Cleveland
13043,43.039802,-75.744094,NY,Madison,Clockville
13043,43.039802,-75.744094,NY,Madison,Lincoln
13044,43.266484,-76.009432,NY,Oswego,Constantia
13044,43.266484,-76.009432,NY,Oswego,Gayville
13045,42.60276,-76.17186,NY,Cortland,Cortland
13045,42.60276,-76.17186,NY,Cortland,Cortlandville
13045,42.60276,-76.17186,NY,Cortland,Munsons Corners
13045,42.60276,-76.17186,NY,Cortland,Virgil
13051,42.878158,-75.912999,NY,Onondaga,Delphi Falls
13052,42.7602,-75.89232,NY,Madison,De Ruyter
13052,42.7602,-75.89232,NY,Madison,Deruyter
13052,42.7602,-75.89232,NY,Madison,Lincklaen
13053,42.48891,-76.296223,NY,Tompkins,Dryden
13054,43.1418,-75.67002,NY,Oneida,Durhamville
13054,43.1418,-75.67002,NY,Oneida,Higginsville
13054,43.1418,-75.67002,NY,Oneida,Stacy Basin
13056,42.672626,-76.096831,NY,Cortland,East Homer
13056,42.672626,-76.096831,NY,Cortland,Truxton
13057,43.07553,-76.05182,NY,Onondaga,E Syracuse
13057,43.07553,-76.05182,NY,Onondaga,East Syracuse
13060,43.024371,-76.418761,NY,Onondaga,Elbridge
13060,43.024371,-76.418761,NY,Onondaga,Hart Lot
13061,42.866074,-75.751527,NY,Madison,Erieville
13062,42.482285,-76.390876,NY,Tompkins,Etna
13063,42.855288,-75.987549,NY,Onondaga,Fabius
13064,43.319427,-76.702751,NY,Cayuga,Fair Haven
13065,42.821298,-76.812129,NY,Seneca,Fayette
13066,43.027198,-76.013016,NY,Onondaga,Fayetteville
13066,43.027198,-76.013016,NY,Onondaga,Fville
13068,42.502142,-76.354802,NY,Tompkins,Freeville
13069,43.29618,-76.40352,NY,Oswego,Bowens Corners
13069,43.29618,-76.40352,NY,Oswego,Fulton
13069,43.29618,-76.40352,NY,Oswego,Granby
13069,43.29618,-76.40352,NY,Oswego,Granby Center
13069,43.29618,-76.40352,NY,Oswego,Palermo
13069,43.29618,-76.40352,NY,Oswego,Volney
13071,42.673961,-76.541497,NY,Cayuga,Genoa
13072,42.763862,-75.753162,NY,Madison,Georgetown
13072,42.763862,-75.753162,NY,Madison,Geotown
13072,42.763862,-75.753162,NY,Madison,Otselic
13073,42.585725,-76.393025,NY,Tompkins,Groton
13073,42.585725,-76.393025,NY,Tompkins,Groton City
13073,42.585725,-76.393025,NY,Tompkins,W Groton
13073,42.585725,-76.393025,NY,Tompkins,West Groton
13074,43.28592,-76.53258,NY,Oswego,Fairdale
13074,43.28592,-76.53258,NY,Oswego,Hannibal
13074,43.28592,-76.53258,NY,Oswego,Hannibal Center
13074,43.28592,-76.53258,NY,Oswego,South Hannibal
13076,43.351755,-76.149799,NY,Oswego,Hastings
13077,42.676667,-76.18953,NY,Cortland,Homer
13077,42.676667,-76.18953,NY,Cortland,Scott
13078,42.96744,-76.06074,NY,Onondaga,Jamesville
13078,42.96744,-76.06074,NY,Onondaga,Sentinel Heights
13080,43.09332,-76.46556,NY,Onondaga,Cross Lake
13080,43.09332,-76.46556,NY,Onondaga,Jordan
13081,42.662592,-76.62677,NY,Cayuga,Atwater
13081,42.662592,-76.62677,NY,Cayuga,Goodyears Corners
13081,42.662592,-76.62677,NY,Cayuga,King Ferry
13081,42.662592,-76.62677,NY,Cayuga,Kings Ferry
13082,43.083758,-75.970572,NY,Onondaga,Kirkville
13083,43.647853,-76.060983,NY,Oswego,Boylston
13083,43.647853,-76.060983,NY,Oswego,Lacona
13083,43.647853,-76.060983,NY,Oswego,Smartville
13084,42.88746,-76.1193,NY,Onondaga,Berwyn
13084,42.88746,-76.1193,NY,Onondaga,Cardiff
13084,42.88746,-76.1193,NY,Onondaga,La Fayette
13084,42.88746,-76.1193,NY,Onondaga,Lafayette
13087,42.705528,-76.157984,NY,Cortland,Little York
13088,43.111538,-76.195307,NY,Onondaga,Galeville
13088,43.111538,-76.195307,NY,Onondaga,Jewell Manor
13088,43.111538,-76.195307,NY,Onondaga,Liverpool
13088,43.111538,-76.195307,NY,Onondaga,Lpool
13088,43.111538,-76.195307,NY,Onondaga,Lvpl
13088,43.111538,-76.195307,NY,Onondaga,Lvrpool
13088,43.111538,-76.195307,NY,Onondaga,Salina
13089,43.139774,-76.22722,NY,Onondaga,Liverpool
13090,43.149327,-76.223372,NY,Onondaga,Bayberry
13090,43.149327,-76.223372,NY,Onondaga,Dominion Park
13090,43.149327,-76.223372,NY,Onondaga,Liverpool
13090,43.149327,-76.223372,NY,Onondaga,Lpool
13090,43.149327,-76.223372,NY,Onondaga,Lvpl
13090,43.149327,-76.223372,NY,Onondaga,Lvrpool
13092,42.65898,-76.42404,NY,Cayuga,East Genoa
13092,42.65898,-76.42404,NY,Cayuga,Locke
13092,42.65898,-76.42404,NY,Cayuga,Summerhill
13093,43.501366,-76.388574,NY,Oswego,Lycoming
13101,42.597772,-76.078518,NY,Cortland,Mc Graw
13101,42.597772,-76.078518,NY,Cortland,McGraw
13102,42.554414,-76.293544,NY,Tompkins,Mc Lean
13102,42.554414,-76.293544,NY,Tompkins,McLean
13103,43.324996,-76.098694,NY,Oswego,Mallory
13104,42.994893,-75.970433,NY,Onondaga,Manlius
13107,43.46048,-76.147002,NY,Oswego,Maple View
13107,43.46048,-76.147002,NY,Oswego,Parish
13108,42.97008,-76.32408,NY,Onondaga,Marcellus
13108,42.97008,-76.32408,NY,Onondaga,Marcellus Falls
13108,42.97008,-76.32408,NY,Onondaga,Martisco
13108,42.97008,-76.32408,NY,Onondaga,Navarino
13110,42.888966,-76.283957,NY,Onondaga,Amber
13110,42.888966,-76.283957,NY,Onondaga,Marietta
13110,42.888966,-76.283957,NY,Onondaga,Otisco Valley
13111,43.27008,-76.6224,NY,Cayuga,Martville
13112,43.09872,-76.41426,NY,Onondaga,Memphis
13113,43.162731,-76.538014,NY,Cayuga,Meridian
13114,43.461264,-76.233234,NY,Oswego,Mexico
13115,43.398509,-76.493251,NY,Oswego,Minetto
13116,43.077436,-76.009926,NY,Onondaga,Minoa
13117,43.009921,-76.700005,NY,Cayuga,Montezuma
13118,42.73044,-76.3806,NY,Cayuga,Montville
13118,42.73044,-76.3806,NY,Cayuga,Moravia
13118,42.73044,-76.3806,NY,Cayuga,Sempronius
13119,42.973215,-76.441929,NY,Onondaga,Mottville
13119,42.973215,-76.441929,NY,Onondaga,Skaneateles Falls
13120,42.948,-76.17684,NY,Onondaga,Indian Village
13120,42.948,-76.17684,NY,Onondaga,Nedrow
13120,42.948,-76.17684,NY,Onondaga,Onondaga Nation
13120,42.948,-76.17684,NY,Onondaga,Rockwell Springs
13120,42.948,-76.17684,NY,Onondaga,S Onon
13120,42.948,-76.17684,NY,Onondaga,South Onondaga
13121,43.479969,-76.313034,NY,Oswego,New Haven
13122,42.855055,-75.914421,NY,Madison,New Wdstock
13122,42.855055,-75.914421,NY,Madison,New Woodstock
13122,42.855055,-75.914421,NY,Madison,Sheds
13123,43.228347,-75.748595,NY,Oneida,North Bay
13124,42.638277,-75.820988,NY,Chenango,North Pitcher
13126,43.451477,-76.501703,NY,Oswego,Bundyville
13126,43.451477,-76.501703,NY,Oswego,Demster
13126,43.451477,-76.501703,NY,Oswego,Fruit Valley
13126,43.451477,-76.501703,NY,Oswego,Furniss
13126,43.451477,-76.501703,NY,Oswego,Furniss Sta
13126,43.451477,-76.501703,NY,Oswego,North Hannibal
13126,43.451477,-76.501703,NY,Oswego,Oswego
13126,43.451477,-76.501703,NY,Oswego,Oswego Center
13126,43.451477,-76.501703,NY,Oswego,Scriba
13126,43.451477,-76.501703,NY,Oswego,Scriba Center
13126,43.451477,-76.501703,NY,Oswego,Seneca Hill
13126,43.451477,-76.501703,NY,Oswego,Southwest Oswego
13131,43.42338,-76.0785,NY,Oswego,Colosse
13131,43.42338,-76.0785,NY,Oswego,Parish
13132,43.252751,-76.232419,NY,Oswego,Pennellville
13134,42.968836,-75.687569,NY,Madison,Peterboro
13134,42.968836,-75.687569,NY,Madison,Smithfield
13135,43.2615,-76.32522,NY,Oswego,Hinmansville
13135,43.2615,-76.32522,NY,Oswego,Phoenix
13135,43.2615,-76.32522,NY,Oswego,Schroeppel
13136,42.6154,-75.853885,NY,Chenango,Pitcher
13137,43.151646,-76.446002,NY,Onondaga,Plainville
13138,42.901818,-76.013663,NY,Onondaga,Pompey
13139,42.740575,-76.597936,NY,Cayuga,Poplar Ridge
13140,43.05276,-76.65528,NY,Cayuga,Conquest
13140,43.05276,-76.65528,NY,Cayuga,Port Byron
13141,42.738644,-76.158017,NY,Cortland,Preble
13142,43.557794,-76.128407,NY,Oswego,Fernwood
13142,43.557794,-76.128407,NY,Oswego,Port Ontario
13142,43.557794,-76.128407,NY,Oswego,Pulaski
13143,43.235287,-76.731148,NY,Wayne,Red Creek
13144,43.561546,-76.014406,NY,Oswego,Richland
13145,43.656766,-76.114729,NY,Oswego,Sandy Creek
13146,43.103753,-76.760166,NY,Wayne,Savannah
13147,42.78444,-76.56684,NY,Cayuga,Merrifield
13147,42.78444,-76.56684,NY,Cayuga,Scipio
13147,42.78444,-76.56684,NY,Cayuga,Scipio Center
13147,42.78444,-76.56684,NY,Cayuga,Scipioville
13147,42.78444,-76.56684,NY,Cayuga,Venice
13147,42.78444,-76.56684,NY,Cayuga,Venice Center
13148,42.92028,-76.78488,NY,Seneca,Canoga
13148,42.92028,-76.78488,NY,Seneca,Seneca Falls
13148,42.92028,-76.78488,NY,Seneca,Tyre
13152,42.88434,-76.35126,NY,Onondaga,Mandana
13152,42.88434,-76.35126,NY,Onondaga,Niles
13152,42.88434,-76.35126,NY,Onondaga,Skan
13152,42.88434,-76.35126,NY,Onondaga,Skaneateles
13153,42.994912,-76.452863,NY,Onondaga,Skan Fa
13153,42.994912,-76.452863,NY,Onondaga,Skan Falls
13153,42.994912,-76.452863,NY,Onondaga,Skaneateles Falls
13154,43.133174,-76.762628,NY,Wayne,South Butler
13155,42.665692,-75.760212,NY,Chenango,South Otselic
13156,43.317187,-76.70096,NY,Cayuga,Sterling
13157,43.207563,-75.730526,NY,Oneida,Sylvan Beach
13158,42.695444,-76.01425,NY,Cortland,Cuyler
13158,42.695444,-76.01425,NY,Cortland,East Homer
13158,42.695444,-76.01425,NY,Cortland,Truxton
13159,42.80886,-76.1436,NY,Onondaga,Otisco
13159,42.80886,-76.1436,NY,Onondaga,Tully
13159,42.80886,-76.1436,NY,Onondaga,Vesper
13160,42.842257,-76.688186,NY,Cayuga,Allens Point
13160,42.842257,-76.688186,NY,Cayuga,Farleys Point
13160,42.842257,-76.688186,NY,Cayuga,Springport
13160,42.842257,-76.688186,NY,Cayuga,Union Springs
13162,43.192705,-75.728282,NY,Oneida,Verona Beach
13163,43.08309,-75.705865,NY,Madison,Wampsville
13164,43.090879,-76.311279,NY,Onondaga,Warners
13165,42.907458,-76.877046,NY,Seneca,Junius
13165,42.907458,-76.877046,NY,Seneca,Waterloo
13166,43.055291,-76.559355,NY,Cayuga,Brutus
13166,43.055291,-76.559355,NY,Cayuga,Weedsport
13167,43.284609,-76.076927,NY,Oswego,West Monroe
13201,43.04092,-76.15264,NY,Onondaga,Syr
13201,43.04092,-76.15264,NY,Onondaga,Syracuse
13202,43.04285,-76.149717,NY,Onondaga,Syr
13202,43.04285,-76.149717,NY,Onondaga,Syracuse
13203,43.060624,-76.139954,NY,Onondaga,Syr
13203,43.060624,-76.139954,NY,Onondaga,Syracuse
13204,43.052042,-76.177065,NY,Onondaga,Syr
13204,43.052042,-76.177065,NY,Onondaga,Syracuse
13205,43.006472,-76.148241,NY,Onondaga,Colvin
13205,43.006472,-76.148241,NY,Onondaga,Colvin Elmwood
13205,43.006472,-76.148241,NY,Onondaga,Syr
13205,43.006472,-76.148241,NY,Onondaga,Syracuse
13206,43.070202,-76.106706,NY,Onondaga,Eastwood
13206,43.070202,-76.106706,NY,Onondaga,Syr
13206,43.070202,-76.106706,NY,Onondaga,Syracuse
13207,43.017354,-76.167626,NY,Onondaga,Colvin Elmwood
13207,43.017354,-76.167626,NY,Onondaga,Syr
13207,43.017354,-76.167626,NY,Onondaga,Syracuse
13208,43.072766,-76.147309,NY,Onondaga,Lyncourt
13208,43.072766,-76.147309,NY,Onondaga,Syr
13208,43.072766,-76.147309,NY,Onondaga,Syracuse
13209,43.0854,-76.25172,NY,Onondaga,Geddes
13209,43.0854,-76.25172,NY,Onondaga,Solvay
13209,43.0854,-76.25172,NY,Onondaga,Syr
13209,43.0854,-76.25172,NY,Onondaga,Syracuse
