43001,40.092467,-82.608341,OH,Licking,Alexandria
43002,40.078159,-83.169222,OH,Franklin,Amlin
43003,40.418525,-82.974431,OH,Delaware,Ashley
43004,40.011212,-82.80946,OH,Franklin,Blacklick
43005,40.290487,-82.291148,OH,Knox,Bladensburg
43006,40.471026,-82.188196,OH,Knox,Brinkhaven
43007,40.337547,-83.411104,OH,Union,Broadway
43008,39.937333,-82.476328,OH,Licking,Buckeye Lake
43009,40.173885,-83.644285,OH,Champaign,Cable
43010,40.001052,-83.622964,OH,Clark,Catawba
43011,40.307025,-82.669574,OH,Knox,Centerburg
43013,40.234813,-82.691307,OH,Licking,Croton
43014,40.463831,-82.26231,OH,Knox,Danville
43015,40.28538,-83.0595,OH,Delaware,Delaware
43016,40.12777,-83.09629,OH,Franklin,Dublin
43017,40.100412,-83.115807,OH,Franklin,Dublin
43018,39.960293,-82.682353,OH,Licking,Etna
43019,40.491704,-82.53339,OH,Knox,Fredericktown
43019,40.491704,-82.53339,OH,Knox,Fredricktwn
43021,40.195977,-82.899957,OH,Delaware,Galena
43022,40.346971,-82.347352,OH,Knox,Gambier
43023,40.069498,-82.526879,OH,Licking,Granville
43025,39.97458,-82.50594,OH,Licking,Hebron
43026,40.032483,-83.135808,OH,Franklin,Hilliard
43027,40.244808,-82.516572,OH,Licking,Homer
43028,40.39104,-82.30386,OH,Knox,Howard
43029,40.089788,-83.455458,OH,Union,Irwin
43030,39.960557,-82.413494,OH,Licking,Jacksontown
43031,40.160799,-82.655946,OH,Licking,Johnstown
43032,40.3286,-82.959025,OH,Delaware,Kilbourne
43033,39.960707,-82.602939,OH,Licking,Kirkersville
43035,40.179771,-83.009937,OH,Delaware,Lewis Center
43036,40.352146,-83.262257,OH,Union,Magnetic Spgs
43036,40.352146,-83.262257,OH,Union,Magnetic Spring
43036,40.352146,-83.262257,OH,Union,Magnetic Springs
43037,40.272989,-82.333037,OH,Knox,Martinsburg
43040,40.256632,-83.375483,OH,Union,Marysville
43041,40.238271,-83.368023,OH,Union,Marysville
43041,40.238271,-83.368023,OH,Union,O M Scott Co
43044,40.064517,-83.580112,OH,Champaign,Mechanicsburg
43045,40.174261,-83.443176,OH,Union,Milford Center
43045,40.174261,-83.443176,OH,Union,Milford Ctr
43046,39.89895,-82.526218,OH,Fairfield,Millersport
43047,40.205526,-83.644226,OH,Champaign,Mingo
43048,40.350178,-82.630042,OH,Knox,Mount Liberty
43050,40.382215,-82.483862,OH,Knox,Mount Vernon
43054,40.086466,-82.808804,OH,Franklin,New Albany
43055,40.116667,-82.433333,OH,Licking,Marne
43055,40.116667,-82.433333,OH,Licking,Newark
43056,40.00488,-82.34646,OH,Licking,Heath
43056,40.00488,-82.34646,OH,Licking,Newark
43058,40.059575,-82.403784,OH,Licking,Newark
43060,40.21909,-83.569313,OH,Champaign,N Lewisburg
43060,40.21909,-83.569313,OH,Champaign,North Lewisburg
43061,40.285125,-83.202729,OH,Delaware,Ostrander
43062,40.005979,-82.676213,OH,Licking,Pataskala
43064,40.09854,-83.298,OH,Madison,Plain City
43065,40.172501,-83.093346,OH,Delaware,Powell
43065,40.172501,-83.093346,OH,Delaware,Shawnee Hills
43066,40.396842,-83.162111,OH,Delaware,Radnor
43067,40.24722,-83.36658,OH,Union,Raymond
43068,39.962571,-82.783851,OH,Franklin,Reynoldsburg
43070,40.217305,-83.959489,OH,Champaign,Rosewood
43071,40.177388,-82.375739,OH,Licking,Saint Louisville
43071,40.177388,-82.375739,OH,Licking,Saint Louisvl
43071,40.177388,-82.375739,OH,Licking,St Louisville
43072,40.125518,-83.957665,OH,Champaign,Saint Paris
43072,40.125518,-83.957665,OH,Champaign,St Paris
43073,40.001966,-82.751027,OH,Licking,Summit Sta
43073,40.001966,-82.751027,OH,Licking,Summit Station
43074,40.269436,-82.843951,OH,Delaware,Sunbury
43076,39.876048,-82.363065,OH,Perry,Thornville
43077,40.138683,-83.338596,OH,Union,Unionville Center
43077,40.138683,-83.338596,OH,Union,Unionvlle Ctr
43078,40.11864,-83.76762,OH,Champaign,Urbana
43080,40.230307,-82.454626,OH,Licking,Utica
43081,40.110098,-82.907426,OH,Franklin,Westerville
43082,40.121049,-82.929557,OH,Delaware,Westerville
43083,40.108381,-83.836233,OH,Champaign,Westville
43084,40.16198,-83.543234,OH,Champaign,Woodstock
43085,40.098773,-83.017045,OH,Franklin,Columbus
43085,40.098773,-83.017045,OH,Franklin,Linworth
43085,40.098773,-83.017045,OH,Franklin,Mount Air
43085,40.098773,-83.017045,OH,Franklin,Riverlea
43085,40.098773,-83.017045,OH,Franklin,Worthington
43086,40.117449,-82.916664,OH,Franklin,Westerville
43093,40.058168,-82.45232,OH,Licking,Newark
43093,40.058168,-82.45232,OH,Licking,State Farm Insurance
43098,39.959494,-82.487824,OH,Licking,Bear Creek
43098,39.959494,-82.487824,OH,Licking,Hebron
43101,39.464919,-82.748279,OH,Ross,Adelphi
43102,39.640743,-82.757046,OH,Fairfield,Amanda
43103,39.72678,-82.95294,OH,Pickaway,Ashville
43103,39.72678,-82.95294,OH,Pickaway,S Bloomfield
43103,39.72678,-82.95294,OH,Pickaway,South Bloomfield
43105,39.858878,-82.620111,OH,Fairfield,Baltimore
43106,39.632887,-83.401809,OH,Fayette,Bloomingburg
43107,39.696084,-82.422138,OH,Fairfield,Bremen
43107,39.696084,-82.422138,OH,Fairfield,Hide Away Hills
43107,39.696084,-82.422138,OH,Fairfield,Hideaway Hls
43109,39.915024,-82.832813,OH,Franklin,Brice
43110,39.82757,-82.794186,OH,Franklin,Canal Whchstr
43110,39.82757,-82.794186,OH,Franklin,Canal Winchester
43110,39.82757,-82.794186,OH,Franklin,Canal Wnchstr
43110,39.82757,-82.794186,OH,Franklin,Cnl Wnchstr
43111,39.501058,-82.236496,OH,Hocking,Carbon Hill
43112,39.80237,-82.710428,OH,Fairfield,Carroll
43113,39.594775,-82.936458,OH,Pickaway,Circleville
43113,39.594775,-82.936458,OH,Pickaway,Thatcher
43115,39.490249,-83.159647,OH,Ross,Clarksburg
43116,39.770313,-83.05834,OH,Pickaway,Commercial Point
43116,39.770313,-83.05834,OH,Pickaway,Commercial Pt
43117,39.764621,-83.208368,OH,Pickaway,Derby
43119,39.93672,-83.19444,OH,Franklin,Galloway
43123,39.881816,-83.091047,OH,Franklin,Darbydale
43123,39.881816,-83.091047,OH,Franklin,Grove City
43123,39.881816,-83.091047,OH,Franklin,Urbancrest
43125,39.844452,-82.879107,OH,Franklin,Groveport
43126,39.809767,-83.168194,OH,Franklin,Harrisburg
43127,39.474543,-82.317784,OH,Hocking,Haydenville
43128,39.65666,-83.573926,OH,Fayette,Jeffersonville
43128,39.65666,-83.573926,OH,Fayette,Jeffersonvlle
43130,39.70728,-82.60788,OH,Fairfield,Lancaster
43135,39.476647,-82.682155,OH,Hocking,Laurelville
43136,39.804527,-82.808331,OH,Fairfield,Lithopolis
43137,39.832831,-82.978833,OH,Franklin,Lockbourne
43138,39.523862,-82.415172,OH,Hocking,Logan
43140,39.89106,-83.40534,OH,Madison,London
43140,39.89106,-83.40534,OH,Madison,Summerford
43142,39.595174,-83.587871,OH,Fayette,Milledgeville
43143,39.741372,-83.306744,OH,Madison,Mount Sterling
43143,39.741372,-83.306744,OH,Madison,Mt Sterling
43144,39.513016,-82.165595,OH,Hocking,Murray City
43145,39.558554,-83.232584,OH,Pickaway,New Holland
43146,39.771545,-83.148051,OH,Pickaway,Orient
43147,39.903244,-82.750689,OH,Fairfield,Pickerington
43148,39.814868,-82.502382,OH,Fairfield,Pleasantville
43149,39.52086,-82.58568,OH,Hocking,Rockbridge
43150,39.777131,-82.425291,OH,Fairfield,Rushville
43151,39.72996,-83.47169,OH,Madison,Sedalia
43152,39.40794,-82.61154,OH,Hocking,Laurelville
43152,39.40794,-82.61154,OH,Hocking,S Bloomingvil
43152,39.40794,-82.61154,OH,Hocking,S Bloomingville
43152,39.40794,-82.61154,OH,Hocking,So Bloomingville
43152,39.40794,-82.61154,OH,Hocking,South Bloomingville
43153,39.741198,-83.564833,OH,Madison,South Solon
43154,39.600098,-82.817282,OH,Fairfield,Stoutsville
43155,39.630339,-82.535734,OH,Fairfield,Sugar Grove
43156,39.555824,-82.775783,OH,Pickaway,Laurelville
43156,39.555824,-82.775783,OH,Pickaway,Tarlton
43157,39.840416,-82.54484,OH,Fairfield,Thurston
43158,39.451134,-82.362582,OH,Hocking,Union Furnace
43160,39.536064,-83.442724,OH,Fayette,Washingtn C H
43160,39.536064,-83.442724,OH,Fayette,Washington CH
43160,39.536064,-83.442724,OH,Fayette,Washington Court House
43160,39.536064,-83.442724,OH,Fayette,Wshngtn Ct Hs
43162,39.943824,-83.293373,OH,Madison,W Jefferson
43162,39.943824,-83.293373,OH,Madison,West Jefferson
43163,39.762287,-82.453435,OH,Fairfield,Rushville
43163,39.762287,-82.453435,OH,Fairfield,W Rushville
43163,39.762287,-82.453435,OH,Fairfield,West Rushville
43164,39.600994,-83.122085,OH,Pickaway,Williamsport
43195,39.854672,-82.88364,OH,Franklin,Gap Inc Direct
43195,39.854672,-82.88364,OH,Franklin,Groveport
43196,39.851463,-82.893662,OH,Franklin,Gap Inc Direct
43196,39.851463,-82.893662,OH,Franklin,Groveport
43198,39.83586,-82.929169,OH,Franklin,Groveport
43198,39.83586,-82.929169,OH,Franklin,Harrods
43199,39.859691,-82.894413,OH,Franklin,Dist Fulfillment Svc
43199,39.859691,-82.894413,OH,Franklin,Groveport
43201,39.99135,-83.001104,OH,Franklin,Columbus
43202,40.020415,-83.01189,OH,Franklin,Columbus
43203,39.971464,-82.969937,OH,Franklin,Columbus
43204,39.955851,-83.082221,OH,Franklin,Columbus
43204,39.955851,-83.082221,OH,Franklin,San Margherita
43204,39.955851,-83.082221,OH,Franklin,Valleyview
43205,39.959225,-82.966539,OH,Franklin,Columbus
43206,39.940669,-82.978592,OH,Franklin,Columbus
43207,39.89394,-82.95408,OH,Franklin,Columbus
43207,39.89394,-82.95408,OH,Franklin,Obetz
43207,39.89394,-82.95408,OH,Franklin,Reese
43207,39.89394,-82.95408,OH,Franklin,Reese Station
43209,39.959129,-82.92899,OH,Franklin,Bexley
43209,39.959129,-82.92899,OH,Franklin,Columbus
43210,40.007855,-83.021452,OH,Franklin,Columbus
43211,40.013425,-82.971974,OH,Franklin,Columbus
43212,39.98726,-83.043294,OH,Franklin,Columbus
43212,39.98726,-83.043294,OH,Franklin,Grandview
43212,39.98726,-83.043294,OH,Franklin,Grandview Heights
43212,39.98726,-83.043294,OH,Franklin,Marble Cliff
43212,39.98726,-83.043294,OH,Franklin,Upper Arlington
43212,39.98726,-83.043294,OH,Franklin,Upper Arlngtn
43213,39.965354,-82.875172,OH,Franklin,Columbus
43213,39.965354,-82.875172,OH,Franklin,Whitehall
43214,40.053773,-83.025973,OH,Franklin,Columbus
43215,39.965846,-83.003648,OH,Franklin,Columbus
43216,39.974192,-82.898226,OH,Franklin,Columbus
43217,39.825664,-82.947527,OH,Franklin,Columbus
43217,39.825664,-82.947527,OH,Franklin,Rickenbacker Air Force Base
43218,39.966616,-83.012341,OH,Franklin,Columbus
43219,40.005201,-82.931203,OH,Franklin,Columbus
43219,40.005201,-82.931203,OH,Franklin,Victorias Secret
43220,40,-83.066667,OH,Franklin,Columbus
43220,40,-83.066667,OH,Franklin,Upper Arlington
43220,40,-83.066667,OH,Franklin,Upper Arlngtn
43221,40.014525,-83.068936,OH,Franklin,Columbus
43221,40.014525,-83.068936,OH,Franklin,Upper Arlington
43221,40.014525,-83.068936,OH,Franklin,Upper Arlngtn
43222,39.956475,-83.029361,OH,Franklin,Columbus
43223,39.935259,-83.043278,OH,Franklin,Columbus
43224,40.040081,-82.966132,OH,Franklin,Columbus
43226,39.978571,-83.163374,OH,Franklin,Columbus
43227,39.937858,-82.887113,OH,Franklin,Columbus
43228,39.951399,-83.128,OH,Franklin,Columbus
43228,39.951399,-83.128,OH,Franklin,Lincoln Village Fin Unit
43228,39.951399,-83.128,OH,Franklin,New Rome
43229,40.083167,-82.975693,OH,Franklin,Columbus
43230,40.044616,-82.856435,OH,Franklin,Columbus
43230,40.044616,-82.856435,OH,Franklin,Gahanna
43231,40.080299,-82.9378,OH,Franklin,Columbus
43232,39.917023,-82.875392,OH,Franklin,Columbus
43234,40.10298,-83.055995,OH,Franklin,Columbus
43235,40.120326,-83.033953,OH,Franklin,Columbus
43236,40.000056,-82.887958,OH,Franklin,Columbus
43240,40.140503,-82.986473,OH,Delaware,Columbus
43251,39.959725,-83.020801,OH,Franklin,City National Bank
43251,39.959725,-83.020801,OH,Franklin,Columbus
43260,39.96287,-82.998416,OH,Franklin,Columbus
43260,39.96287,-82.998416,OH,Franklin,Huntington National Bank
43265,39.95999,-83.021165,OH,Franklin,City National Bank
43265,39.95999,-83.021165,OH,Franklin,Columbus
43266,40.056417,-82.968199,OH,Franklin,Columbus
43266,40.056417,-82.968199,OH,Franklin,State Departments of Ohio
43268,39.964398,-82.994319,OH,Franklin,Columbus
43268,39.964398,-82.994319,OH,Franklin,Field Publications
43268,39.964398,-82.994319,OH,Franklin,Huntington National Bank
43270,39.96497,-83.000319,OH,Franklin,Columbus
43270,39.96497,-83.000319,OH,Franklin,Ohio Dept of Taxation
43271,39.970935,-83.026273,OH,Franklin,Bank One
43271,39.970935,-83.026273,OH,Franklin,Columbus
43272,39.960349,-83.00566,OH,Franklin,Columbus
43272,39.960349,-83.00566,OH,Franklin,Main Office Box Brm
43279,39.966103,-83.025448,OH,Franklin,Columbus
43279,39.966103,-83.025448,OH,Franklin,Shared Zip Code
43287,39.961425,-82.999386,OH,Franklin,Columbus
43287,39.961425,-82.999386,OH,Franklin,Huntington National Bank
43291,39.976602,-82.856827,OH,Franklin,Columbus
43291,39.976602,-82.856827,OH,Franklin,Eddie Bauer Co
43299,40.041293,-82.871047,OH,Franklin,Columbus
43299,40.041293,-82.871047,OH,Franklin,Victorias Secret Catalogue
43301,40.565693,-83.124872,OH,Marion,Marion
43302,40.588875,-83.12552,OH,Marion,Marion
43306,40.611969,-83.158583,OH,Marion,Fulfillment Corp of Amer Brm
43306,40.611969,-83.158583,OH,Marion,Marion
43307,40.608509,-83.157344,OH,Marion,Marion
43307,40.608509,-83.157344,OH,Marion,Readers Digest
43310,40.506954,-83.78957,OH,Logan,Belle Center
43311,40.359628,-83.757376,OH,Logan,Bellefontaine
43311,40.359628,-83.757376,OH,Logan,Bellefontne
43311,40.359628,-83.757376,OH,Logan,Bellfntn
43314,40.64664,-82.96116,OH,Marion,Caledonia
43315,40.48213,-82.860172,OH,Morrow,Cardington
43316,40.943398,-83.381939,OH,Wyandot,Adrian
43316,40.943398,-83.381939,OH,Wyandot,Carey
43317,40.479777,-82.684801,OH,Morrow,Chesterville
43318,40.329651,-83.914601,OH,Logan,De Graff
43319,40.306292,-83.580853,OH,Logan,East Liberty
43320,40.577397,-82.883382,OH,Morrow,Edison
43321,40.463265,-82.829866,OH,Morrow,Fulton
43322,40.53549,-83.214701,OH,Marion,Green Camp
43323,40.743966,-83.235166,OH,Wyandot,Harpster
43324,40.447389,-83.809071,OH,Logan,Huntsville
43325,40.666089,-82.841658,OH,Morrow,Iberia
43326,40.6437,-83.607011,OH,Hardin,Hepburn
43326,40.6437,-83.607011,OH,Hardin,Kenton
43330,40.810973,-83.420189,OH,Wyandot,Kirby
43330,40.810973,-83.420189,OH,Wyandot,Wharton
43331,40.49848,-83.907723,OH,Logan,Lakeview
43331,40.49848,-83.907723,OH,Logan,Orchard Island
43332,40.574908,-83.364808,OH,Marion,La Rue
43333,40.439457,-83.916891,OH,Logan,Lewistown
43334,40.3857,-82.82976,OH,Morrow,Marengo
43335,40.663648,-82.910449,OH,Marion,Martel
43336,40.293906,-83.584083,OH,Logan,Middleburg
43337,40.676941,-83.253323,OH,Marion,Morral
43338,40.560186,-82.7817,OH,Morrow,Mount Gilead
43340,40.552721,-83.495057,OH,Hardin,Mount Victory
43341,40.591276,-83.317071,OH,Marion,New Bloomington
43341,40.591276,-83.317071,OH,Marion,New Bloomngtn
43342,40.47405,-83.175188,OH,Marion,Prospect
43343,40.318945,-83.974251,OH,Logan,Quincy
43344,40.453611,-83.455556,OH,Union,Richwood
43345,40.52877,-83.584574,OH,Hardin,Ridgeway
43346,40.566781,-83.842051,OH,Hardin,Roundhead
43347,40.470088,-83.6662,OH,Logan,Rushsylvania
43348,40.468795,-83.879904,OH,Logan,Russells Point
43348,40.468795,-83.879904,OH,Logan,Russells Pt
43349,40.618676,-82.665978,OH,Morrow,Shauck
43350,40.354745,-82.711177,OH,Morrow,Sparta
43351,40.81548,-83.31012,OH,Wyandot,Upper Sandsky
43351,40.81548,-83.31012,OH,Wyandot,Upper Sandusky
43356,40.464334,-83.062303,OH,Marion,Waldo
43357,40.265708,-83.737998,OH,Logan,West Liberty
43358,40.41642,-83.486218,OH,Logan,W Mansfield
43358,40.41642,-83.486218,OH,Logan,W Mansfld
43358,40.41642,-83.486218,OH,Logan,West Mansfield
43359,40.870834,-83.449911,OH,Wyandot,Wharton
43360,40.318273,-83.651698,OH,Logan,Zanesfield
43402,41.387758,-83.653281,OH,Wood,Bowling Green
43403,41.376437,-83.650803,OH,Wood,Bowling Green
43403,41.376437,-83.650803,OH,Wood,Bowling Green St University
43403,41.376437,-83.650803,OH,Wood,Bowling Green State Univ
43406,41.330225,-83.442064,OH,Wood,Bradner
43407,41.277987,-83.245497,OH,Sandusky,Burgoon
43408,41.557648,-83.247498,OH,Ottawa,Clay Center
43410,41.315461,-82.963285,OH,Sandusky,Clyde
43412,41.651607,-83.28354,OH,Ottawa,Curtice
43412,41.651607,-83.28354,OH,Ottawa,Reno Beach
43413,41.238209,-83.652763,OH,Wood,Cygnet
43414,41.457303,-83.611686,OH,Wood,Dunbridge
43416,41.480107,-83.282707,OH,Ottawa,Elmore
43420,41.345436,-83.117931,OH,Sandusky,Fremont
43430,41.528738,-83.366522,OH,Ottawa,Genoa
43431,41.379115,-83.329977,OH,Sandusky,Gibsonburg
43432,41.557515,-83.24262,OH,Ottawa,Elliston
43432,41.557515,-83.24262,OH,Ottawa,Graytown
43433,41.502503,-82.871469,OH,Ottawa,Gypsum
43434,41.67771,-83.519921,OH,Lucas,Harbor View
43435,41.311944,-83.281389,OH,Sandusky,Helena
43435,41.311944,-83.281389,OH,Sandusky,Millersville
43436,41.715585,-82.819135,OH,Ottawa,Is St George
43436,41.715585,-82.819135,OH,Ottawa,Isle Saint George
43436,41.715585,-82.819135,OH,Ottawa,Isle St George
43437,41.252052,-83.603644,OH,Wood,Jerry City
43438,41.603835,-82.686144,OH,Erie,Kelleys Is
43438,41.603835,-82.686144,OH,Erie,Kelleys Island
43439,41.517228,-83.040882,OH,Ottawa,Lacarne
43440,41.531235,-82.759429,OH,Ottawa,Lakeside
43440,41.531235,-82.759429,OH,Ottawa,Lakeside Marblehead
43440,41.531235,-82.759429,OH,Ottawa,Lakeside-Marblehead
43440,41.531235,-82.759429,OH,Ottawa,Lksid Marblhd
43440,41.531235,-82.759429,OH,Ottawa,Marblehead
43441,41.498038,-83.471932,OH,Wood,Lemoyne
43442,41.422606,-83.220463,OH,Sandusky,Lindsey
43443,41.460907,-83.476317,OH,Wood,Luckey
43445,41.59194,-83.3115,OH,Ottawa,Bono
43445,41.59194,-83.3115,OH,Ottawa,Martin
43446,41.648155,-82.817376,OH,Ottawa,Middle Bass
43446,41.648155,-82.817376,OH,Ottawa,Port Clinton
43447,41.560938,-83.452654,OH,Wood,Millbury
43449,41.533747,-83.138207,OH,Ottawa,Oak Harbor
43450,41.410784,-83.47873,OH,Wood,Pemberville
43451,41.318391,-83.617545,OH,Wood,Portage
43452,41.5368,-82.908,OH,Ottawa,Catawba Island
43452,41.5368,-82.908,OH,Ottawa,Middle Bass
43452,41.5368,-82.908,OH,Ottawa,Port Clinton
43452,41.5368,-82.908,OH,Ottawa,Pt Clinton
43456,41.648779,-82.821414,OH,Ottawa,Put in Bay
43456,41.648779,-82.821414,OH,Ottawa,Put-In- Bay
43457,41.27208,-83.43582,OH,Wood,Rising Sun
43457,41.27208,-83.43582,OH,Wood,Risingsun
43458,41.531155,-83.216285,OH,Ottawa,Rocky Ridge
43460,41.603999,-83.568757,OH,Wood,Rossford
43462,41.284376,-83.698854,OH,Wood,Rudolph
43463,41.50977,-83.508757,OH,Wood,Stony Ridge
43464,41.388217,-82.942973,OH,Sandusky,Vickery
43465,41.57139,-83.496483,OH,Wood,Moline
43465,41.57139,-83.496483,OH,Wood,Walbridge
43466,41.291967,-83.50958,OH,Wood,Wayne
43467,41.240434,-83.490982,OH,Wood,W Millgrove
43467,41.240434,-83.490982,OH,Wood,West Millgrove
43468,41.603678,-83.331413,OH,Ottawa,Williston
43469,41.448066,-83.371641,OH,Sandusky,Woodville
43501,41.644753,-84.448647,OH,Williams,Alvordton
43502,41.536104,-84.296476,OH,Fulton,Archbold
43504,41.699935,-83.833263,OH,Lucas,Berkey
43505,41.522576,-84.749395,OH,Williams,Blakeslee
43506,41.47543,-84.567219,OH,Williams,Bryan
43510,41.447834,-83.972902,OH,Henry,Colton
43511,41.261582,-83.820803,OH,Wood,Custar
43512,41.297567,-84.357805,OH,Defiance,Defiance
43515,41.577589,-84.00726,OH,Fulton,Delta
43516,41.206706,-83.901298,OH,Henry,Deshler
43517,41.45968,-84.741556,OH,Williams,Edgerton
43518,41.573093,-84.769884,OH,Williams,Edon
43519,41.428226,-84.395702,OH,Defiance,Evansport
43519,41.428226,-84.395702,OH,Defiance,Stryker
43520,41.384405,-84.628572,OH,Defiance,Farmer
43521,41.657148,-84.307721,OH,Fulton,Fayette
43522,41.402142,-83.849564,OH,Wood,Grand Rapids
43523,41.342644,-84.000355,OH,Henry,Grelton
43523,41.342644,-84.000355,OH,Henry,Mc Clure
43524,41.229092,-84.033359,OH,Henry,Hamler
43525,41.466054,-83.705182,OH,Wood,Haskins
43526,41.312912,-84.734343,OH,Defiance,Hicksville
43527,41.249834,-84.132736,OH,Henry,Holgate
43528,41.61965,-83.726811,OH,Lucas,Holland
43529,41.190741,-83.785403,OH,Wood,Hoytville
43530,41.327153,-84.284934,OH,Defiance,Jewell
43531,41.635529,-84.493224,OH,Williams,Kunkle
43532,41.421995,-83.974523,OH,Henry,Liberty Center
43532,41.421995,-83.974523,OH,Henry,Liberty Ctr
43533,41.694752,-84.075981,OH,Fulton,Lyons
43534,41.373,-83.939975,OH,Henry,Grelton
43534,41.373,-83.939975,OH,Henry,Mc Clure
43534,41.373,-83.939975,OH,Henry,McClure
43535,41.320879,-84.040485,OH,Henry,Malinta
43536,41.30875,-84.636797,OH,Defiance,Mark Center
43537,41.576929,-83.664917,OH,Lucas,Maumee
43540,41.702703,-83.933406,OH,Fulton,Metamora
43541,41.302432,-83.830175,OH,Wood,Milton Center
43542,41.571329,-83.764702,OH,Lucas,Monclova
43543,41.59007,-84.611596,OH,Williams,Holiday City
43543,41.59007,-84.611596,OH,Williams,Montpelier
43545,41.386399,-84.133117,OH,Henry,Napoleon
43545,41.386399,-84.133117,OH,Henry,Okolona
43547,41.488639,-83.872248,OH,Lucas,Neapolis
43548,41.203392,-84.166759,OH,Henry,New Bavaria
43549,41.374875,-84.524779,OH,Defiance,Ney
43550,41.392207,-84.123017,OH,Henry,Napoleon
43550,41.392207,-84.123017,OH,Henry,Okolona
43551,41.542639,-83.597702,OH,Wood,Perrysburg
43552,41.553911,-83.626056,OH,Wood,Perrysburg
43553,41.529269,-84.224413,OH,Fulton,Pettisville
43554,41.667305,-84.55207,OH,Williams,Holiday City
43554,41.667305,-84.55207,OH,Williams,Pioneer
43555,41.438435,-84.257991,OH,Henry,Rdgville Cors
43555,41.438435,-84.257991,OH,Henry,Ridgeville Corners
43556,41.29957,-84.562441,OH,Defiance,Sherwood
43557,41.502278,-84.412734,OH,Williams,Evansport
43557,41.502278,-84.412734,OH,Williams,Stryker
43558,41.580263,-83.912406,OH,Fulton,Swanton
43560,41.709644,-83.708999,OH,Lucas,Sylvania
43565,41.417956,-83.740816,OH,Wood,Tontogany
43566,41.501296,-83.738531,OH,Lucas,Waterville
43567,41.557717,-84.152338,OH,Fulton,Wauseon
43569,41.351195,-83.790896,OH,Wood,Weston
43570,41.584133,-84.438762,OH,Williams,West Unity
43571,41.521573,-83.813173,OH,Lucas,Whitehouse
43601,41.647294,-83.547631,OH,Lucas,Toledo
43603,41.65807,-83.527385,OH,Lucas,Toledo
43604,41.653385,-83.530339,OH,Lucas,Toledo
43605,41.65146,-83.50866,OH,Lucas,Northwood
43605,41.65146,-83.50866,OH,Lucas,Oregon
43605,41.65146,-83.50866,OH,Lucas,Toledo
43606,41.672103,-83.602649,OH,Lucas,Ottawa Hills
43606,41.672103,-83.602649,OH,Lucas,Toledo
43607,41.650995,-83.603793,OH,Lucas,Toledo
43608,41.676751,-83.535409,OH,Lucas,Toledo
43609,41.630611,-83.576936,OH,Lucas,Toledo
43610,41.675482,-83.557388,OH,Lucas,Toledo
43611,41.706803,-83.489427,OH,Lucas,Toledo
43612,41.702832,-83.539208,OH,Lucas,Toledo
43613,41.704307,-83.604452,OH,Lucas,Toledo
43614,41.60343,-83.627311,OH,Lucas,Toledo
43615,41.651393,-83.674791,OH,Lucas,Ottawa Hills
43615,41.651393,-83.674791,OH,Lucas,Sylvania Township
43615,41.651393,-83.674791,OH,Lucas,Sylvania Twp
43615,41.651393,-83.674791,OH,Lucas,Toledo
43616,41.648315,-83.466213,OH,Lucas,Oregon
43617,41.66411,-83.717316,OH,Lucas,Sylvania Township
43617,41.66411,-83.717316,OH,Lucas,Sylvania Twp
43617,41.66411,-83.717316,OH,Lucas,Toledo
43618,41.676124,-83.399648,OH,Lucas,Oregon
43619,41.601962,-83.480669,OH,Wood,Northwood
43620,41.664084,-83.550387,OH,Lucas,Toledo
43623,41.707048,-83.649692,OH,Lucas,Sylvania Township
43623,41.707048,-83.649692,OH,Lucas,Sylvania Twp
43623,41.707048,-83.649692,OH,Lucas,Toledo
43635,41.652535,-83.671321,OH,Lucas,Toledo
43652,41.650967,-83.536485,OH,Lucas,Toledo
43652,41.650967,-83.536485,OH,Lucas,Toledo Edison
43654,41.605962,-83.537003,OH,Wood,Natl Family Opinion
43654,41.605962,-83.537003,OH,Wood,Toledo
43656,41.704746,-83.6508,OH,Lucas,Blue Cross Hosp Serv
43656,41.704746,-83.6508,OH,Lucas,Toledo
43657,41.676827,-83.561778,OH,Lucas,Chrysler Corp Toledo Assy
43657,41.676827,-83.561778,OH,Lucas,Toledo
43659,41.649245,-83.536795,OH,Lucas,Owens Corning
43659,41.649245,-83.536795,OH,Lucas,Toledo
43660,41.638952,-83.544684,OH,Lucas,Toledo
43660,41.638952,-83.544684,OH,Lucas,Toledo Blade
43661,41.652881,-83.604687,OH,Lucas,Champion Spark Plug
43661,41.652881,-83.604687,OH,Lucas,Toledo
43666,41.654455,-83.530392,OH,Lucas,Owens Illinois
43666,41.654455,-83.530392,OH,Lucas,Toledo
43667,41.650895,-83.535228,OH,Lucas,Dept of Public Utilities
43667,41.650895,-83.535228,OH,Lucas,Toledo
43681,41.642211,-83.542156,OH,Lucas,Courtesy Reply Firm Zip
43681,41.642211,-83.542156,OH,Lucas,Toledo
43682,41.642592,-83.544001,OH,Lucas,Business Reply Firm ZIP
43682,41.642592,-83.544001,OH,Lucas,Toledo
43697,41.644777,-83.543436,OH,Lucas,Toledo
43699,41.631065,-83.618751,OH,Lucas,Toledo
43701,39.95424,-81.98496,OH,Muskingum,S Zanesville
43701,39.95424,-81.98496,OH,Muskingum,Sonora
43701,39.95424,-81.98496,OH,Muskingum,South Zanesville
43701,39.95424,-81.98496,OH,Muskingum,Zanesville
43702,39.940823,-82.006789,OH,Muskingum,S Zanesville
43702,39.940823,-82.006789,OH,Muskingum,South Zanesville
43702,39.940823,-82.006789,OH,Muskingum,Zanesville
43711,39.832707,-81.574545,OH,Noble,Ava
43713,39.97614,-81.165,OH,Belmont,Barnesville
43713,39.97614,-81.165,OH,Belmont,Somerton
43716,39.86388,-81.00276,OH,Monroe,Beallsville
43717,39.802138,-81.551969,OH,Noble,Belle Valley
43718,40.015424,-81.01562,OH,Belmont,Belmont
43719,39.98586,-81.07572,OH,Belmont,Bethesda
43720,39.797077,-81.879055,OH,Muskingum,Blue Rock
43721,39.939964,-82.252329,OH,Licking,Brownsville
43722,39.914026,-81.520023,OH,Guernsey,Buffalo
43723,39.960932,-81.544227,OH,Guernsey,Byesville
43724,39.76968,-81.48006,OH,Noble,Caldwell
43725,40.027358,-81.593383,OH,Guernsey,Cambridge
43725,40.027358,-81.593383,OH,Guernsey,Claysville
43727,39.877305,-81.810514,OH,Muskingum,Chandlersville
43727,39.877305,-81.810514,OH,Muskingum,Chandlersvlle
43728,39.653299,-81.810316,OH,Morgan,Chesterhill
43730,39.630644,-82.090365,OH,Perry,Corning
43730,39.630644,-82.090365,OH,Perry,Hemlock
43731,39.75552,-82.04694,OH,Perry,Crooksville
43732,39.883082,-81.641698,OH,Guernsey,Cumberland
43733,39.930089,-81.499768,OH,Guernsey,Derwent
43734,39.880812,-81.911534,OH,Muskingum,Duncan Falls
43735,39.853633,-82.122518,OH,Muskingum,E Fultonham
43735,39.853633,-82.122518,OH,Muskingum,East Fultonham
43736,39.994015,-81.285558,OH,Guernsey,Fairview
43736,39.994015,-81.285558,OH,Guernsey,Quaker City
43738,39.857321,-82.13854,OH,Muskingum,Fultonham
43739,39.939027,-82.274937,OH,Perry,Glenford
43740,39.949506,-82.210768,OH,Licking,Gratiot
43746,39.963,-82.170248,OH,Muskingum,Hopewell
43747,39.837154,-81.116078,OH,Monroe,Jerusalem
43748,39.714915,-82.310414,OH,Perry,Jnctn City
43748,39.714915,-82.310414,OH,Perry,Junction City
43749,40.181667,-81.5925,OH,Guernsey,Guernsey
43749,40.181667,-81.5925,OH,Guernsey,Kimbolton
43750,39.994618,-81.506178,OH,Guernsey,Cambridge
43750,39.994618,-81.506178,OH,Guernsey,Kipling
43752,39.71601,-81.013102,OH,Monroe,Laings
43754,39.762764,-81.237672,OH,Monroe,Lewisville
43755,40.052056,-81.438911,OH,Guernsey,Lore City
43756,39.69,-81.83598,OH,Morgan,McConnelsville
43756,39.69,-81.83598,OH,Morgan,McConnelsvle
43756,39.69,-81.83598,OH,Morgan,Reinersville
43757,39.856227,-81.146767,OH,Monroe,Malaga
43758,39.640908,-81.894711,OH,Morgan,Malta
43759,40.060403,-81.071245,OH,Belmont,Morristown
43760,39.899113,-82.172415,OH,Perry,Mount Perry
43761,39.66127,-82.141325,OH,Perry,Moxahala
43762,40.019934,-81.751659,OH,Muskingum,New Concord
43764,39.71802,-82.1859,OH,Perry,New Lexington
43766,39.614349,-82.280139,OH,Perry,New Straitsville
43766,39.614349,-82.280139,OH,Perry,New Straitsvl
43767,39.996606,-81.802153,OH,Muskingum,Norwich
43768,40.032494,-81.411187,OH,Guernsey,Old Washingtn
43768,40.032494,-81.411187,OH,Guernsey,Old Washington
43771,39.84828,-81.936488,OH,Muskingum,Philo
43772,39.906705,-81.552435,OH,Guernsey,Pleasant City
43773,40.036335,-81.297511,OH,Guernsey,Quaker City
43777,39.826232,-82.065033,OH,Muskingum,Roseville
43778,40.00536,-81.38556,OH,Guernsey,Salesville
43779,39.814019,-81.441843,OH,Noble,Sarahsville
43780,39.937952,-81.463412,OH,Guernsey,Senecaville
43782,39.613693,-82.214228,OH,Perry,Shawnee
43783,39.804837,-82.290922,OH,Perry,Somerset
43786,39.715067,-81.276377,OH,Monroe,Stafford
43787,39.557874,-81.770693,OH,Morgan,Pennsville
43787,39.557874,-81.770693,OH,Morgan,Stockport
43788,39.792959,-81.345816,OH,Noble,Summerfield
43789,39.628611,-81.225833,OH,Monroe,Sycamore Valley
43789,39.628611,-81.225833,OH,Monroe,Sycamore Vly
43791,39.876236,-82.103404,OH,Muskingum,White Cottage
43793,39.755116,-81.112949,OH,Monroe,Antioch
43793,39.755116,-81.112949,OH,Monroe,Woodsfield
43802,40.083252,-81.859062,OH,Muskingum,Adamsville
43803,40.355315,-81.643974,OH,Coshocton,Bakersville
43804,40.463509,-81.734242,OH,Tuscarawas,Baltic
43804,40.463509,-81.734242,OH,Tuscarawas,Bucks
43804,40.463509,-81.734242,OH,Tuscarawas,Farmerstown
43804,40.463509,-81.734242,OH,Tuscarawas,Mechanic
43805,40.400882,-81.964837,OH,Coshocton,Blissfield
43811,40.192343,-81.910664,OH,Coshocton,Conesville
43812,40.266552,-81.852642,OH,Coshocton,Coshocton
43821,40.12224,-81.98616,OH,Muskingum,Adams Mills
43821,40.12224,-81.98616,OH,Muskingum,Dresden
43822,40.12057,-82.127628,OH,Muskingum,Frazeysburg
43824,40.34722,-81.738511,OH,Coshocton,Fresno
43824,40.34722,-81.738511,OH,Coshocton,New Bedford
43828,40.341692,-81.8657,OH,Coshocton,Keene
43830,40.05522,-82.10994,OH,Muskingum,Nashport
43832,40.266,-81.60018,OH,Tuscarawas,Newcomerstown
43832,40.266,-81.60018,OH,Tuscarawas,Wolf
43836,40.208882,-81.719943,OH,Coshocton,Plainfield
43837,40.320682,-81.50214,OH,Tuscarawas,Port Washington
43837,40.320682,-81.50214,OH,Tuscarawas,Prt Washingtn
43840,40.407646,-81.595511,OH,Tuscarawas,Stone Creek
43842,40.139867,-82.00953,OH,Muskingum,Trinway
43843,40.311486,-82.219602,OH,Coshocton,Walhonding
43844,40.311603,-82.047764,OH,Coshocton,Warsaw
43845,40.269968,-81.735623,OH,Coshocton,W Lafayette
43845,40.269968,-81.735623,OH,Coshocton,West Lafayette
43901,40.219347,-80.864391,OH,Jefferson,Adena
43902,39.880712,-80.993107,OH,Belmont,Alledonia
43903,40.477439,-80.963005,OH,Jefferson,Amsterdam
43905,40.107657,-80.840421,OH,Belmont,Barton
43906,40.017876,-80.757949,OH,Belmont,Bellaire
43907,40.25886,-81.03132,OH,Harrison,Cadiz
43907,40.25886,-81.03132,OH,Harrison,Moorefield
43907,40.25886,-81.03132,OH,Harrison,Short Creek
43908,40.547038,-80.929703,OH,Jefferson,Bergholz
43909,40.070954,-80.816073,OH,Belmont,Blaine
43910,40.340971,-80.806712,OH,Jefferson,Bloomingdale
43910,40.340971,-80.806712,OH,Jefferson,Unionport
43912,40.074874,-80.764849,OH,Belmont,Bridgeport
43913,40.263036,-80.629993,OH,Jefferson,Brilliant
43913,40.263036,-80.629993,OH,Jefferson,Tidd Dale
43914,39.769151,-80.946797,OH,Monroe,Cameron
43915,39.747461,-80.893816,OH,Monroe,Clarington
43916,40.07001,-80.74028,OH,Belmont,Colerain
43917,40.147121,-80.831081,OH,Jefferson,Dillonvale
43917,40.147121,-80.831081,OH,Jefferson,Dunglen
43917,40.147121,-80.831081,OH,Jefferson,Newtown
43920,40.67112,-80.58306,OH,Columbiana,Calcutta
43920,40.67112,-80.58306,OH,Columbiana,E Liverpool
43920,40.67112,-80.58306,OH,Columbiana,East Liverpool
43925,40.451367,-80.858749,OH,Jefferson,E Springfield
43925,40.451367,-80.858749,OH,Jefferson,East Springfield
43926,40.51193,-80.623747,OH,Jefferson,Empire
43927,40.123339,-80.933498,OH,Belmont,Fairpoint
43928,40.006406,-80.873509,OH,Belmont,Glencoe
43930,40.612105,-80.783966,OH,Jefferson,Hammondsville
43931,39.664786,-80.877461,OH,Monroe,Hannibal
43932,40.590849,-80.708824,OH,Jefferson,Cream City
43932,40.590849,-80.708824,OH,Jefferson,Irondale
43933,39.94541,-80.902208,OH,Belmont,Armstrong Mills
43933,39.94541,-80.902208,OH,Belmont,Armstrong Mls
43933,39.94541,-80.902208,OH,Belmont,Jacobsburg
43933,39.94541,-80.902208,OH,Belmont,Stewartsville
43934,40.073876,-80.788268,OH,Belmont,Lansing
43935,40.100135,-80.730164,OH,Belmont,Martins Ferry
43937,40.130903,-80.879039,OH,Belmont,Blainesville
43937,40.130903,-80.879039,OH,Belmont,Maynard
43938,40.3155,-80.6262,OH,Jefferson,Georges Run
43938,40.3155,-80.6262,OH,Jefferson,Mingo Jct
43938,40.3155,-80.6262,OH,Jefferson,Mingo Junction
43938,40.3155,-80.6262,OH,Jefferson,New Alexandria
43939,40.176383,-80.800676,OH,Jefferson,Mount Pleasant
43939,40.176383,-80.800676,OH,Jefferson,Mt Pleasant
43940,40.026323,-80.818501,OH,Belmont,Neffs
43941,40.252583,-80.813445,OH,Jefferson,Piney Fork
43942,39.862119,-80.816459,OH,Belmont,Powhatan Point
43942,39.862119,-80.816459,OH,Belmont,Powhatan Pt
43943,40.179877,-80.70794,OH,Jefferson,Connorsville
43943,40.179877,-80.70794,OH,Jefferson,Glen Robbins
43943,40.179877,-80.70794,OH,Jefferson,Rayland
43944,40.431203,-80.756208,OH,Jefferson,Richmond
43945,40.640246,-80.828749,OH,Columbiana,Salineville
43946,39.639294,-80.949108,OH,Monroe,Sardis
43947,39.968088,-80.754883,OH,Belmont,Dilles Bottom
43947,39.968088,-80.754883,OH,Belmont,Shadyside
43948,40.274706,-80.782,OH,Jefferson,Smithfield
43950,40.082971,-80.912626,OH,Belmont,Saint Clairsville
43950,40.082971,-80.912626,OH,Belmont,St Clairsville
43950,40.082971,-80.912626,OH,Belmont,St Clairsvle
43951,40.111831,-81.018183,OH,Belmont,Lafferty
43952,40.36914,-80.7126,OH,Jefferson,Steubenville
43952,40.36914,-80.7126,OH,Jefferson,Wintersville
43953,40.376875,-80.700762,OH,Jefferson,Steubenville
43953,40.376875,-80.700762,OH,Jefferson,Wintersville
43961,40.518617,-80.627696,OH,Jefferson,Stratton
43962,40.677674,-80.886924,OH,Columbiana,Summitville
43963,40.174164,-80.69737,OH,Jefferson,Tiltonsville
43964,40.463811,-80.608335,OH,Jefferson,Toronto
43967,40.021742,-80.940084,OH,Belmont,Warnock
43968,40.62525,-80.66859,OH,Columbiana,Wellsville
43970,40.465643,-80.885986,OH,Jefferson,Wolf Run
43971,40.16416,-80.703781,OH,Jefferson,Yorkville
43972,40.100473,-80.975753,OH,Belmont,Bannock
43973,40.156554,-81.323349,OH,Harrison,Freeport
43974,40.179904,-80.884655,OH,Harrison,Harrisville
43976,40.366816,-80.90719,OH,Harrison,Hopedale
43977,40.128055,-81.070756,OH,Belmont,Flushing
43981,40.181824,-80.993551,OH,Harrison,New Athens
43983,40.141278,-81.19164,OH,Belmont,Piedmont
43984,40.399263,-81.033928,OH,Harrison,New Rumley
43985,40.161005,-81.127401,OH,Belmont,Holloway
43986,40.371767,-80.989071,OH,Harrison,Jewett
43988,40.377948,-81.121554,OH,Harrison,Scio
44001,41.369097,-82.253517,OH,Lorain,Amherst
44001,41.369097,-82.253517,OH,Lorain,Brownhelm
44001,41.369097,-82.253517,OH,Lorain,Henrietta
44001,41.369097,-82.253517,OH,Lorain,S Amherst
44001,41.369097,-82.253517,OH,Lorain,So Amherst
44001,41.369097,-82.253517,OH,Lorain,South Amherst
44001,41.369097,-82.253517,OH,Lorain,Vermilion
44003,41.627584,-80.585183,OH,Ashtabula,Andover
44003,41.627584,-80.585183,OH,Ashtabula,Cherry Valley
44003,41.627584,-80.585183,OH,Ashtabula,West Andover
44004,41.85054,-80.7774,OH,Ashtabula,Ashtabula
44004,41.85054,-80.7774,OH,Ashtabula,E Ashtabula
44004,41.85054,-80.7774,OH,Ashtabula,East Ashtabula
44004,41.85054,-80.7774,OH,Ashtabula,Edgewood
44004,41.85054,-80.7774,OH,Ashtabula,Plymouth Twp
44005,41.876001,-80.800053,OH,Ashtabula,Ashtabula
44010,41.760517,-80.850566,OH,Ashtabula,Austinburg
44011,41.448666,-82.021439,OH,Lorain,Avon
44012,41.494448,-82.020479,OH,Lorain,Avon Lake
44017,41.370214,-81.855911,OH,Cuyahoga,Berea
44021,41.452676,-81.155013,OH,Geauga,Burton
44022,41.438462,-81.418674,OH,Cuyahoga,Bentleyville
44022,41.438462,-81.418674,OH,Cuyahoga,Chagrin Falls
44022,41.438462,-81.418674,OH,Cuyahoga,Chagrin Township
44022,41.438462,-81.418674,OH,Cuyahoga,Hunting Valley
44022,41.438462,-81.418674,OH,Cuyahoga,Moreland Hills
44022,41.438462,-81.418674,OH,Cuyahoga,Moreland Hls
44022,41.438462,-81.418674,OH,Cuyahoga,Munson Twp
44022,41.438462,-81.418674,OH,Cuyahoga,Newbury Twp
44022,41.438462,-81.418674,OH,Cuyahoga,Orange
44022,41.438462,-81.418674,OH,Cuyahoga,Orange Village
44022,41.438462,-81.418674,OH,Cuyahoga,Russell Township
44022,41.438462,-81.418674,OH,Cuyahoga,South Russell
44023,41.390948,-81.336689,OH,Geauga,Auburn Township
44023,41.390948,-81.336689,OH,Geauga,Auburn Twp
44023,41.390948,-81.336689,OH,Geauga,Bainbridge Township
44023,41.390948,-81.336689,OH,Geauga,Chagrin Falls
44024,41.569436,-81.203372,OH,Geauga,Chardon
44024,41.569436,-81.203372,OH,Geauga,Concord Township
44024,41.569436,-81.203372,OH,Geauga,Concord Twp
44024,41.569436,-81.203372,OH,Geauga,Kirtland
44026,41.536632,-81.339554,OH,Geauga,Chesterland
44028,41.312086,-81.935671,OH,Lorain,Columbia Sta
44028,41.312086,-81.935671,OH,Lorain,Columbia Station
44028,41.312086,-81.935671,OH,Lorain,No Eaton
44030,41.931936,-80.581103,OH,Ashtabula,Conneaut
44030,41.931936,-80.581103,OH,Ashtabula,Conneaut Harbor
44030,41.931936,-80.581103,OH,Ashtabula,East Conneaut
44030,41.931936,-80.581103,OH,Ashtabula,Farnham
44030,41.931936,-80.581103,OH,Ashtabula,Kelloggsville
44030,41.931936,-80.581103,OH,Ashtabula,Monroe Center
44030,41.931936,-80.581103,OH,Ashtabula,Monroe Twp
44032,41.664055,-80.674035,OH,Ashtabula,Dorset
44033,41.54698,-81.101726,OH,Geauga,East Claridon
44035,41.370813,-82.114096,OH,Lorain,Elyria
44035,41.370813,-82.114096,OH,Lorain,N Ridgeville
44035,41.370813,-82.114096,OH,Lorain,North Ridgeville
44035,41.370813,-82.114096,OH,Lorain,Ridgeville
44035,41.370813,-82.114096,OH,Lorain,Sheffield Village
44035,41.370813,-82.114096,OH,Lorain,Sheffield Vlg
44036,41.367756,-82.098511,OH,Lorain,Elyria
44039,41.391979,-82.019396,OH,Lorain,Elyria
44039,41.391979,-82.019396,OH,Lorain,N Ridgeville
44039,41.391979,-82.019396,OH,Lorain,North Ridgeville
44040,41.527765,-81.412458,OH,Cuyahoga,Gates Mills
44040,41.527765,-81.412458,OH,Cuyahoga,Mayfield Village
44040,41.527765,-81.412458,OH,Cuyahoga,Mayfield Vlg
44041,41.786888,-80.957349,OH,Ashtabula,Geneva
44041,41.786888,-80.957349,OH,Ashtabula,Geneva on the Lake
44044,41.27082,-82.0458,OH,Lorain,Grafton
44044,41.27082,-82.0458,OH,Lorain,North Eaton
44045,41.738297,-81.279247,OH,Lake,Grand River
44046,41.536534,-81.062161,OH,Geauga,Huntsburg
44047,41.650287,-80.769918,OH,Ashtabula,Jefferson
44047,41.650287,-80.769918,OH,Ashtabula,Lenox
44047,41.650287,-80.769918,OH,Ashtabula,New Lyme
44048,41.86129,-80.65469,OH,Ashtabula,Kingsville
44049,41.269183,-82.305608,OH,Lorain,Kipton
44050,41.245712,-82.130046,OH,Lorain,Lagrange
44052,41.455994,-82.168713,OH,Lorain,Lorain
44053,41.428474,-82.204417,OH,Lorain,Lorain
44053,41.428474,-82.204417,OH,Lorain,Sheffield Twp
44054,41.47701,-82.098416,OH,Lorain,Lorain
44054,41.47701,-82.098416,OH,Lorain,Sheffield Lake
44054,41.47701,-82.098416,OH,Lorain,Sheffield Lk
44054,41.47701,-82.098416,OH,Lorain,Sheffield Twp
44054,41.47701,-82.098416,OH,Lorain,Sheffield Village
44054,41.47701,-82.098416,OH,Lorain,Sheffield Vlg
44055,41.43438,-82.13742,OH,Lorain,Lorain
44055,41.43438,-82.13742,OH,Lorain,Sheffield
44055,41.43438,-82.13742,OH,Lorain,South Lorain
44056,41.31372,-81.49614,OH,Summit,Macedonia
44056,41.31372,-81.49614,OH,Summit,Northfield
44057,41.77097,-81.058712,OH,Lake,Madison
44057,41.77097,-81.058712,OH,Lake,Madison-on-the-Lake
44057,41.77097,-81.058712,OH,Lake,North Madison
44057,41.77097,-81.058712,OH,Lake,South Madison
44060,41.72262,-81.35652,OH,Lake,Concord Twp
44060,41.72262,-81.35652,OH,Lake,Kirtland Hills
44060,41.72262,-81.35652,OH,Lake,Mentor
44060,41.72262,-81.35652,OH,Lake,Mentor on the
44060,41.72262,-81.35652,OH,Lake,Mentor on the Lake
44060,41.72262,-81.35652,OH,Lake,Mol
44061,41.688236,-81.332823,OH,Lake,Mentor
44062,41.446501,-81.015275,OH,Geauga,Middlefield
44064,41.597486,-81.050426,OH,Geauga,Montville
44065,41.464982,-81.23849,OH,Geauga,Newbury
44067,41.316627,-81.548365,OH,Summit,Macedonia
44067,41.316627,-81.548365,OH,Summit,Northfield
44067,41.316627,-81.548365,OH,Summit,Northfield Center
44067,41.316627,-81.548365,OH,Summit,Northfield Village
44067,41.316627,-81.548365,OH,Summit,Sagamore Hills
44067,41.316627,-81.548365,OH,Summit,Sagamore Hls
44068,41.905833,-80.690556,OH,Ashtabula,Kingsville
44068,41.905833,-80.690556,OH,Ashtabula,N Kingsville
44068,41.905833,-80.690556,OH,Ashtabula,North Kingsville
44070,41.421789,-81.918009,OH,Cuyahoga,North Olmsted
44072,41.4723,-81.33522,OH,Geauga,Novelty
44072,41.4723,-81.33522,OH,Geauga,Russell
44072,41.4723,-81.33522,OH,Geauga,Russell Township
44073,41.466851,-81.339894,OH,Geauga,Asm International
44073,41.466851,-81.339894,OH,Geauga,Materials Park
44073,41.466851,-81.339894,OH,Geauga,Novelty
44074,41.286311,-82.234157,OH,Lorain,Elyria
44074,41.286311,-82.234157,OH,Lorain,New Russia Township
44074,41.286311,-82.234157,OH,Lorain,Oberlin
44076,41.532299,-80.830144,OH,Ashtabula,East Orwell
44076,41.532299,-80.830144,OH,Ashtabula,Orwell
44077,41.75,-81.283333,OH,Lake,Concord Twp
44077,41.75,-81.283333,OH,Lake,Fairport Harbor
44077,41.75,-81.283333,OH,Lake,Fairport Hbr
44077,41.75,-81.283333,OH,Lake,Painesville
44080,41.370196,-81.065945,OH,Geauga,Parkman
44081,41.765861,-81.146611,OH,Lake,North Perry
44081,41.765861,-81.146611,OH,Lake,Perry
44082,41.762768,-80.563672,OH,Ashtabula,Pierpont
44084,41.666663,-80.872296,OH,Ashtabula,Roaming Shores
44084,41.666663,-80.872296,OH,Ashtabula,Roaming Shrs
44084,41.666663,-80.872296,OH,Ashtabula,Rock Creek
44085,41.615188,-80.856141,OH,Ashtabula,Hartsgrove
44085,41.615188,-80.856141,OH,Ashtabula,New Lyme
44085,41.615188,-80.856141,OH,Ashtabula,Roaming Rock Shores
44085,41.615188,-80.856141,OH,Ashtabula,Roaming Shores
44085,41.615188,-80.856141,OH,Ashtabula,Roaming Shrs
44085,41.615188,-80.856141,OH,Ashtabula,Rome
44086,41.677794,-81.052903,OH,Geauga,Thompson
44087,41.322813,-81.453825,OH,Summit,Twinsburg
44088,41.779353,-81.007653,OH,Ashtabula,Unionville
44089,41.406313,-82.382678,OH,Erie,Beulah Beach
44089,41.406313,-82.382678,OH,Erie,Linwood Park
44089,41.406313,-82.382678,OH,Erie,Vermilion
44089,41.406313,-82.382678,OH,Erie,Vermilion on the Lake
44090,41.15538,-82.20684,OH,Lorain,Rochester
44090,41.15538,-82.20684,OH,Lorain,Wellington
44092,41.603368,-81.464859,OH,Lake,Wickliffe
44092,41.603368,-81.464859,OH,Lake,Willoughby Hills
44092,41.603368,-81.464859,OH,Lake,Willowick
44093,41.528936,-80.609192,OH,Ashtabula,Wayne
44093,41.528936,-80.609192,OH,Ashtabula,Williamsfield
44094,41.637224,-81.418352,OH,Lake,Kirtland
44094,41.637224,-81.418352,OH,Lake,Kirtland Hills
44094,41.637224,-81.418352,OH,Lake,Waite Hill
44094,41.637224,-81.418352,OH,Lake,Willoughby
44094,41.637224,-81.418352,OH,Lake,Willoughby Hills
44094,41.637224,-81.418352,OH,Lake,Willowick
44095,41.65481,-81.440913,OH,Lake,Eastlake
44095,41.65481,-81.440913,OH,Lake,Lakeline
44095,41.65481,-81.440913,OH,Lake,Timberlake
44095,41.65481,-81.440913,OH,Lake,Willoughby
44095,41.65481,-81.440913,OH,Lake,Willowick
44096,41.646617,-81.408728,OH,Lake,Willoughby
44097,41.651449,-81.44878,OH,Lake,Eastlake
44097,41.651449,-81.44878,OH,Lake,Willoughby
44099,41.561142,-80.96699,OH,Ashtabula,Windsor
44099,41.561142,-80.96699,OH,Ashtabula,Windsor Mills
44101,41.494043,-81.669403,OH,Cuyahoga,Cleveland
44102,41.470294,-81.737685,OH,Cuyahoga,Cleveland
44103,41.511131,-81.637887,OH,Cuyahoga,Cleveland
44104,41.484079,-81.629568,OH,Cuyahoga,Cleveland
44105,41.452479,-81.625585,OH,Cuyahoga,Cleveland
44105,41.452479,-81.625585,OH,Cuyahoga,Cuyahoga Heights
44105,41.452479,-81.625585,OH,Cuyahoga,Garfield Heights
44105,41.452479,-81.625585,OH,Cuyahoga,Garfield Hts
44105,41.452479,-81.625585,OH,Cuyahoga,Newburgh Heights
44105,41.452479,-81.625585,OH,Cuyahoga,Newburgh Hts
44106,41.505132,-81.607134,OH,Cuyahoga,Cleveland
44106,41.505132,-81.607134,OH,Cuyahoga,Cleveland Heights
44106,41.505132,-81.607134,OH,Cuyahoga,Cleveland Hts
44107,41.482343,-81.794563,OH,Cuyahoga,Cleveland
44107,41.482343,-81.794563,OH,Cuyahoga,Edgewater
44107,41.482343,-81.794563,OH,Cuyahoga,Lakewood
44108,41.539143,-81.611674,OH,Cuyahoga,Bratenahl
44108,41.539143,-81.611674,OH,Cuyahoga,Cleveland
44109,41.450419,-81.7019,OH,Cuyahoga,Brooklyn Heights
44109,41.450419,-81.7019,OH,Cuyahoga,Cleveland
44110,41.565195,-81.5671,OH,Cuyahoga,Cleveland
44110,41.565195,-81.5671,OH,Cuyahoga,E Cleveland
44110,41.565195,-81.5671,OH,Cuyahoga,East Cleveland
44111,41.459888,-81.784804,OH,Cuyahoga,Cleveland
44112,41.534374,-81.574679,OH,Cuyahoga,Cleveland
44112,41.534374,-81.574679,OH,Cuyahoga,Cleveland Heights
44112,41.534374,-81.574679,OH,Cuyahoga,Cleveland Hts
44112,41.534374,-81.574679,OH,Cuyahoga,E Cleveland
44112,41.534374,-81.574679,OH,Cuyahoga,East Cleveland
44113,41.48285,-81.694321,OH,Cuyahoga,Cleveland
44114,41.508496,-81.675394,OH,Cuyahoga,Cleveland
44115,41.496936,-81.6742,OH,Cuyahoga,Cleveland
44116,41.46924,-81.66582,OH,Cuyahoga,Cleveland
44116,41.46924,-81.66582,OH,Cuyahoga,Rocky River
44117,41.56963,-81.525168,OH,Cuyahoga,Cleveland
44117,41.56963,-81.525168,OH,Cuyahoga,Euclid
44118,41.498766,-81.554594,OH,Cuyahoga,Cleveland
44118,41.498766,-81.554594,OH,Cuyahoga,Cleveland Heights
44118,41.498766,-81.554594,OH,Cuyahoga,Cleveland Hts
44118,41.498766,-81.554594,OH,Cuyahoga,E Cleveland
44118,41.498766,-81.554594,OH,Cuyahoga,East Cleveland
44118,41.498766,-81.554594,OH,Cuyahoga,Shaker Heights
44118,41.498766,-81.554594,OH,Cuyahoga,Shaker Hts
44118,41.498766,-81.554594,OH,Cuyahoga,South Euclid
44118,41.498766,-81.554594,OH,Cuyahoga,University Heights
44118,41.498766,-81.554594,OH,Cuyahoga,University Ht
44118,41.498766,-81.554594,OH,Cuyahoga,University Hts
44119,41.586699,-81.547659,OH,Cuyahoga,Cleveland
44119,41.586699,-81.547659,OH,Cuyahoga,Euclid
44120,41.472129,-81.578028,OH,Cuyahoga,Cleveland
44120,41.472129,-81.578028,OH,Cuyahoga,Shaker Heights
44120,41.472129,-81.578028,OH,Cuyahoga,Shaker Hts
44121,41.52,-81.556389,OH,Cuyahoga,Cleveland
44121,41.52,-81.556389,OH,Cuyahoga,Cleveland Heights
44121,41.52,-81.556389,OH,Cuyahoga,Cleveland Hts
44121,41.52,-81.556389,OH,Cuyahoga,South Euclid
44122,41.468177,-81.514037,OH,Cuyahoga,Beachwood
44122,41.468177,-81.514037,OH,Cuyahoga,Cleveland
44122,41.468177,-81.514037,OH,Cuyahoga,Highland Hills
44122,41.468177,-81.514037,OH,Cuyahoga,Highland Hls
44122,41.468177,-81.514037,OH,Cuyahoga,Orange Village
44122,41.468177,-81.514037,OH,Cuyahoga,Pepper Pike
44122,41.468177,-81.514037,OH,Cuyahoga,Shaker Heights
44122,41.468177,-81.514037,OH,Cuyahoga,Shaker Hts
44122,41.468177,-81.514037,OH,Cuyahoga,University Heights
44122,41.468177,-81.514037,OH,Cuyahoga,University Ht
44122,41.468177,-81.514037,OH,Cuyahoga,Warrensville Heights
44122,41.468177,-81.514037,OH,Cuyahoga,Warrensville Hts
44122,41.468177,-81.514037,OH,Cuyahoga,Warrensvl Hts
44122,41.468177,-81.514037,OH,Cuyahoga,Woodmere
44123,41.593056,-81.526944,OH,Cuyahoga,Cleveland
44123,41.593056,-81.526944,OH,Cuyahoga,Euclid
44123,41.593056,-81.526944,OH,Cuyahoga,Shore
44124,41.49828,-81.64374,OH,Cuyahoga,Cleveland
44124,41.49828,-81.64374,OH,Cuyahoga,Lyn May
44124,41.49828,-81.64374,OH,Cuyahoga,Lyndhurst
44124,41.49828,-81.64374,OH,Cuyahoga,Lyndhurst Mayfield
44124,41.49828,-81.64374,OH,Cuyahoga,Mayfield
44124,41.49828,-81.64374,OH,Cuyahoga,Mayfield Heights
44124,41.49828,-81.64374,OH,Cuyahoga,Mayfield Hts
44124,41.49828,-81.64374,OH,Cuyahoga,Pepper Pike
44125,41.435278,-81.6575,OH,Cuyahoga,Cleveland
44125,41.435278,-81.6575,OH,Cuyahoga,Cuyahoga Heights
44125,41.435278,-81.6575,OH,Cuyahoga,Garfield
44125,41.435278,-81.6575,OH,Cuyahoga,Garfield Heights
44125,41.435278,-81.6575,OH,Cuyahoga,Garfield Hts
44125,41.435278,-81.6575,OH,Cuyahoga,Valley View
44126,41.446483,-81.856757,OH,Cuyahoga,Cleveland
44126,41.446483,-81.856757,OH,Cuyahoga,Fairview Park
44126,41.446483,-81.856757,OH,Cuyahoga,Fairview Pk
44126,41.446483,-81.856757,OH,Cuyahoga,Parkview
44127,41.47203,-81.650481,OH,Cuyahoga,Cleveland
44127,41.47203,-81.650481,OH,Cuyahoga,Cuyahoga Heights
44127,41.47203,-81.650481,OH,Cuyahoga,Cuyahoga Hts
44127,41.47203,-81.650481,OH,Cuyahoga,Newburgh Heights
44127,41.47203,-81.650481,OH,Cuyahoga,Newburgh Hts
44128,41.441144,-81.545858,OH,Cuyahoga,Bedford Heights
44128,41.441144,-81.545858,OH,Cuyahoga,Bedford Hts
44128,41.441144,-81.545858,OH,Cuyahoga,Cleveland
44128,41.441144,-81.545858,OH,Cuyahoga,Garfield Heights
44128,41.441144,-81.545858,OH,Cuyahoga,Garfield Hts
44128,41.441144,-81.545858,OH,Cuyahoga,Highland Hills
44128,41.441144,-81.545858,OH,Cuyahoga,Highland Hls
44128,41.441144,-81.545858,OH,Cuyahoga,North Randall
44128,41.441144,-81.545858,OH,Cuyahoga,Orange Village
44128,41.441144,-81.545858,OH,Cuyahoga,Warrensville Heights
44128,41.441144,-81.545858,OH,Cuyahoga,Warrensville Hts
44128,41.441144,-81.545858,OH,Cuyahoga,Warrensvl Hts
44129,41.38644,-81.7377,OH,Cuyahoga,Cleveland
44129,41.38644,-81.7377,OH,Cuyahoga,Parma
44130,41.380101,-81.785719,OH,Cuyahoga,Cleveland
44130,41.380101,-81.785719,OH,Cuyahoga,Middlebrg Hts
44130,41.380101,-81.785719,OH,Cuyahoga,Middleburg Heights
44130,41.380101,-81.785719,OH,Cuyahoga,Middleburg Hts
44130,41.380101,-81.785719,OH,Cuyahoga,Midpark
44130,41.380101,-81.785719,OH,Cuyahoga,Parma
44130,41.380101,-81.785719,OH,Cuyahoga,Parma Heights
44131,41.384643,-81.657442,OH,Cuyahoga,Brooklyn Heights
44131,41.384643,-81.657442,OH,Cuyahoga,Brooklyn Hts
44131,41.384643,-81.657442,OH,Cuyahoga,Cleveland
44131,41.384643,-81.657442,OH,Cuyahoga,Independence
44131,41.384643,-81.657442,OH,Cuyahoga,Parma
44131,41.384643,-81.657442,OH,Cuyahoga,Seven Hills
44131,41.384643,-81.657442,OH,Cuyahoga,Valley View
44132,41.606668,-81.50085,OH,Cuyahoga,Cleveland
44132,41.606668,-81.50085,OH,Cuyahoga,Euclid
44132,41.606668,-81.50085,OH,Cuyahoga,Noble
44133,41.315718,-81.741271,OH,Cuyahoga,Cleveland
44133,41.315718,-81.741271,OH,Cuyahoga,N Royalton
44133,41.315718,-81.741271,OH,Cuyahoga,North Royalton
44133,41.315718,-81.741271,OH,Cuyahoga,Parma
44134,41.387185,-81.702198,OH,Cuyahoga,Briggs
44134,41.387185,-81.702198,OH,Cuyahoga,Cleveland
44134,41.387185,-81.702198,OH,Cuyahoga,Parma
44135,41.434425,-81.80182,OH,Cuyahoga,Cleveland
44135,41.434425,-81.80182,OH,Cuyahoga,Linndale
44135,41.434425,-81.80182,OH,Cuyahoga,Puritas Pk
44135,41.434425,-81.80182,OH,Cuyahoga,Riveredge
44136,41.31288,-81.83472,OH,Cuyahoga,Cleveland
44136,41.31288,-81.83472,OH,Cuyahoga,Strongsville
44137,41.409495,-81.558216,OH,Cuyahoga,Cleveland
44137,41.409495,-81.558216,OH,Cuyahoga,Maple Heights
44137,41.409495,-81.558216,OH,Cuyahoga,Maple Hts
44138,41.378304,-81.918914,OH,Cuyahoga,Cleveland
44138,41.378304,-81.918914,OH,Cuyahoga,Olmsted Falls
44138,41.378304,-81.918914,OH,Cuyahoga,Olmsted Twp
44139,41.392321,-81.444888,OH,Cuyahoga,Cleveland
44139,41.392321,-81.444888,OH,Cuyahoga,Glenwillow
44139,41.392321,-81.444888,OH,Cuyahoga,Solon
44140,41.48982,-81.92148,OH,Cuyahoga,Bay Village
44140,41.48982,-81.92148,OH,Cuyahoga,Cleveland
44141,41.30832,-81.62076,OH,Cuyahoga,Brecksville
44141,41.30832,-81.62076,OH,Cuyahoga,Cleveland
44142,41.398708,-81.832392,OH,Cuyahoga,Brook Park
44142,41.398708,-81.832392,OH,Cuyahoga,Brookpark
44142,41.398708,-81.832392,OH,Cuyahoga,Cleveland
44143,41.555719,-81.479949,OH,Cuyahoga,Cleveland
44143,41.555719,-81.479949,OH,Cuyahoga,Euclid
44143,41.555719,-81.479949,OH,Cuyahoga,Highland Heights
44143,41.555719,-81.479949,OH,Cuyahoga,Highland Hgts
44143,41.555719,-81.479949,OH,Cuyahoga,Highland Hts
44143,41.555719,-81.479949,OH,Cuyahoga,Mayfield
44143,41.555719,-81.479949,OH,Cuyahoga,Mayfield Hts
44143,41.555719,-81.479949,OH,Cuyahoga,Mayfield Village
44143,41.555719,-81.479949,OH,Cuyahoga,Mayfield Vlg
44143,41.555719,-81.479949,OH,Cuyahoga,Richmond Heights
44143,41.555719,-81.479949,OH,Cuyahoga,Richmond Hts
44144,41.437456,-81.744047,OH,Cuyahoga,Brooklyn
44144,41.437456,-81.744047,OH,Cuyahoga,Cleveland
44145,41.450401,-81.925054,OH,Cuyahoga,Cleveland
44145,41.450401,-81.925054,OH,Cuyahoga,Westlake
44146,41.38669,-81.527124,OH,Cuyahoga,Bedford
44146,41.38669,-81.527124,OH,Cuyahoga,Bedford Heights
44146,41.38669,-81.527124,OH,Cuyahoga,Bedford Hts
44146,41.38669,-81.527124,OH,Cuyahoga,Cleveland
44146,41.38669,-81.527124,OH,Cuyahoga,Oakwood Village
44146,41.38669,-81.527124,OH,Cuyahoga,Oakwood Vlg
44146,41.38669,-81.527124,OH,Cuyahoga,Orange Village
44146,41.38669,-81.527124,OH,Cuyahoga,Walton Hills
44147,41.320684,-81.676508,OH,Cuyahoga,Broadview Heights
44147,41.320684,-81.676508,OH,Cuyahoga,Broadview Hts
44147,41.320684,-81.676508,OH,Cuyahoga,Cleveland
44149,41.308372,-81.856213,OH,Cuyahoga,Cleveland
44149,41.308372,-81.856213,OH,Cuyahoga,Strongsville
44178,41.502535,-81.695671,OH,Cuyahoga,Cleve Elec Ill Co
44178,41.502535,-81.695671,OH,Cuyahoga,Cleveland
44178,41.502535,-81.695671,OH,Cuyahoga,Cleveland Elec Ill Co
44181,41.46138,-81.78691,OH,Cuyahoga,Cleveland
44185,41.499586,-81.688911,OH,Cuyahoga,Ameritrust Card Center
44185,41.499586,-81.688911,OH,Cuyahoga,Cleveland
44188,41.400504,-81.826781,OH,Cuyahoga,Cleveland
44188,41.400504,-81.826781,OH,Cuyahoga,Firestone Tire & Rub Co
44189,41.477144,-81.741229,OH,Cuyahoga,Cleveland
44189,41.477144,-81.741229,OH,Cuyahoga,Ohio Lottery
44190,41.503501,-81.62116,OH,Cuyahoga,Ameritrust Bank
44190,41.503501,-81.62116,OH,Cuyahoga,Cleveland
44191,41.48468,-81.702744,OH,Cuyahoga,Cleveland
44191,41.48468,-81.702744,OH,Cuyahoga,Key Corp
44192,41.50172,-81.686437,OH,Cuyahoga,Cleveland
44192,41.50172,-81.686437,OH,Cuyahoga,Huntington Bank
44193,41.502884,-81.695421,OH,Cuyahoga,Cleveland
44193,41.502884,-81.695421,OH,Cuyahoga,National City Bank
44194,41.516028,-81.672288,OH,Cuyahoga,Cleveland
44194,41.516028,-81.672288,OH,Cuyahoga,Key Bank
44195,41.502183,-81.619647,OH,Cuyahoga,Cleveland
44195,41.502183,-81.619647,OH,Cuyahoga,Cleveland Clinic Foundation
44197,41.480998,-81.681696,OH,Cuyahoga,BRM Unique Firm ZIP
44197,41.480998,-81.681696,OH,Cuyahoga,Cleveland
44198,41.493668,-81.676246,OH,Cuyahoga,Cleveland
44198,41.493668,-81.676246,OH,Cuyahoga,Unique Firm Zip
44199,41.505351,-81.693427,OH,Cuyahoga,Cleveland
44201,41.023195,-81.197179,OH,Portage,Atwater
44202,41.314774,-81.345613,OH,Portage,Aurora
44202,41.314774,-81.345613,OH,Portage,Reminderville
44203,41.014711,-81.6145,OH,Summit,Barb
44203,41.014711,-81.6145,OH,Summit,Barberton
44203,41.014711,-81.6145,OH,Summit,Norton
44210,41.188919,-81.629751,OH,Summit,Bath
44211,41.170383,-81.316819,OH,Portage,Brady Lake
44212,41.248756,-81.828533,OH,Medina,Brunswick
44214,40.946706,-81.998141,OH,Wayne,Burbank
44215,41.068001,-81.904211,OH,Medina,Briarwood Beach
44215,41.068001,-81.904211,OH,Medina,Chippewa Lake
44215,41.068001,-81.904211,OH,Medina,Chippewa on the Lake
44215,41.068001,-81.904211,OH,Medina,Gloria Glens
44215,41.068001,-81.904211,OH,Medina,Medina
44216,40.938924,-81.580189,OH,Summit,Clinton
44217,40.961849,-81.906308,OH,Wayne,Creston
44221,41.142424,-81.472891,OH,Summit,Cuyahoga Falls
44221,41.142424,-81.472891,OH,Summit,Cuyahoga Fls
44222,41.135336,-81.483106,OH,Summit,Cuyahoga Falls
44222,41.135336,-81.483106,OH,Summit,Cuyahoga Fls
44223,41.145747,-81.518239,OH,Summit,Cuyahoga Falls
44223,41.145747,-81.518239,OH,Summit,Cuyahoga Fls
44224,41.1735,-81.4497,OH,Summit,Cuyahoga Falls
44224,41.1735,-81.4497,OH,Summit,Cuyahoga Fls
44224,41.1735,-81.4497,OH,Summit,Silver Lake
44224,41.1735,-81.4497,OH,Summit,Stow
44230,40.96572,-81.687944,OH,Wayne,Doylestown
44231,41.29932,-81.07302,OH,Portage,Garrettsville
44231,41.29932,-81.07302,OH,Portage,Nelson
44232,40.9458,-81.4833,OH,Summit,Green
44232,40.9458,-81.4833,OH,Summit,Greensburg
44233,41.239897,-81.729713,OH,Medina,Hinckley
44234,41.313003,-81.156535,OH,Portage,Hiram
44235,41.037145,-82.120441,OH,Medina,Homerville
44236,41.246532,-81.439256,OH,Summit,Hudson
44237,41.254965,-81.481388,OH,Summit,Allstate Ins Co
44237,41.254965,-81.481388,OH,Summit,Hudson
44240,41.152005,-81.325997,OH,Portage,Kent
44241,41.248684,-81.345809,OH,Portage,Streetsboro
44242,41.146742,-81.362684,OH,Portage,Kent
44242,41.146742,-81.362684,OH,Portage,Kent State University
44243,41.136498,-81.341458,OH,Portage,Kent
44250,41.020998,-81.434099,OH,Summit,Lakemore
44251,41.027952,-81.938348,OH,Medina,Westfield Center
44251,41.027952,-81.938348,OH,Medina,Westfield Ctr
44253,41.167635,-82.032477,OH,Medina,Litchfield
44254,41.041984,-82.015606,OH,Medina,Lodi
44255,41.30088,-81.22986,OH,Portage,Mantua
44255,41.30088,-81.22986,OH,Portage,Shalersville
44256,41.134844,-81.860472,OH,Medina,Chatham
44256,41.134844,-81.860472,OH,Medina,Medina
44258,41.101605,-82.12428,OH,Medina,Medina
44260,41.036803,-81.348875,OH,Portage,Mogadore
44260,41.036803,-81.348875,OH,Portage,Suffield
44262,41.142981,-81.439172,OH,Summit,Munroe Falls
44264,41.23242,-81.553757,OH,Summit,Everett
44264,41.23242,-81.553757,OH,Summit,Peninsula
44265,41.019515,-81.302392,OH,Portage,Randolph
44266,41.159227,-81.233714,OH,Portage,Black Horse
44266,41.159227,-81.233714,OH,Portage,Campbellsport
44266,41.159227,-81.233714,OH,Portage,Charlestown
44266,41.159227,-81.233714,OH,Portage,Proctor
44266,41.159227,-81.233714,OH,Portage,Ravenna
44270,40.9525,-81.735556,OH,Wayne,Easton
44270,40.9525,-81.735556,OH,Wayne,Rittman
44272,41.09713,-81.216588,OH,Portage,Edinburg
44272,41.09713,-81.216588,OH,Portage,Rootstown
44273,41.027572,-81.883128,OH,Medina,Blake
44273,41.027572,-81.883128,OH,Medina,Guilford
44273,41.027572,-81.883128,OH,Medina,Seville
44274,41.096432,-81.738688,OH,Medina,Sharon Center
44275,41.101074,-82.102809,OH,Medina,River Corners
44275,41.101074,-82.102809,OH,Medina,Spencer
44276,40.940184,-81.834331,OH,Wayne,Sterling
44278,41.095652,-81.429879,OH,Summit,Tallmadge
44280,41.238919,-81.917158,OH,Medina,Valley City
44281,41.029624,-81.733414,OH,Medina,Wadsworth
44282,41.027604,-81.727651,OH,Medina,Wadsworth
44285,41.160687,-81.067897,OH,Portage,Wayland
44286,41.231451,-81.641199,OH,Summit,Richfield
44286,41.231451,-81.641199,OH,Summit,Richfield Heights
44286,41.231451,-81.641199,OH,Summit,West Richfield
44287,40.925833,-82.053056,OH,Wayne,Albion
44287,40.925833,-82.053056,OH,Wayne,Congress
44287,40.925833,-82.053056,OH,Wayne,Lattasburg
44287,40.925833,-82.053056,OH,Wayne,Pleasant Home
44287,40.925833,-82.053056,OH,Wayne,West Salem
44288,41.242226,-81.056024,OH,Portage,Drakesburg
44288,41.242226,-81.056024,OH,Portage,Freedom
44288,41.242226,-81.056024,OH,Portage,Windham
44301,41.043261,-81.521198,OH,Summit,Akron
44301,41.043261,-81.521198,OH,Summit,Firestone Park
44302,41.092067,-81.539665,OH,Summit,Akron
44303,41.102498,-81.53499,OH,Summit,Akron
44304,41.082751,-81.50955,OH,Summit,Akron
44305,41.07376,-81.465332,OH,Summit,Akron
44305,41.07376,-81.465332,OH,Summit,East Akron
44306,41.047753,-81.488189,OH,Summit,Akron
44306,41.047753,-81.488189,OH,Summit,South Arlington
44307,41.067235,-81.547576,OH,Summit,Akron
44307,41.067235,-81.547576,OH,Summit,West Akron
44308,41.081525,-81.518551,OH,Summit,Akron
44309,41.099536,-81.514473,OH,Summit,Akron
44310,41.106498,-81.497681,OH,Summit,Akron
44310,41.106498,-81.497681,OH,Summit,Chapel Hill Mall
44310,41.106498,-81.497681,OH,Summit,North Hill
44311,41.060965,-81.521953,OH,Summit,Akron
44312,41.029977,-81.439236,OH,Summit,Akron
44312,41.029977,-81.439236,OH,Summit,Ellet
44313,41.134604,-81.59571,OH,Summit,Akron
44313,41.134604,-81.59571,OH,Summit,Fairlawn
44314,41.042156,-81.557464,OH,Summit,Akron
44314,41.042156,-81.557464,OH,Summit,Kenmore
44315,41.037729,-81.483085,OH,Summit,Akron
44315,41.037729,-81.483085,OH,Summit,Loral Systems
44316,41.079334,-81.472767,OH,Summit,Akron
44316,41.079334,-81.472767,OH,Summit,Goodyear Tire
44317,41.045074,-81.526198,OH,Summit,Akron
44317,41.045074,-81.526198,OH,Summit,Firestone Tire
44319,40.987174,-81.531004,OH,Summit,Akron
44320,41.081335,-81.573558,OH,Summit,Akron
44320,41.081335,-81.573558,OH,Summit,Maple Valley
44321,41.104382,-81.650553,OH,Summit,Akron
44321,41.104382,-81.650553,OH,Summit,Copley
44322,41.07763,-81.583708,OH,Summit,Akron
44325,41.076672,-81.510338,OH,Summit,Akron
44325,41.076672,-81.510338,OH,Summit,Univ of Akron
44326,41.083101,-81.517487,OH,Summit,Akron
44326,41.083101,-81.517487,OH,Summit,Akron Public Lib
44328,41.087158,-81.506914,OH,Summit,Akron
44328,41.087158,-81.506914,OH,Summit,Akron Beacon Journal
44333,41.15604,-81.63774,OH,Summit,Akron
44333,41.15604,-81.63774,OH,Summit,Fairlawn
44333,41.15604,-81.63774,OH,Summit,Montrose
44334,41.079338,-81.516616,OH,Summit,Akron
44334,41.079338,-81.516616,OH,Summit,Fairlawn
44372,41.150868,-81.608894,OH,Summit,Akron
44393,41.085476,-81.507927,OH,Summit,Akron
44393,41.085476,-81.507927,OH,Summit,Roadway Express
44396,41.065643,-81.520817,OH,Summit,Akron
44396,41.065643,-81.520817,OH,Summit,Target
44398,41.081679,-81.507276,OH,Summit,Akron
44398,41.081679,-81.507276,OH,Summit,Akron Business Reply
44398,41.081679,-81.507276,OH,Summit,Fairlawn
44399,41.087432,-81.515568,OH,Summit,Akron
44399,41.087432,-81.515568,OH,Summit,Ohio Edison Co
44401,41.03572,-80.951296,OH,Mahoning,Berlin Center
44402,41.38039,-80.859104,OH,Trumbull,Bristolville
44403,41.236682,-80.577887,OH,Trumbull,Brookfield
44403,41.236682,-80.577887,OH,Trumbull,Yankee Lake
44404,41.335819,-80.548258,OH,Trumbull,Burghill
44405,41.075132,-80.589868,OH,Mahoning,Campbell
44406,41.029535,-80.757209,OH,Mahoning,Canfield
44408,40.873824,-80.681892,OH,Columbiana,Columbiana
44410,41.331036,-80.729796,OH,Trumbull,Bazetta
44410,41.331036,-80.729796,OH,Trumbull,Cortland
44410,41.331036,-80.729796,OH,Trumbull,Mecca
44410,41.331036,-80.729796,OH,Trumbull,West Mecca
44411,41.021628,-81.042585,OH,Portage,Deerfield
44411,41.021628,-81.042585,OH,Portage,Yale
44412,41.095854,-81.042337,OH,Portage,Diamond
44413,40.838445,-80.548361,OH,Columbiana,E Palestine
44413,40.838445,-80.548361,OH,Columbiana,East Palestine
44415,40.770882,-80.691391,OH,Columbiana,Elkton
44416,41.025292,-80.858693,OH,Mahoning,Ellsworth
44417,41.42579,-80.661237,OH,Trumbull,Farmdale
44417,41.42579,-80.661237,OH,Trumbull,Gustavus
44417,41.42579,-80.661237,OH,Trumbull,Mayburn Corners
44418,41.302457,-80.606765,OH,Trumbull,Fowler
44420,41.157789,-80.68793,OH,Trumbull,Girard
44422,40.945019,-80.792061,OH,Mahoning,Greenford
44423,40.765396,-80.906383,OH,Columbiana,Hanoverton
44423,40.765396,-80.906383,OH,Columbiana,New Garden
44424,41.317268,-80.569501,OH,Trumbull,Hartford
44425,41.163813,-80.581187,OH,Trumbull,Hubbard
44427,40.732793,-80.953074,OH,Columbiana,Kensington
44428,41.437474,-80.580228,OH,Trumbull,Kinsman
44428,41.437474,-80.580228,OH,Trumbull,Vernon
44429,41.101255,-80.981944,OH,Mahoning,Craig Beach
44429,41.101255,-80.981944,OH,Mahoning,Lake Milton
44430,41.239301,-80.887941,OH,Trumbull,Leavittsburg
44431,40.860443,-80.75483,OH,Columbiana,Leetonia
44432,40.761443,-80.762546,OH,Columbiana,Lisbon
44436,41.051961,-80.544699,OH,Mahoning,Coitsville
44436,41.051961,-80.544699,OH,Mahoning,Lowellville
44437,41.158569,-80.732639,OH,Trumbull,Mc Donald
44438,41.225733,-80.533137,OH,Trumbull,Masury
44439,41.464411,-80.950412,OH,Trumbull,Mesopotamia
44440,41.1431,-80.774484,OH,Trumbull,Mineral Ridge
44441,40.771152,-80.555526,OH,Columbiana,Negley
44442,40.965625,-80.556678,OH,Mahoning,New Middletown
44442,40.965625,-80.556678,OH,Mahoning,New Middletwn
44443,40.928502,-80.596676,OH,Mahoning,New Springfield
44443,40.928502,-80.596676,OH,Mahoning,New Springfld
44444,41.185982,-80.96761,OH,Trumbull,Braceville
44444,41.185982,-80.96761,OH,Trumbull,Newton Falls
44445,40.848035,-80.61983,OH,Columbiana,New Waterford
44446,41.184692,-80.748967,OH,Trumbull,Niles
44449,40.997024,-81.026963,OH,Portage,North Benton
44450,41.46078,-80.83044,OH,Trumbull,Greene
44450,41.46078,-80.83044,OH,Trumbull,Lockwood
44450,41.46078,-80.83044,OH,Trumbull,N Bloomfield
44450,41.46078,-80.83044,OH,Trumbull,North Bloomfield
44450,41.46078,-80.83044,OH,Trumbull,Oakfield
44451,41.078419,-80.867992,OH,Mahoning,North Jackson
44452,40.952505,-80.658498,OH,Mahoning,North Lima
44453,41.336016,-80.526283,OH,Trumbull,Orangeville
44454,40.919478,-80.537955,OH,Mahoning,Petersburg
44455,40.779315,-80.606133,OH,Columbiana,Clarkson
44455,40.779315,-80.606133,OH,Columbiana,Rogers
44460,40.886216,-80.871563,OH,Columbiana,Patmos
44460,40.886216,-80.871563,OH,Columbiana,Salem
44470,41.29965,-80.950333,OH,Trumbull,Southington
44471,41.051161,-80.592557,OH,Mahoning,Struthers
44473,41.237908,-80.662007,OH,Trumbull,Vienna
44481,41.24142,-80.85708,OH,Trumbull,Lordstown
44481,41.24142,-80.85708,OH,Trumbull,Warren
44482,41.194253,-80.827465,OH,Trumbull,Warren
44483,41.27814,-80.8173,OH,Trumbull,Champion
44483,41.27814,-80.8173,OH,Trumbull,Warren
44484,41.231245,-80.762228,OH,Trumbull,Howland
44484,41.231245,-80.762228,OH,Trumbull,Warren
44485,41.235976,-80.843944,OH,Trumbull,Warren
44486,41.300597,-80.844183,OH,Trumbull,Packard Elec Co Div Gm
44486,41.300597,-80.844183,OH,Trumbull,Warren
44488,41.240195,-80.81939,OH,Trumbull,Business Reply
44488,41.240195,-80.81939,OH,Trumbull,Warren
44490,40.899998,-80.761464,OH,Columbiana,Washingtonville
44490,40.899998,-80.761464,OH,Columbiana,Washingtonvle
44491,41.368536,-80.963139,OH,Trumbull,W Farmington
44491,41.368536,-80.963139,OH,Trumbull,West Farmington
44492,40.707961,-80.702205,OH,Columbiana,West Point
44493,40.823075,-80.89826,OH,Columbiana,Winona
44501,41.097395,-80.661703,OH,Mahoning,Youngstown
44502,41.084949,-80.6391,OH,Mahoning,Youngstown
44503,41.097435,-80.652249,OH,Mahoning,Youngstown
44504,41.12282,-80.656988,OH,Mahoning,Youngstown
44505,41.112602,-80.609229,OH,Mahoning,Youngstown
44506,41.098383,-80.625881,OH,Mahoning,Youngstown
44507,41.073822,-80.656567,OH,Mahoning,Youngstown
44509,41.105989,-80.695488,OH,Mahoning,Youngstown
44510,41.121745,-80.667955,OH,Mahoning,Youngstown
44511,41.071321,-80.698827,OH,Mahoning,Cornersburg
44511,41.071321,-80.698827,OH,Mahoning,Youngstown
44512,41.04168,-80.6856,OH,Mahoning,Boardman
44512,41.04168,-80.6856,OH,Mahoning,Youngstown
44513,41.024672,-80.67596,OH,Mahoning,Boardman
44513,41.024672,-80.67596,OH,Mahoning,Youngstown
44514,41.00874,-80.62416,OH,Mahoning,Poland
44514,41.00874,-80.62416,OH,Mahoning,Youngstown
44515,41.099874,-80.751233,OH,Mahoning,Austintown
44515,41.099874,-80.751233,OH,Mahoning,Youngstown
44555,41.101415,-80.643558,OH,Mahoning,Youngstown
44555,41.101415,-80.643558,OH,Mahoning,Youngstown State Univ
44601,40.918936,-81.135368,OH,Stark,Alliance
44601,40.918936,-81.135368,OH,Stark,Mt Union
44606,40.737325,-81.805321,OH,Wayne,Apple Creek
44607,40.68424,-81.017079,OH,Carroll,Augusta
44608,40.656862,-81.585627,OH,Stark,Beach City
44609,40.931159,-80.98899,OH,Mahoning,Beloit
44609,40.931159,-80.98899,OH,Mahoning,Westville Lake
44610,40.558598,-81.809134,OH,Holmes,Berlin
44611,40.635128,-82.09411,OH,Holmes,Big Prairie
44612,40.643022,-81.44274,OH,Tuscarawas,Bolivar
44613,40.713728,-81.598902,OH,Stark,Brewster
44614,40.88058,-81.58968,OH,Stark,Canal Fulton
44614,40.88058,-81.58968,OH,Stark,Lawrence
44615,40.559162,-81.083154,OH,Carroll,Carrollton
44615,40.559162,-81.083154,OH,Carroll,Kilgore
44615,40.559162,-81.083154,OH,Carroll,New Harrisburg
44615,40.559162,-81.083154,OH,Carroll,Scroggsfield
44617,40.506035,-81.784473,OH,Holmes,Charm
44618,40.785331,-81.699322,OH,Wayne,Dalton
44619,40.897775,-80.95763,OH,Mahoning,Damascus
44620,40.574692,-81.210512,OH,Carroll,Dellroy
44621,40.395563,-81.329056,OH,Tuscarawas,Dennison
44622,40.55112,-81.4458,OH,Tuscarawas,Columbia
44622,40.55112,-81.4458,OH,Tuscarawas,Dover
44622,40.55112,-81.4458,OH,Tuscarawas,Parral
44622,40.55112,-81.4458,OH,Tuscarawas,Winfield
44624,40.6563,-81.69108,OH,Tuscarawas,Dundee
44624,40.6563,-81.69108,OH,Tuscarawas,Trail
44625,40.771834,-80.996741,OH,Columbiana,E Rochester
44625,40.771834,-80.996741,OH,Columbiana,East Rochester
44625,40.771834,-80.996741,OH,Columbiana,New Alexander
44626,40.694655,-81.377559,OH,Stark,East Sparta
44626,40.694655,-81.377559,OH,Stark,Howenstein
44627,40.689496,-81.854261,OH,Wayne,Fredericksbg
44627,40.689496,-81.854261,OH,Wayne,Fredericksbrg
44627,40.689496,-81.854261,OH,Wayne,Fredericksburg
44628,40.536455,-82.219421,OH,Holmes,Glenmont
44628,40.536455,-82.219421,OH,Holmes,Greer
44629,40.357109,-81.42914,OH,Tuscarawas,Gnadenhutten
44630,40.928064,-81.405022,OH,Stark,Greentown
44631,40.516524,-80.999185,OH,Carroll,Harlem Spgs
44631,40.516524,-80.999185,OH,Carroll,Harlem Springs
44632,40.959926,-81.326086,OH,Stark,Congress Lake
44632,40.959926,-81.326086,OH,Stark,Hartville
44633,40.61969,-81.920167,OH,Holmes,Holmesville
44634,40.830436,-81.045474,OH,Columbiana,Homeworth
44636,40.742337,-81.74703,OH,Wayne,Kidron
44637,40.502447,-81.988483,OH,Holmes,Killbuck
44637,40.502447,-81.988483,OH,Holmes,Layland
44637,40.502447,-81.988483,OH,Holmes,Stillwell
44638,40.623008,-82.136093,OH,Holmes,Lakeville
44638,40.623008,-82.136093,OH,Holmes,McZena
44639,40.444048,-81.219711,OH,Carroll,Leesville
44640,40.982869,-81.146572,OH,Stark,Limaville
44641,40.845335,-81.258482,OH,Stark,Fairhope
44641,40.845335,-81.258482,OH,Stark,Louisville
44643,40.667895,-81.306958,OH,Stark,Magnolia
44643,40.667895,-81.306958,OH,Stark,Morges
44644,40.685014,-81.195285,OH,Carroll,Malvern
44644,40.685014,-81.195285,OH,Carroll,Oneida
44645,40.906247,-81.72751,OH,Wayne,Marshallville
44646,40.802818,-81.520846,OH,Stark,Massillon
44647,40.797699,-81.552259,OH,Stark,Massillon
44648,40.75416,-81.513999,OH,Stark,Massillon
44650,40.876028,-81.174132,OH,Stark,Maximo
44651,40.632802,-80.959765,OH,Carroll,Mechanicstown
44652,40.900119,-81.33008,OH,Stark,Middlebranch
44653,40.437941,-81.370867,OH,Tuscarawas,Midvale
44654,40.545778,-81.873263,OH,Holmes,Becks Mills
44654,40.545778,-81.873263,OH,Holmes,Bunker Hill
44654,40.545778,-81.873263,OH,Holmes,Millersburg
44656,40.60932,-81.3582,OH,Tuscarawas,Lindentree
44656,40.60932,-81.3582,OH,Tuscarawas,Mineral City
44656,40.60932,-81.3582,OH,Tuscarawas,New Cumberland
44656,40.60932,-81.3582,OH,Tuscarawas,Zoarville
44657,40.73898,-81.0996,OH,Stark,Bayard
44657,40.73898,-81.0996,OH,Stark,Chambersburg
44657,40.73898,-81.0996,OH,Stark,Minerva
44657,40.73898,-81.0996,OH,Stark,Moultrie
44657,40.73898,-81.0996,OH,Stark,New Franklin
44657,40.73898,-81.0996,OH,Stark,Pattersonville
44657,40.73898,-81.0996,OH,Stark,Pekin
44659,40.693635,-81.703189,OH,Wayne,Mount Eaton
44660,40.6221,-81.787658,OH,Holmes,Mount Hope
44660,40.6221,-81.787658,OH,Holmes,Salt Creek
44661,40.592914,-82.099696,OH,Holmes,Nashville
44662,40.717968,-81.530814,OH,Stark,Harmon
44662,40.717968,-81.530814,OH,Stark,Justus
44662,40.717968,-81.530814,OH,Stark,Navarre
44663,40.48604,-81.442532,OH,Tuscarawas,New Phila
44663,40.48604,-81.442532,OH,Tuscarawas,New Philadelphia
44665,40.839273,-80.98603,OH,Columbiana,N Georgetown
44665,40.839273,-80.98603,OH,Columbiana,North Georgetown
44666,40.832808,-81.615396,OH,Stark,East Greenville
44666,40.832808,-81.615396,OH,Stark,N Lawrence
44666,40.832808,-81.615396,OH,Stark,North Lawrence
44667,40.833108,-81.768456,OH,Wayne,Burton City
44667,40.833108,-81.768456,OH,Wayne,Orrville
44667,40.833108,-81.768456,OH,Wayne,Riceland
44669,40.788186,-81.15978,OH,Stark,Paris
44670,40.761561,-81.186167,OH,Stark,Robertsville
44671,40.63952,-81.370179,OH,Tuscarawas,Sandyville
44672,40.919938,-81.026671,OH,Mahoning,Sebring
44675,40.52015,-81.233307,OH,Carroll,Sherrodsville
44676,40.697236,-82.034128,OH,Wayne,Craigton
44676,40.697236,-82.034128,OH,Wayne,Shreve
44677,40.870847,-81.857857,OH,Wayne,Smithville
44678,40.565943,-81.362676,OH,Tuscarawas,Somerdale
44679,40.32091,-81.309501,OH,Tuscarawas,Stillwater
44680,40.600632,-81.53326,OH,Tuscarawas,Strasburg
44681,40.51284,-81.6783,OH,Tuscarawas,Ragersville
44681,40.51284,-81.6783,OH,Tuscarawas,Shanesville
44681,40.51284,-81.6783,OH,Tuscarawas,Sugarcreek
44682,40.400835,-81.405712,OH,Tuscarawas,Tuscarawas
44683,40.392715,-81.347949,OH,Tuscarawas,Feed Springs
44683,40.392715,-81.347949,OH,Tuscarawas,Riverside Park
44683,40.392715,-81.347949,OH,Tuscarawas,Roanoke
44683,40.392715,-81.347949,OH,Tuscarawas,Rush
44683,40.392715,-81.347949,OH,Tuscarawas,Uhrichsville
44685,40.961109,-81.388948,OH,Stark,Uniontown
44687,40.542033,-81.719256,OH,Holmes,Walnut Creek
44688,40.685305,-81.267135,OH,Stark,Waynesburg
44689,40.657592,-81.635586,OH,Stark,Wilmot
44690,40.617698,-81.706191,OH,Holmes,Winesburg
44691,40.806978,-81.956817,OH,Wayne,Wooster
44693,40.308377,-81.185804,OH,Harrison,Deersville
44695,40.415653,-81.173846,OH,Harrison,Bowerston
44695,40.415653,-81.173846,OH,Harrison,Conotton
44695,40.415653,-81.173846,OH,Harrison,New Hagerstown
44697,40.614579,-81.423245,OH,Tuscarawas,Zoar
44699,40.281057,-81.268298,OH,Harrison,Tippecanoe
44701,40.729703,-81.450833,OH,Stark,Canton
44702,40.798315,-81.377198,OH,Stark,Canton
44703,40.807231,-81.369181,OH,Stark,Canton
44704,40.800224,-81.353797,OH,Stark,Canton
44704,40.800224,-81.353797,OH,Stark,McKinley
44705,40.822094,-81.338111,OH,Stark,Canton
44705,40.822094,-81.338111,OH,Stark,N E Waterworks
44706,40.771402,-81.413102,OH,Stark,Canton
44706,40.771402,-81.413102,OH,Stark,Dueber
44706,40.771402,-81.413102,OH,Stark,Richville
44707,40.780264,-81.361212,OH,Stark,Canton
44707,40.780264,-81.361212,OH,Stark,N Industry
44707,40.780264,-81.361212,OH,Stark,North Industry
44707,40.780264,-81.361212,OH,Stark,Waco
44708,40.812034,-81.424133,OH,Stark,Canton
44708,40.812034,-81.424133,OH,Stark,Country Fair
44708,40.812034,-81.424133,OH,Stark,Hills and Dales
44709,40.839184,-81.389308,OH,Stark,Canton
44709,40.839184,-81.389308,OH,Stark,North Canton
44710,40.793793,-81.421951,OH,Stark,Canton
44710,40.793793,-81.421951,OH,Stark,Reedurban
44711,40.830222,-81.386453,OH,Stark,Canton
44714,40.829869,-81.364581,OH,Stark,Canton
44718,40.851462,-81.443104,OH,Stark,Belden Village Mall
44718,40.851462,-81.443104,OH,Stark,Canton
44718,40.851462,-81.443104,OH,Stark,Jacksn Belden
44718,40.851462,-81.443104,OH,Stark,Jackson Belden
44718,40.851462,-81.443104,OH,Stark,Lake Cable
44720,40.89732,-81.43344,OH,Stark,Akron Canton Region Airport
44720,40.89732,-81.43344,OH,Stark,Canton
44720,40.89732,-81.43344,OH,Stark,Lake Slagle
44720,40.89732,-81.43344,OH,Stark,McDonaldsville
44720,40.89732,-81.43344,OH,Stark,North Canton
44721,40.882563,-81.346759,OH,Stark,Canton
44721,40.882563,-81.346759,OH,Stark,N Canton
44730,40.76556,-81.26652,OH,Stark,Canton
44730,40.76556,-81.26652,OH,Stark,East Canton
44730,40.76556,-81.26652,OH,Stark,Mapleton
44730,40.76556,-81.26652,OH,Stark,Osnaburg
