16533,42.12794,-80.063953,PA,Erie,Erie
16533,42.12794,-80.063953,PA,Erie,International Paper
16534,42.124628,-80.085466,PA,Erie,Erie
16534,42.124628,-80.085466,PA,Erie,Times Publishing Co
16538,42.129086,-80.085881,PA,Erie,Erie
16538,42.129086,-80.085881,PA,Erie,National City
16541,42.124753,-80.089452,PA,Erie,Erie
16544,42.110099,-80.103108,PA,Erie,Erie
16546,42.109206,-80.048241,PA,Erie,Erie
16550,42.133326,-80.087856,PA,Erie,Erie
16553,42.126405,-80.082939,PA,Erie,Erie
16553,42.126405,-80.082939,PA,Erie,Pnc Bank
16554,42.124916,-80.083816,PA,Erie,Blair Return Center
16554,42.124916,-80.083816,PA,Erie,Erie
16563,42.122676,-79.983259,PA,Erie,Erie
16565,42.069063,-80.102633,PA,Erie,Erie
16601,40.5159,-78.403203,PA,Blair,Altoona
16602,40.499797,-78.388319,PA,Blair,Altoona
16603,40.516049,-78.37439,PA,Blair,Altoona
16611,40.556814,-78.096428,PA,Huntingdon,Alexandria
16611,40.556814,-78.096428,PA,Huntingdon,Barree
16613,40.558541,-78.541297,PA,Cambria,Ashville
16616,40.759126,-78.507769,PA,Clearfield,Beccaria
16617,40.603182,-78.332859,PA,Blair,Antis
16617,40.603182,-78.332859,PA,Blair,Bellwood
16619,40.690699,-78.441786,PA,Cambria,Blandburg
16620,40.835418,-78.355642,PA,Clearfield,Brisbin
16621,40.202053,-78.142889,PA,Huntingdon,Broad Top
16622,40.306084,-78.032555,PA,Huntingdon,Calvin
16623,40.293418,-78.028929,PA,Huntingdon,Cassville
16624,40.577027,-78.606818,PA,Cambria,Chest Springs
16625,40.289416,-78.452288,PA,Blair,Claysburg
16627,40.751583,-78.533246,PA,Clearfield,Coalport
16629,40.537592,-78.513159,PA,Cambria,Coupon
16630,40.46235,-78.590149,PA,Cambria,Cresson
16631,40.276636,-78.338693,PA,Blair,Curryville
16633,40.161667,-78.229935,PA,Bedford,Defiance
16634,40.222518,-78.165792,PA,Huntingdon,Dudley
16635,40.426696,-78.431599,PA,Blair,Duncansville
16636,40.603615,-78.504444,PA,Cambria,Dysart
16637,40.335097,-78.432871,PA,Blair,E Freedom
16637,40.335097,-78.432871,PA,Blair,East Freedom
16638,40.334395,-78.195693,PA,Huntingdon,Entriken
16639,40.663089,-78.489248,PA,Cambria,Fallentimber
16640,40.70616,-78.470165,PA,Cambria,Flinton
16641,40.480478,-78.552746,PA,Cambria,Gallitzin
16644,40.685011,-78.43746,PA,Cambria,Glasgow
16645,40.79473,-78.501098,PA,Clearfield,Glen Hope
16646,40.663534,-78.710124,PA,Cambria,Hastings
16647,40.39111,-78.113027,PA,Huntingdon,Hesston
16648,40.435661,-78.390414,PA,Blair,Hollidaysburg
16650,40.111339,-78.301938,PA,Bedford,Hopewell
16651,40.823943,-78.349798,PA,Clearfield,Ginter
16651,40.823943,-78.349798,PA,Clearfield,Houtzdale
16651,40.823943,-78.349798,PA,Clearfield,Houtzdale Crrctnl Inst
16652,40.496445,-78.012809,PA,Huntingdon,Huntingdon
16654,40.487207,-78.009794,PA,Huntingdon,Huntingdon
16654,40.487207,-78.009794,PA,Huntingdon,State Correction Institution
16655,40.248513,-78.539222,PA,Bedford,Imler
16656,40.830282,-78.566973,PA,Clearfield,Irvona
16657,40.339173,-78.18561,PA,Huntingdon,James Creek
16659,40.177999,-78.37912,PA,Bedford,Loysburg
16660,40.449212,-78.082861,PA,Huntingdon,Mc Conelstown
16660,40.449212,-78.082861,PA,Huntingdon,Mc Connellstown
16661,40.829157,-78.44194,PA,Clearfield,Madera
16662,40.312769,-78.328001,PA,Blair,Martinsburg
16663,40.786803,-78.367068,PA,Clearfield,Morann
16664,40.193674,-78.423234,PA,Bedford,New Enterprise
16664,40.193674,-78.423234,PA,Bedford,New Entrprise
16665,40.394638,-78.438216,PA,Blair,Newry
16666,40.851689,-78.271985,PA,Clearfield,Osceola Mills
16667,40.160648,-78.508616,PA,Bedford,Osterburg
16667,40.160648,-78.508616,PA,Bedford,Saint Clairsv
16667,40.160648,-78.508616,PA,Bedford,Saint Clairsville
16667,40.160648,-78.508616,PA,Bedford,St Clairsville
16667,40.160648,-78.508616,PA,Bedford,St Clrsville
16668,40.632325,-78.651183,PA,Cambria,Patton
16669,40.570589,-78.047614,PA,Huntingdon,Petersburg
16670,40.256461,-78.509722,PA,Bedford,Queen
16671,40.801988,-78.400187,PA,Clearfield,Ramey
16672,40.162589,-78.253993,PA,Bedford,Riddlesburg
16673,40.334211,-78.39628,PA,Blair,Bakers Summit
16673,40.334211,-78.39628,PA,Blair,Roaring Spg
16673,40.334211,-78.39628,PA,Blair,Roaring Spring
16674,40.180671,-78.115002,PA,Huntingdon,Robertsdale
16675,40.66673,-78.68297,PA,Cambria,Saint Boniface
16675,40.66673,-78.68297,PA,Cambria,St Boniface
16677,40.901849,-78.083555,PA,Centre,Sandy Ridge
16678,40.216087,-78.24737,PA,Bedford,Saxton
16679,40.154383,-78.202269,PA,Bedford,Six Mile Run
16680,40.758358,-78.398916,PA,Clearfield,Smithmill
16681,40.80032,-78.427661,PA,Clearfield,Smokerun
16682,40.273208,-78.455958,PA,Blair,Sproul
16683,40.615408,-78.138082,PA,Huntingdon,Spruce Creek
16684,40.634837,-78.302127,PA,Blair,Tipton
16685,40.265213,-78.107904,PA,Huntingdon,Todd
16686,40.671083,-78.246566,PA,Blair,Birmingham
16686,40.671083,-78.246566,PA,Blair,Tyrone
16689,40.07915,-78.055028,PA,Fulton,Waterfall
16691,40.091995,-78.142574,PA,Fulton,Wells Tannery
16692,40.775807,-78.746208,PA,Clearfield,Westover
16693,40.459604,-78.203477,PA,Blair,Ganister
16693,40.459604,-78.203477,PA,Blair,Williamsburg
16694,40.166846,-78.135206,PA,Bedford,Wood
16695,40.211078,-78.361129,PA,Bedford,Woodbury
16698,40.828332,-78.352347,PA,Clearfield,Houtzdale
16698,40.828332,-78.352347,PA,Clearfield,Houtzdale Crrctnl Inst
16699,40.465506,-78.588583,PA,Cambria,Cresson
16699,40.465506,-78.588583,PA,Cambria,Cresson Correctional Inst
16701,41.953308,-78.645295,PA,McKean,Bradford
16701,41.953308,-78.645295,PA,McKean,Kendall Creek
16720,41.637959,-78.005164,PA,Potter,Austin
16724,41.698976,-78.371156,PA,McKean,Crosby
16725,41.905132,-78.650729,PA,McKean,Custer City
16726,41.8218,-78.56112,PA,McKean,Cyclone
16726,41.8218,-78.56112,PA,McKean,Ormsby
16727,41.980673,-78.552131,PA,McKean,Derrick City
16728,41.574389,-78.912109,PA,Elk,De Young
16729,41.952283,-78.505999,PA,McKean,Duke Center
16730,41.80956,-78.4176,PA,McKean,E Smethport
16730,41.80956,-78.4176,PA,McKean,East Smethport
16731,41.950881,-78.38023,PA,McKean,Eldred
16732,41.857157,-78.57669,PA,McKean,Gifford
16733,41.705754,-78.585227,PA,McKean,Hazel Hurst
16734,41.545864,-78.880068,PA,Elk,James City
16735,41.66364,-78.79086,PA,McKean,East Kane
16735,41.66364,-78.79086,PA,McKean,Kane
16738,41.871524,-78.662892,PA,McKean,Lewis Run
16740,41.726583,-78.638691,PA,McKean,Mount Jewett
16740,41.726583,-78.638691,PA,McKean,Westline
16743,41.81817,-78.285029,PA,McKean,Port Allegany
16743,41.81817,-78.285029,PA,McKean,Pt Allegany
16744,41.895778,-78.519135,PA,McKean,Rew
16745,41.925648,-78.497127,PA,McKean,Rixford
16746,41.769999,-78.142998,PA,Potter,Roulette
16748,41.94762,-78.1662,PA,Potter,Millport
16748,41.94762,-78.1662,PA,Potter,Shinglehouse
16748,41.94762,-78.1662,PA,Potter,Shinglehse
16749,41.807779,-78.449022,PA,McKean,Keating Summit
16749,41.807779,-78.449022,PA,McKean,Smethport
16750,41.88291,-78.326584,PA,McKean,Turtlepoint
16801,40.796516,-77.844795,PA,Centre,State College
16802,40.870717,-77.83415,PA,Centre,Penn St Univ
16802,40.870717,-77.83415,PA,Centre,Penn State University
16802,40.870717,-77.83415,PA,Centre,State College
16802,40.870717,-77.83415,PA,Centre,University Park
16802,40.870717,-77.83415,PA,Centre,University Pk
16803,40.804602,-77.897038,PA,Centre,State College
16804,40.795681,-77.83679,PA,Centre,State College
16805,40.787354,-77.900156,PA,Centre,State College
16820,40.862757,-77.391287,PA,Centre,Aaronsburg
16821,40.970492,-78.218066,PA,Clearfield,Allport
16822,41.093511,-77.523777,PA,Clinton,Beech Creek
16823,40.93806,-77.72172,PA,Centre,Bellefonte
16823,40.93806,-77.72172,PA,Centre,Hublersburg
16823,40.93806,-77.72172,PA,Centre,Pleasant Gap
16823,40.93806,-77.72172,PA,Centre,Wingate
16825,40.98339,-78.308698,PA,Clearfield,Bigler
16826,41.064333,-77.597197,PA,Centre,Blanchard
16827,40.780424,-77.791762,PA,Centre,Boalsburg
16828,40.844957,-77.684908,PA,Centre,Centre Hall
16829,41.088694,-77.87466,PA,Centre,Clarence
16830,41.023121,-78.441626,PA,Clearfield,Clearfield
16832,40.869439,-77.73578,PA,Centre,Coburn
16833,40.974008,-78.52645,PA,Clearfield,Curwensville
16834,41.022289,-78.107768,PA,Clearfield,Drifting
16835,40.912329,-77.931374,PA,Centre,Fleming
16836,41.145604,-78.2429,PA,Clearfield,Frenchville
16837,40.935362,-78.478297,PA,Clearfield,Glen Richey
16838,40.999687,-78.603237,PA,Clearfield,Grampian
16839,41.00504,-78.134037,PA,Clearfield,Grassflat
16840,40.941977,-78.219061,PA,Clearfield,Hawk Run
16841,41.017669,-77.658874,PA,Centre,Howard
16843,41.002709,-78.466463,PA,Clearfield,Hyde
16844,40.86227,-77.939689,PA,Centre,Julian
16845,41.137729,-78.016718,PA,Clearfield,Karthaus
16847,40.993392,-78.168491,PA,Clearfield,Kylertown
16848,41.016265,-77.531108,PA,Clinton,Lamar
16849,40.972668,-78.129891,PA,Clearfield,Lanse
16850,41.081857,-78.280359,PA,Clearfield,Lecontes Mills
16850,41.081857,-78.280359,PA,Clearfield,Lecontes Mls
16851,40.811791,-77.814403,PA,Centre,Lemont
16852,40.941285,-77.498441,PA,Centre,Madisonburg
16853,40.941151,-77.791263,PA,Centre,Milesburg
16854,40.892507,-77.473279,PA,Centre,Millheim
16855,41.001571,-78.363433,PA,Clearfield,Mineral Spgs
16855,41.001571,-78.363433,PA,Clearfield,Mineral Springs
16856,40.910906,-77.781305,PA,Centre,Mingoville
16858,41.015138,-78.225217,PA,Clearfield,Morrisdale
16859,41.024152,-78.021894,PA,Centre,Moshannon
16860,40.968776,-78.182212,PA,Clearfield,Munson
16861,40.884741,-78.486115,PA,Clearfield,New Millport
16863,40.905935,-78.501934,PA,Clearfield,Olanta
16864,41.085359,-77.656066,PA,Centre,Orviston
16865,40.7258,-77.945698,PA,Centre,Pa Furnace
16865,40.7258,-77.945698,PA,Centre,Pennsylvania Furnace
16866,40.894163,-78.213044,PA,Centre,Philipsburg
16868,40.730879,-77.886053,PA,Centre,Pine Grove Mills
16868,40.730879,-77.886053,PA,Centre,Pine Grv Mls
16870,40.801567,-78.03023,PA,Centre,Port Matilda
16871,41.210847,-78.022444,PA,Clearfield,Pottersdale
16872,40.956168,-77.402514,PA,Centre,Rebersburg
16873,41.068825,-78.356857,PA,Clearfield,Shawville
16874,41.028036,-77.945971,PA,Centre,Snow Shoe
16875,40.864802,-77.571544,PA,Centre,Spring Mills
16876,40.961446,-78.2922,PA,Clearfield,Wallaceton
16877,40.735071,-78.085504,PA,Huntingdon,Warriors Mark
16878,40.948226,-78.36041,PA,Clearfield,West Decatur
16879,40.969762,-78.160371,PA,Clearfield,Winburne
16881,41.01675,-78.326243,PA,Clearfield,Woodland
16882,40.925398,-77.309132,PA,Centre,Woodward
16901,41.7775,-77.309722,PA,Tioga,Ansonia
16901,41.7775,-77.309722,PA,Tioga,Asaph
16901,41.7775,-77.309722,PA,Tioga,Charleston
16901,41.7775,-77.309722,PA,Tioga,Delmar
16901,41.7775,-77.309722,PA,Tioga,Draper
16901,41.7775,-77.309722,PA,Tioga,Duncan
16901,41.7775,-77.309722,PA,Tioga,Kennedy
16901,41.7775,-77.309722,PA,Tioga,Knapp
16901,41.7775,-77.309722,PA,Tioga,Shippen
16901,41.7775,-77.309722,PA,Tioga,Stokesdale
16901,41.7775,-77.309722,PA,Tioga,Stonyfork
16901,41.7775,-77.309722,PA,Tioga,Wellsboro
16910,41.705551,-76.828782,PA,Bradford,Alba
16911,41.661491,-77.120959,PA,Tioga,Arnot
16911,41.661491,-77.120959,PA,Tioga,Bloss
16912,41.679554,-77.064192,PA,Tioga,Blakes
16912,41.679554,-77.064192,PA,Tioga,Blossburg
16914,41.848609,-76.790408,PA,Bradford,Austinville
16914,41.848609,-76.790408,PA,Bradford,Big Pond
16914,41.848609,-76.790408,PA,Bradford,Col X Rds
16914,41.848609,-76.790408,PA,Bradford,Columbia Cross Roads
16914,41.848609,-76.790408,PA,Bradford,Columbia X Rd
16914,41.848609,-76.790408,PA,Bradford,Snedekerville
16914,41.848609,-76.790408,PA,Bradford,Wetona
16915,41.772095,-78.018822,PA,Potter,Colesburg
16915,41.772095,-78.018822,PA,Potter,Coudersport
16915,41.772095,-78.018822,PA,Potter,Eulalia
16915,41.772095,-78.018822,PA,Potter,Homer
16915,41.772095,-78.018822,PA,Potter,Inez
16915,41.772095,-78.018822,PA,Potter,Ladona
16915,41.772095,-78.018822,PA,Potter,Mina
16915,41.772095,-78.018822,PA,Potter,Odin
16915,41.772095,-78.018822,PA,Potter,Oswayo
16915,41.772095,-78.018822,PA,Potter,Summit
16915,41.772095,-78.018822,PA,Potter,Sweden
16915,41.772095,-78.018822,PA,Potter,Sweden Valley
16917,41.757299,-77.067597,PA,Tioga,Covington
16917,41.757299,-77.067597,PA,Tioga,Covngtn
16920,41.989723,-77.31373,PA,Tioga,Elkland
16921,41.67138,-77.55258,PA,Tioga,Elk
16921,41.67138,-77.55258,PA,Tioga,Gaines
16921,41.67138,-77.55258,PA,Tioga,Manhattan
16921,41.67138,-77.55258,PA,Tioga,Marshlands
16921,41.67138,-77.55258,PA,Tioga,Rexford
16921,41.67138,-77.55258,PA,Tioga,Watrous
16922,41.71284,-77.66202,PA,Potter,Abbott
16922,41.71284,-77.66202,PA,Potter,Carter Camp
16922,41.71284,-77.66202,PA,Potter,Galeton
16922,41.71284,-77.66202,PA,Potter,West Branch
16922,41.71284,-77.66202,PA,Potter,West Pike
16923,41.915978,-77.886047,PA,Potter,Eleven Mile
16923,41.915978,-77.886047,PA,Potter,Ellisburg
16923,41.915978,-77.886047,PA,Potter,Genesee
16923,41.915978,-77.886047,PA,Potter,Gold
16923,41.915978,-77.886047,PA,Potter,Hickox
16923,41.915978,-77.886047,PA,Potter,Keech
16923,41.915978,-77.886047,PA,Potter,Kinney
16923,41.915978,-77.886047,PA,Potter,North Bingham
16923,41.915978,-77.886047,PA,Potter,Raymond
16923,41.915978,-77.886047,PA,Potter,West Bingham
16925,41.9517,-76.77018,PA,Bradford,Bentley Creek
16925,41.9517,-76.77018,PA,Bradford,Berrytown
16925,41.9517,-76.77018,PA,Bradford,Fassett
16925,41.9517,-76.77018,PA,Bradford,Gillett
16925,41.9517,-76.77018,PA,Bradford,Mosherville
16925,41.9517,-76.77018,PA,Bradford,South Creek
16925,41.9517,-76.77018,PA,Bradford,Wells
16926,41.666415,-76.720268,PA,Bradford,Cowley
16926,41.666415,-76.720268,PA,Bradford,Granville Ctr
16926,41.666415,-76.720268,PA,Bradford,Granville Smt
16926,41.666415,-76.720268,PA,Bradford,Granville Summit
16926,41.666415,-76.720268,PA,Bradford,Windfall
16927,41.951385,-77.702976,PA,Potter,Harrison
16927,41.951385,-77.702976,PA,Potter,Harrison Twp
16927,41.951385,-77.702976,PA,Potter,Harrison Valley
16927,41.951385,-77.702976,PA,Potter,Harrison Vly
16927,41.951385,-77.702976,PA,Potter,Westfield
16928,41.954882,-77.440143,PA,Tioga,Austinburg
16928,41.954882,-77.440143,PA,Tioga,Deerfield
16928,41.954882,-77.440143,PA,Tioga,Knoxville
16929,41.993999,-77.123186,PA,Tioga,E Lawrencevle
16929,41.993999,-77.123186,PA,Tioga,Lawrenceville
16929,41.993999,-77.123186,PA,Tioga,Somers Lane
16930,41.55,-77.1,PA,Tioga,Hartsfield
16930,41.55,-77.1,PA,Tioga,Liberty
16930,41.55,-77.1,PA,Tioga,Sebring
16932,41.785028,-76.962034,PA,Tioga,Mainesburg
16932,41.785028,-76.962034,PA,Tioga,Sullivan
16933,41.773056,-77.200833,PA,Tioga,Bungy
16933,41.773056,-77.200833,PA,Tioga,Canoe Camp
16933,41.773056,-77.200833,PA,Tioga,Cherry Flats
16933,41.773056,-77.200833,PA,Tioga,E Charleston
16933,41.773056,-77.200833,PA,Tioga,Kellytown
16933,41.773056,-77.200833,PA,Tioga,Lambs Creek
16933,41.773056,-77.200833,PA,Tioga,Mansfield
16933,41.773056,-77.200833,PA,Tioga,Rutland
16933,41.773056,-77.200833,PA,Tioga,Whitneyville
16935,41.855833,-77.2375,PA,Tioga,Crooked Creek
16935,41.855833,-77.2375,PA,Tioga,Keeneyville
16935,41.855833,-77.2375,PA,Tioga,Mdby Center
16935,41.855833,-77.2375,PA,Tioga,Middlebry Ctr
16935,41.855833,-77.2375,PA,Tioga,Middlebury
16935,41.855833,-77.2375,PA,Tioga,Middlebury Center
16935,41.855833,-77.2375,PA,Tioga,Niles Valley
16935,41.855833,-77.2375,PA,Tioga,Shortsville
16936,41.931667,-76.936111,PA,Tioga,Daggett
16936,41.931667,-76.936111,PA,Tioga,Jackson Smt
16936,41.931667,-76.936111,PA,Tioga,Jobs Corners
16936,41.931667,-76.936111,PA,Tioga,Millerton
16937,41.904583,-77.756618,PA,Potter,Mills
16938,41.544444,-77.285833,PA,Tioga,Blackwell
16938,41.544444,-77.285833,PA,Tioga,Hoytville
16938,41.544444,-77.285833,PA,Tioga,Lorenton
16938,41.544444,-77.285833,PA,Tioga,Morris
16938,41.544444,-77.285833,PA,Tioga,Nauvoo
16938,41.544444,-77.285833,PA,Tioga,Oregon Hill
16938,41.544444,-77.285833,PA,Tioga,Plank
16939,41.679295,-77.018305,PA,Tioga,Morris Run
16940,41.973794,-77.227277,PA,Tioga,Nelson
16941,41.981572,-77.76998,PA,Potter,Genesee
16941,41.981572,-77.76998,PA,Potter,North Bingham
16942,41.985496,-77.345771,PA,Tioga,Osceola
16943,41.843054,-77.545629,PA,Tioga,Cathead
16943,41.843054,-77.545629,PA,Tioga,Hector
16943,41.843054,-77.545629,PA,Tioga,Sabinsville
16943,41.843054,-77.545629,PA,Tioga,Sunderlinvle
16945,41.805044,-76.854875,PA,Bradford,Sylvania
16946,41.913008,-77.14338,PA,Tioga,Tioga
16947,41.783653,-76.791605,PA,Bradford,Troy
16948,41.84652,-77.70972,PA,Potter,Bingham
16948,41.84652,-77.70972,PA,Potter,Brookland
16948,41.84652,-77.70972,PA,Potter,Newfield
16948,41.84652,-77.70972,PA,Potter,Ulysses
16950,41.91972,-77.51712,PA,Tioga,Brookfield
16950,41.91972,-77.51712,PA,Tioga,Cowanesque
16950,41.91972,-77.51712,PA,Tioga,Elmer
16950,41.91972,-77.51712,PA,Tioga,Harrison Twp
16950,41.91972,-77.51712,PA,Tioga,Harrison Valley
16950,41.91972,-77.51712,PA,Tioga,Little Marsh
16950,41.91972,-77.51712,PA,Tioga,North Fork
16950,41.91972,-77.51712,PA,Tioga,Potter Brook
16950,41.91972,-77.51712,PA,Tioga,Westfield
17001,40.23947,-76.918627,PA,Cumberland,Camp Hill
17002,40.601427,-77.722706,PA,Mifflin,Allensville
17003,40.33128,-76.54806,PA,Lebanon,Annville
17003,40.33128,-76.54806,PA,Lebanon,Bellegrove
17003,40.33128,-76.54806,PA,Lebanon,East Hanover
17003,40.33128,-76.54806,PA,Lebanon,Ft Indiantown
17003,40.33128,-76.54806,PA,Lebanon,Harper Tavern
17003,40.33128,-76.54806,PA,Lebanon,Steelstown
17003,40.33128,-76.54806,PA,Lebanon,Syner
17003,40.33128,-76.54806,PA,Lebanon,West Annville
17004,40.603109,-77.720588,PA,Mifflin,Alexander Spr
17004,40.603109,-77.720588,PA,Mifflin,Alexander Springs
17004,40.603109,-77.720588,PA,Mifflin,Belleville
17004,40.603109,-77.720588,PA,Mifflin,Menno
17004,40.603109,-77.720588,PA,Mifflin,Union Mills
17005,40.604532,-76.809901,PA,Dauphin,Berrysburg
17006,40.306622,-77.513142,PA,Perry,Blain
17007,40.147806,-77.116428,PA,Cumberland,Boiling Spgs
17007,40.147806,-77.116428,PA,Cumberland,Boiling Sprgs
17007,40.147806,-77.116428,PA,Cumberland,Boiling Springs
17007,40.147806,-77.116428,PA,Cumberland,South Middleton
17008,40.166778,-76.976055,PA,Cumberland,Bowmansdale
17009,40.63691,-77.568491,PA,Mifflin,Burnham
17010,40.274565,-76.580954,PA,Lebanon,Campbelltown
17011,40.240066,-76.930386,PA,Cumberland,Camp Hill
17011,40.240066,-76.930386,PA,Cumberland,Shiremanstown
17012,40.181354,-76.990646,PA,Cumberland,Book of Month
17012,40.181354,-76.990646,PA,Cumberland,Camp Hill
17013,40.203056,-77.313611,PA,Cumberland,Carlisle
17013,40.203056,-77.313611,PA,Cumberland,Carlisle Barracks
17013,40.203056,-77.313611,PA,Cumberland,Carlisle Brks
17014,40.659121,-77.103424,PA,Juniata,Cocolamus
17015,40.201481,-77.189072,PA,Cumberland,Carlisle
17016,40.276374,-76.408476,PA,Lebanon,Cornwall
17016,40.276374,-76.408476,PA,Lebanon,Cornwall Ctr
17017,40.647411,-76.877332,PA,Northumberland,Dalmatia
17018,40.370886,-76.931434,PA,Dauphin,Dauphin
17018,40.370886,-76.931434,PA,Dauphin,Ellendale
17018,40.370886,-76.931434,PA,Dauphin,Middle Paxton
17018,40.370886,-76.931434,PA,Dauphin,Singersville
17018,40.370886,-76.931434,PA,Dauphin,Water Gap
17019,40.098851,-77.022403,PA,York,Bermudian
17019,40.098851,-77.022403,PA,York,Clear Spring
17019,40.098851,-77.022403,PA,York,Dillsburg
17019,40.098851,-77.022403,PA,York,Siddonsburg
17020,40.391761,-77.045102,PA,Perry,Cove
17020,40.391761,-77.045102,PA,Perry,Dellville
17020,40.391761,-77.045102,PA,Perry,Duncannon
17020,40.391761,-77.045102,PA,Perry,Perdix
17020,40.391761,-77.045102,PA,Perry,Watts
17020,40.391761,-77.045102,PA,Perry,Wheatfield
17021,40.360534,-77.674744,PA,Juniata,E Waterford
17021,40.360534,-77.674744,PA,Juniata,East Waterford
17021,40.360534,-77.674744,PA,Juniata,Ewaterfrd
17021,40.360534,-77.674744,PA,Juniata,Ewtrford
17021,40.360534,-77.674744,PA,Juniata,Perulack
17021,40.360534,-77.674744,PA,Juniata,Scyoc
17021,40.360534,-77.674744,PA,Juniata,Spears Grove
17021,40.360534,-77.674744,PA,Juniata,Waterloo
17022,40.148743,-76.597557,PA,Lancaster,Aberdeen
17022,40.148743,-76.597557,PA,Lancaster,Bellaire
17022,40.148743,-76.597557,PA,Lancaster,Deodate
17022,40.148743,-76.597557,PA,Lancaster,Elizabethtown
17022,40.148743,-76.597557,PA,Lancaster,Elizabthtwn
17022,40.148743,-76.597557,PA,Lancaster,Etown
17022,40.148743,-76.597557,PA,Lancaster,West Donegal
17023,40.555025,-76.826794,PA,Dauphin,Elizabethville
17023,40.555025,-76.826794,PA,Dauphin,Elizabethvle
17023,40.555025,-76.826794,PA,Dauphin,Eville
17024,40.361616,-77.268375,PA,Perry,Elliottsburg
17024,40.361616,-77.268375,PA,Perry,Erly
17024,40.361616,-77.268375,PA,Perry,Green Park
17024,40.361616,-77.268375,PA,Perry,Greenpark
17024,40.361616,-77.268375,PA,Perry,Little German
17024,40.361616,-77.268375,PA,Perry,Mansville
17025,40.289593,-76.959427,PA,Cumberland,E Pennsboro
17025,40.289593,-76.959427,PA,Cumberland,Enola
17025,40.289593,-76.959427,PA,Cumberland,South Enola
17025,40.289593,-76.959427,PA,Cumberland,W Fairview
17025,40.289593,-76.959427,PA,Cumberland,West Enola
17025,40.289593,-76.959427,PA,Cumberland,West Fairview
17026,40.4475,-76.4148,PA,Lebanon,Fredericksbrg
17026,40.4475,-76.4148,PA,Lebanon,Fredericksburg
17027,40.152071,-77.002719,PA,Cumberland,Grantham
17027,40.152071,-77.002719,PA,Cumberland,Messiah Coll
17027,40.152071,-77.002719,PA,Cumberland,Messiah College
17028,40.37496,-76.69482,PA,Dauphin,Grantville
17028,40.37496,-76.69482,PA,Dauphin,Shellsville
17029,40.546874,-77.604665,PA,Mifflin,Anderson
17029,40.546874,-77.604665,PA,Mifflin,Granville
17030,40.608917,-76.718596,PA,Dauphin,Gratz
17032,40.463333,-76.842778,PA,Dauphin,Carsonville
17032,40.463333,-76.842778,PA,Dauphin,Enders
17032,40.463333,-76.842778,PA,Dauphin,Enterline
17032,40.463333,-76.842778,PA,Dauphin,Fisherville
17032,40.463333,-76.842778,PA,Dauphin,Halifax
17032,40.463333,-76.842778,PA,Dauphin,Inglenook
17032,40.463333,-76.842778,PA,Dauphin,McClellan
17032,40.463333,-76.842778,PA,Dauphin,Powells Vly
17032,40.463333,-76.842778,PA,Dauphin,Reed
17032,40.463333,-76.842778,PA,Dauphin,Waynesville
17033,40.27884,-76.63068,PA,Dauphin,Bachmanville
17033,40.27884,-76.63068,PA,Dauphin,Derry Church
17033,40.27884,-76.63068,PA,Dauphin,Hershey
17033,40.27884,-76.63068,PA,Dauphin,Palmdale
17033,40.27884,-76.63068,PA,Dauphin,S Londonderry
17033,40.27884,-76.63068,PA,Dauphin,Sandbeach
17033,40.27884,-76.63068,PA,Dauphin,Swatara Sta
17033,40.27884,-76.63068,PA,Dauphin,Union Deposit
17034,40.20634,-76.789304,PA,Dauphin,High Spire
17034,40.20634,-76.789304,PA,Dauphin,Highspire
17035,40.434041,-77.587129,PA,Juniata,Honey Grove
17035,40.434041,-77.587129,PA,Juniata,McCullochs Ml
17035,40.434041,-77.587129,PA,Juniata,Reeds Gap
17036,40.27758,-76.7088,PA,Dauphin,Brownstone
17036,40.27758,-76.7088,PA,Dauphin,Hoernerstown
17036,40.27758,-76.7088,PA,Dauphin,Hummelstown
17036,40.27758,-76.7088,PA,Dauphin,South Hanover
17036,40.27758,-76.7088,PA,Dauphin,Stoverdale
17036,40.27758,-76.7088,PA,Dauphin,Waltonville
17037,40.432478,-77.353347,PA,Perry,Ickesburg
17038,40.410665,-76.486339,PA,Lebanon,Bordnersville
17038,40.410665,-76.486339,PA,Lebanon,Green Point
17038,40.410665,-76.486339,PA,Lebanon,Jonestown
17038,40.410665,-76.486339,PA,Lebanon,Jonestwn
17038,40.410665,-76.486339,PA,Lebanon,McGillstown
17039,40.30102,-76.249244,PA,Lebanon,Kleinfeltersv
17039,40.30102,-76.249244,PA,Lebanon,Kleinfeltersville
17040,40.311569,-77.333589,PA,Perry,Alinda
17040,40.311569,-77.333589,PA,Perry,Landisbg
17040,40.311569,-77.333589,PA,Perry,Landisburg
17040,40.311569,-77.333589,PA,Perry,Lebo
17041,40.21815,-76.541899,PA,Lebanon,Lawn
17042,40.333597,-76.423855,PA,Lebanon,Avon
17042,40.333597,-76.423855,PA,Lebanon,Avon Heights
17042,40.333597,-76.423855,PA,Lebanon,Beverly Hts
17042,40.333597,-76.423855,PA,Lebanon,Buffalo Sprs
17042,40.333597,-76.423855,PA,Lebanon,Cleona
17042,40.333597,-76.423855,PA,Lebanon,Colebrook
17042,40.333597,-76.423855,PA,Lebanon,Ebenezer
17042,40.333597,-76.423855,PA,Lebanon,Flintville
17042,40.333597,-76.423855,PA,Lebanon,Fontana
17042,40.333597,-76.423855,PA,Lebanon,Heilmandale
17042,40.333597,-76.423855,PA,Lebanon,Iona
17042,40.333597,-76.423855,PA,Lebanon,LEB
17042,40.333597,-76.423855,PA,Lebanon,Lebanon
17042,40.333597,-76.423855,PA,Lebanon,Mount Wilson
17042,40.333597,-76.423855,PA,Lebanon,N Cornwall
17042,40.333597,-76.423855,PA,Lebanon,North Lebanon
17042,40.333597,-76.423855,PA,Lebanon,Rocherty
17043,40.2543,-76.89804,PA,Cumberland,Lemoyne
17043,40.2543,-76.89804,PA,Cumberland,Washington Ht
17043,40.2543,-76.89804,PA,Cumberland,Wormleysbg
17043,40.2543,-76.89804,PA,Cumberland,Wormleysburg
17044,40.602729,-77.569859,PA,Mifflin,Bratton
17044,40.602729,-77.569859,PA,Mifflin,Colonial Hill
17044,40.602729,-77.569859,PA,Mifflin,Hawstone
17044,40.602729,-77.569859,PA,Mifflin,Horningford
17044,40.602729,-77.569859,PA,Mifflin,Juniata Terr
17044,40.602729,-77.569859,PA,Mifflin,Klondyke
17044,40.602729,-77.569859,PA,Mifflin,Lewistown
17044,40.602729,-77.569859,PA,Mifflin,Lewistown Jun
17044,40.602729,-77.569859,PA,Mifflin,Lewistwn
17044,40.602729,-77.569859,PA,Mifflin,Longfellow
17044,40.602729,-77.569859,PA,Mifflin,Maitland
17044,40.602729,-77.569859,PA,Mifflin,Paintersville
17044,40.602729,-77.569859,PA,Mifflin,Strodes Mills
17044,40.602729,-77.569859,PA,Mifflin,Vira
17045,40.574018,-76.985771,PA,Perry,Liverpool
17045,40.574018,-76.985771,PA,Perry,Mount Patrick
17045,40.574018,-76.985771,PA,Perry,Oriental
17046,40.357882,-76.432449,PA,Lebanon,Lebanon
17047,40.369113,-77.43745,PA,Perry,Andersonburg
17047,40.369113,-77.43745,PA,Perry,Bixler
17047,40.369113,-77.43745,PA,Perry,Cisna Run
17047,40.369113,-77.43745,PA,Perry,Couchtown
17047,40.369113,-77.43745,PA,Perry,Fort Robinson
17047,40.369113,-77.43745,PA,Perry,Loysville
17047,40.369113,-77.43745,PA,Perry,NE Madison
17047,40.369113,-77.43745,PA,Perry,SW Madison
17048,40.59522,-76.7139,PA,Dauphin,Erdman
17048,40.59522,-76.7139,PA,Dauphin,Loyalton
17048,40.59522,-76.7139,PA,Dauphin,Lykens
17048,40.59522,-76.7139,PA,Dauphin,Specktown
17049,40.64682,-77.26452,PA,Juniata,Bunkertown
17049,40.64682,-77.26452,PA,Juniata,Mc Alisterville
17049,40.64682,-77.26452,PA,Juniata,Mc Alistervl
17049,40.64682,-77.26452,PA,Juniata,Mc Alistervle
17049,40.64682,-77.26452,PA,Juniata,McAlistervle
17049,40.64682,-77.26452,PA,Juniata,Swales
17050,40.216649,-77.008727,PA,Cumberland,Defense Depot
17050,40.216649,-77.008727,PA,Cumberland,Goodhope
17050,40.216649,-77.008727,PA,Cumberland,Hampden Station
17050,40.216649,-77.008727,PA,Cumberland,Hampden Township
17050,40.216649,-77.008727,PA,Cumberland,Hampden Twp
17050,40.216649,-77.008727,PA,Cumberland,Hogestown
17050,40.216649,-77.008727,PA,Cumberland,Mech
17050,40.216649,-77.008727,PA,Cumberland,Mechancsbrg
17050,40.216649,-77.008727,PA,Cumberland,Mechanicsburg
17050,40.216649,-77.008727,PA,Cumberland,Mechbg
17050,40.216649,-77.008727,PA,Cumberland,Navy Ships
17050,40.216649,-77.008727,PA,Cumberland,Navy Sup Dpt
17050,40.216649,-77.008727,PA,Cumberland,Trindle Sprg
17050,40.216649,-77.008727,PA,Cumberland,Wertzville
17051,40.497914,-77.743817,PA,Mifflin,Atkinsons Mills
17051,40.497914,-77.743817,PA,Mifflin,Atkinsons Mls
17051,40.497914,-77.743817,PA,Mifflin,Little Kansas
17051,40.497914,-77.743817,PA,Mifflin,Mc Veytown
17051,40.497914,-77.743817,PA,Mifflin,McVeytown
17051,40.497914,-77.743817,PA,Mifflin,McVeytwn
17051,40.497914,-77.743817,PA,Mifflin,Ryde
17052,40.378094,-77.971536,PA,Huntingdon,Bankstown
17052,40.378094,-77.971536,PA,Huntingdon,Barneytown
17052,40.378094,-77.971536,PA,Huntingdon,Birdville
17052,40.378094,-77.971536,PA,Huntingdon,Knightsville
17052,40.378094,-77.971536,PA,Huntingdon,Mapleton Dep
17052,40.378094,-77.971536,PA,Huntingdon,Mapleton Depot
17053,40.337522,-76.983731,PA,Perry,Marysville
17054,40.495215,-77.730114,PA,Mifflin,Mattawana
17055,40.219237,-77.001047,PA,Cumberland,Andersontown
17055,40.219237,-77.001047,PA,Cumberland,Brandtsville
17055,40.219237,-77.001047,PA,Cumberland,Defense Depot
17055,40.219237,-77.001047,PA,Cumberland,Lisburn
17055,40.219237,-77.001047,PA,Cumberland,Locust Point
17055,40.219237,-77.001047,PA,Cumberland,Mech
17055,40.219237,-77.001047,PA,Cumberland,Mechancsbrg
17055,40.219237,-77.001047,PA,Cumberland,Mechanicsburg
17055,40.219237,-77.001047,PA,Cumberland,Mechbg
17055,40.219237,-77.001047,PA,Cumberland,Mount Allen
17055,40.219237,-77.001047,PA,Cumberland,Navy Ships
17055,40.219237,-77.001047,PA,Cumberland,Navy Sup Dpt
17055,40.219237,-77.001047,PA,Cumberland,Shepherdstown
17055,40.219237,-77.001047,PA,Cumberland,Upper Allen
17055,40.219237,-77.001047,PA,Cumberland,Williams Grv
17055,40.219237,-77.001047,PA,Cumberland,Winding Hill
17056,40.536642,-77.354394,PA,Juniata,Mexico
17057,40.204159,-76.734268,PA,Dauphin,H I A
17057,40.204159,-76.734268,PA,Dauphin,HBG Inter Airp
17057,40.204159,-76.734268,PA,Dauphin,Londonderry
17057,40.204159,-76.734268,PA,Dauphin,Lower Swatara
17057,40.204159,-76.734268,PA,Dauphin,Mdt
17057,40.204159,-76.734268,PA,Dauphin,Middletown
17057,40.204159,-76.734268,PA,Dauphin,Middletwn
17057,40.204159,-76.734268,PA,Dauphin,Midltwn
17057,40.204159,-76.734268,PA,Dauphin,Royalton
17057,40.204159,-76.734268,PA,Dauphin,Shope Gardens
17058,40.565928,-77.406815,PA,Juniata,Doyles Mills
17058,40.565928,-77.406815,PA,Juniata,McCoysville
17058,40.565928,-77.406815,PA,Juniata,Mifflin
17058,40.565928,-77.406815,PA,Juniata,Nook
17059,40.573604,-77.387497,PA,Juniata,Arch Rock
17059,40.573604,-77.387497,PA,Juniata,Cuba Mills
17059,40.573604,-77.387497,PA,Juniata,Denholm
17059,40.573604,-77.387497,PA,Juniata,East Salem
17059,40.573604,-77.387497,PA,Juniata,Fermanagh
17059,40.573604,-77.387497,PA,Juniata,Jericho Mills
17059,40.573604,-77.387497,PA,Juniata,Macedonia
17059,40.573604,-77.387497,PA,Juniata,Mifflintown
17059,40.573604,-77.387497,PA,Juniata,Van Wert
17059,40.573604,-77.387497,PA,Juniata,Walker
17059,40.573604,-77.387497,PA,Juniata,Zooks Dam
17060,40.445595,-77.904057,PA,Huntingdon,Mill Creek
17060,40.445595,-77.904057,PA,Huntingdon,Mill Crk
17060,40.445595,-77.904057,PA,Huntingdon,Mlcreek
17061,40.56702,-76.9176,PA,Dauphin,Killinger
17061,40.56702,-76.9176,PA,Dauphin,Lenkerville
17061,40.56702,-76.9176,PA,Dauphin,Millersbg
17061,40.56702,-76.9176,PA,Dauphin,Millersburg
17061,40.56702,-76.9176,PA,Dauphin,Rife
17061,40.56702,-76.9176,PA,Dauphin,Upper Paxton
17062,40.57062,-77.13168,PA,Perry,Donnally Mill
17062,40.57062,-77.13168,PA,Perry,Eshcol
17062,40.57062,-77.13168,PA,Perry,Knousetown
17062,40.57062,-77.13168,PA,Perry,Millerstown
17062,40.57062,-77.13168,PA,Perry,Reward
17062,40.57062,-77.13168,PA,Perry,Seven Stars
17063,40.716078,-77.590384,PA,Mifflin,Locke Mills
17063,40.716078,-77.590384,PA,Mifflin,Milroy
17063,40.716078,-77.590384,PA,Mifflin,Naginey
17063,40.716078,-77.590384,PA,Mifflin,Roseann
17063,40.716078,-77.590384,PA,Mifflin,Siglerville
17064,40.245217,-76.468668,PA,Lebanon,Mount Gretna
17064,40.245217,-76.468668,PA,Lebanon,Mt Gretna
17064,40.245217,-76.468668,PA,Lebanon,Mt Gretna Hts
17065,40.117148,-77.192329,PA,Cumberland,Mount Holly Spgs
17065,40.117148,-77.192329,PA,Cumberland,Mount Holly Springs
17065,40.117148,-77.192329,PA,Cumberland,Mt Holly Spgs
17065,40.117148,-77.192329,PA,Cumberland,Mt Holly Springs
17065,40.117148,-77.192329,PA,Cumberland,Upper Mill
17066,40.38606,-77.87406,PA,Huntingdon,Aughwick
17066,40.38606,-77.87406,PA,Huntingdon,Lucy Furnace
17066,40.38606,-77.87406,PA,Huntingdon,Mount Union
17066,40.38606,-77.87406,PA,Huntingdon,Mt Union
17066,40.38606,-77.87406,PA,Huntingdon,Silver Ford
17067,40.377563,-76.31874,PA,Lebanon,Frystown
17067,40.377563,-76.31874,PA,Lebanon,Greble
17067,40.377563,-76.31874,PA,Lebanon,Millardsville
17067,40.377563,-76.31874,PA,Lebanon,Myerstown
17067,40.377563,-76.31874,PA,Lebanon,Myerstwn
17067,40.377563,-76.31874,PA,Lebanon,Reistville
17068,40.418905,-77.189502,PA,Perry,Mecks Corner
17068,40.418905,-77.189502,PA,Perry,New Bloomfield
17068,40.418905,-77.189502,PA,Perry,New Bloomfld
17068,40.418905,-77.189502,PA,Perry,Paradise Park
17068,40.418905,-77.189502,PA,Perry,Perry Village
17069,40.456714,-76.97108,PA,Perry,New Buffalo
17070,40.21014,-76.86936,PA,Cumberland,Drexel Hills
17070,40.21014,-76.86936,PA,Cumberland,Fair Acres
17070,40.21014,-76.86936,PA,Cumberland,Frogtown
17070,40.21014,-76.86936,PA,Cumberland,Marsh Run
17070,40.21014,-76.86936,PA,Cumberland,N Cumberld
17070,40.21014,-76.86936,PA,Cumberland,New Cmbrlnd
17070,40.21014,-76.86936,PA,Cumberland,New Cumb
17070,40.21014,-76.86936,PA,Cumberland,New Cumberland
17070,40.21014,-76.86936,PA,Cumberland,New Cumberland Army D
17070,40.21014,-76.86936,PA,Cumberland,New Cumberlnd
17070,40.21014,-76.86936,PA,Cumberland,New Market
17070,40.21014,-76.86936,PA,Cumberland,Newcmbrlnd
17070,40.21014,-76.86936,PA,Cumberland,Nw Cumb
17070,40.21014,-76.86936,PA,Cumberland,Nw Cumberland
17070,40.21014,-76.86936,PA,Cumberland,Nw Cumberlnd
17070,40.21014,-76.86936,PA,Cumberland,Rudytown
17070,40.21014,-76.86936,PA,Cumberland,Westfield Ter
17071,40.282231,-77.577883,PA,Perry,New Germanton
17071,40.282231,-77.577883,PA,Perry,New Germantown
17071,40.282231,-77.577883,PA,Perry,Toboyne
17072,40.26981,-76.984102,PA,Cumberland,New Kingstown
17073,40.30872,-76.2528,PA,Lebanon,Millbach
17073,40.30872,-76.2528,PA,Lebanon,Millbach Sprs
17073,40.30872,-76.2528,PA,Lebanon,Newmanstown
17073,40.30872,-76.2528,PA,Lebanon,Sheridan
17073,40.30872,-76.2528,PA,Lebanon,Stricklerstwn
17074,40.476,-77.1555,PA,Perry,Bailey
17074,40.476,-77.1555,PA,Perry,East Newport
17074,40.476,-77.1555,PA,Perry,Everhartville
17074,40.476,-77.1555,PA,Perry,Howe
17074,40.476,-77.1555,PA,Perry,Mannsville
17074,40.476,-77.1555,PA,Perry,Markelsville
17074,40.476,-77.1555,PA,Perry,Montgomery Fy
17074,40.476,-77.1555,PA,Perry,Newport
17074,40.476,-77.1555,PA,Perry,Newprt
17074,40.476,-77.1555,PA,Perry,Nwprt
17074,40.476,-77.1555,PA,Perry,Saville
17074,40.476,-77.1555,PA,Perry,Walnut Grove
17074,40.476,-77.1555,PA,Perry,Wila
17075,40.393403,-77.835133,PA,Mifflin,Newtn Hamltn
17075,40.393403,-77.835133,PA,Mifflin,Newton Hamilton
17075,40.393403,-77.835133,PA,Mifflin,Newton Hamltn
17076,40.608663,-77.316236,PA,Juniata,Oakland Mills
17077,40.40431,-76.534928,PA,Lebanon,Ono
17078,40.299264,-76.586642,PA,Lebanon,Coffeetown
17078,40.299264,-76.586642,PA,Lebanon,N Londonderry
17078,40.299264,-76.586642,PA,Lebanon,Palmyra
17078,40.299264,-76.586642,PA,Lebanon,Upper Lawn
17080,40.641215,-76.8047,PA,Dauphin,Pillow
17081,40.204234,-77.290805,PA,Cumberland,Plainfield
17081,40.204234,-77.290805,PA,Cumberland,Wolfs X Rds
17082,40.52088,-77.4144,PA,Juniata,Academia
17082,40.52088,-77.4144,PA,Juniata,Beale
17082,40.52088,-77.4144,PA,Juniata,Old Port
17082,40.52088,-77.4144,PA,Juniata,Pleasantview
17082,40.52088,-77.4144,PA,Juniata,Port Royal
17082,40.52088,-77.4144,PA,Juniata,Pt Royal
17082,40.52088,-77.4144,PA,Juniata,Seven Pines
17082,40.52088,-77.4144,PA,Juniata,Spruce Hill
17082,40.52088,-77.4144,PA,Juniata,Turbett
17083,40.281931,-76.437757,PA,Lebanon,Cornwall
17083,40.281931,-76.437757,PA,Lebanon,Quentin
17084,40.67762,-77.606927,PA,Mifflin,Barrville
17084,40.67762,-77.606927,PA,Mifflin,Gardenview
17084,40.67762,-77.606927,PA,Mifflin,Reedsville
17084,40.67762,-77.606927,PA,Mifflin,Shraders
17085,40.275485,-76.383567,PA,Lebanon,Rexmont
17086,40.698624,-77.126607,PA,Juniata,Evendale
17086,40.698624,-77.126607,PA,Juniata,Richfield
17086,40.698624,-77.126607,PA,Juniata,West Perry
17087,40.360624,-76.26432,PA,Lebanon,Richland
17088,40.298697,-76.299045,PA,Lebanon,Schaefferstown
17088,40.298697,-76.299045,PA,Lebanon,Schaefferstwn
17089,40.253878,-76.927333,PA,Cumberland,Blue Shield
17089,40.253878,-76.927333,PA,Cumberland,Camp Hill
17089,40.253878,-76.927333,PA,Cumberland,Pennsylvania Blue Shield
17090,40.34144,-77.177825,PA,Perry,Shermans Dale
17090,40.34144,-77.177825,PA,Perry,Shermansdale
17091,40.242748,-76.920504,PA,Lebanon,Genco
17091,40.242748,-76.920504,PA,Lebanon,Lebanon
17093,40.294042,-76.929935,PA,Cumberland,Summerdale
17094,40.564068,-77.23709,PA,Juniata,Locust Run
17094,40.564068,-77.23709,PA,Juniata,Maze
17094,40.564068,-77.23709,PA,Juniata,Thompsontown
17097,40.572367,-76.688285,PA,Dauphin,Wiconisco
17098,40.578618,-76.628591,PA,Dauphin,Green Fields
17098,40.578618,-76.628591,PA,Dauphin,Williams
17098,40.578618,-76.628591,PA,Dauphin,Williamstown
17099,40.640569,-77.579797,PA,Mifflin,Yeagertown
17099,40.640569,-77.579797,PA,Mifflin,Yeagertwn
17101,40.262172,-76.880556,PA,Dauphin,Harrisburg
17101,40.262172,-76.880556,PA,Dauphin,HBG
17102,40.25898,-76.86294,PA,Dauphin,Harrisburg
17102,40.25898,-76.86294,PA,Dauphin,HBG
17102,40.25898,-76.86294,PA,Dauphin,West End
17103,40.25958,-76.86018,PA,Dauphin,Harrisburg
17103,40.25958,-76.86018,PA,Dauphin,HBG
17103,40.25958,-76.86018,PA,Dauphin,Penbrook
17104,40.260352,-76.855909,PA,Dauphin,Harrisburg
17104,40.260352,-76.855909,PA,Dauphin,HBG
17105,40.299869,-76.799562,PA,Dauphin,Harrisburg
17105,40.299869,-76.799562,PA,Dauphin,HBG
17106,40.233872,-76.819088,PA,Dauphin,Harrisburg
17106,40.233872,-76.819088,PA,Dauphin,HBG
17107,40.296479,-76.874607,PA,Dauphin,Harrisburg
17107,40.296479,-76.874607,PA,Dauphin,HBG
17107,40.296479,-76.874607,PA,Dauphin,USPS Official
17108,40.281473,-76.846974,PA,Dauphin,Harrisburg
17108,40.281473,-76.846974,PA,Dauphin,HBG
17109,40.30128,-76.79994,PA,Dauphin,Harrisburg
17109,40.30128,-76.79994,PA,Dauphin,Lower Paxton
17110,40.30893,-76.874147,PA,Dauphin,Harrisburg
17111,40.27044,-76.80546,PA,Dauphin,Harrisburg
17111,40.27044,-76.80546,PA,Dauphin,Swatara
17112,40.33806,-76.80378,PA,Dauphin,Harrisburg
17112,40.33806,-76.80378,PA,Dauphin,Linglestown
17112,40.33806,-76.80378,PA,Dauphin,Lower Paxton
17112,40.33806,-76.80378,PA,Dauphin,Paxtonia
17113,40.24728,-76.84248,PA,Dauphin,Bressler
17113,40.24728,-76.84248,PA,Dauphin,Harrisburg
17113,40.24728,-76.84248,PA,Dauphin,Oberlin
17113,40.24728,-76.84248,PA,Dauphin,Steelton
17120,40.267283,-76.881635,PA,Dauphin,Harrisburg
17120,40.267283,-76.881635,PA,Dauphin,HBG
17120,40.267283,-76.881635,PA,Dauphin,State of Pennsylvania
17121,40.314697,-76.874265,PA,Dauphin,Harrisburg
17121,40.314697,-76.874265,PA,Dauphin,HBG
17121,40.314697,-76.874265,PA,Dauphin,State Employment Security
17122,40.263288,-76.881597,PA,Dauphin,Bureau of Motor Vehicles
17122,40.263288,-76.881597,PA,Dauphin,Harrisburg
17122,40.263288,-76.881597,PA,Dauphin,HBG
17123,40.265958,-76.880448,PA,Dauphin,Harrisburg
17123,40.265958,-76.880448,PA,Dauphin,HBG
17123,40.265958,-76.880448,PA,Dauphin,Traffic Safety
17124,40.266009,-76.881673,PA,Dauphin,Harrisburg
17124,40.266009,-76.881673,PA,Dauphin,HBG
17124,40.266009,-76.881673,PA,Dauphin,State Liquor Control
17125,40.266171,-76.880912,PA,Dauphin,Harrisburg
17125,40.266171,-76.880912,PA,Dauphin,HBG
17125,40.266171,-76.880912,PA,Dauphin,State General Services
17126,40.26539,-76.880316,PA,Dauphin,Harrisburg
17126,40.26539,-76.880316,PA,Dauphin,HBG
17126,40.26539,-76.880316,PA,Dauphin,State Dept of Education
17127,40.263282,-76.876977,PA,Dauphin,Department of Revenue
17127,40.263282,-76.876977,PA,Dauphin,Harrisburg
17127,40.263282,-76.876977,PA,Dauphin,HBG
17128,40.263931,-76.8834,PA,Dauphin,Department of Revenue
17128,40.263931,-76.8834,PA,Dauphin,Harrisburg
17128,40.263931,-76.8834,PA,Dauphin,HBG
17129,40.263185,-76.882694,PA,Dauphin,Harrisburg
17129,40.263185,-76.882694,PA,Dauphin,HBG
17130,40.273135,-76.888847,PA,Dauphin,Harrisburg
17130,40.273135,-76.888847,PA,Dauphin,HBG
17130,40.273135,-76.888847,PA,Dauphin,Pheaa
17140,40.259652,-76.807717,PA,Dauphin,Blue Shield
17140,40.259652,-76.807717,PA,Dauphin,Harrisburg
17140,40.259652,-76.807717,PA,Dauphin,HBG
17140,40.259652,-76.807717,PA,Dauphin,Pa Blue Shield
17177,40.290362,-76.812588,PA,Dauphin,Blue Cross
17177,40.290362,-76.812588,PA,Dauphin,Capital Blue Cross
17177,40.290362,-76.812588,PA,Dauphin,Harrisburg
17177,40.290362,-76.812588,PA,Dauphin,HBG
17201,39.93348,-77.67456,PA,Franklin,Aqua
17201,39.93348,-77.67456,PA,Franklin,Beautiful
17201,39.93348,-77.67456,PA,Franklin,Chambersburg
17201,39.93348,-77.67456,PA,Franklin,Cheesetown
17201,39.93348,-77.67456,PA,Franklin,Clay Hill
17201,39.93348,-77.67456,PA,Franklin,Duffield
17201,39.93348,-77.67456,PA,Franklin,Franklin Furn
17201,39.93348,-77.67456,PA,Franklin,Greenvillage
17201,39.93348,-77.67456,PA,Franklin,Guilford
17201,39.93348,-77.67456,PA,Franklin,Guilford Sprs
17201,39.93348,-77.67456,PA,Franklin,Housum
17201,39.93348,-77.67456,PA,Franklin,Jackson Hall
17201,39.93348,-77.67456,PA,Franklin,Kauffman
17201,39.93348,-77.67456,PA,Franklin,Kerrstown
17201,39.93348,-77.67456,PA,Franklin,Kerrstown Sq
17201,39.93348,-77.67456,PA,Franklin,Letterkenny Army Depo
17201,39.93348,-77.67456,PA,Franklin,New Franklin
17201,39.93348,-77.67456,PA,Franklin,Nyesville
17201,39.93348,-77.67456,PA,Franklin,Pond Bank
17201,39.93348,-77.67456,PA,Franklin,Red Bridge
17201,39.93348,-77.67456,PA,Franklin,Stoufferstown
17201,39.93348,-77.67456,PA,Franklin,Sunbeam
17201,39.93348,-77.67456,PA,Franklin,Turkeyfoot
17202,39.941877,-77.67391,PA,Franklin,Chambersburg
17210,40.197059,-77.651373,PA,Franklin,Amberson
17211,39.767488,-78.406126,PA,Bedford,Artemas
17211,39.767488,-78.406126,PA,Bedford,Inglesmith
17211,39.767488,-78.406126,PA,Bedford,Mann
17212,39.88248,-78.0204,PA,Fulton,Big Cove Tann
17212,39.88248,-78.0204,PA,Fulton,Big Cove Tannery
17212,39.88248,-78.0204,PA,Fulton,Needmore
17213,40.254967,-77.776007,PA,Huntingdon,Blairs Mills
17213,40.254967,-77.776007,PA,Huntingdon,Lack
17213,40.254967,-77.776007,PA,Huntingdon,Nossville
17213,40.254967,-77.776007,PA,Huntingdon,Richvale
17213,40.254967,-77.776007,PA,Huntingdon,Shade Valley
17213,40.254967,-77.776007,PA,Huntingdon,Tell
17214,39.730375,-77.470658,PA,Franklin,Blue Ridge Sm
17214,39.730375,-77.470658,PA,Franklin,Blue Ridge Summit
17214,39.730375,-77.470658,PA,Franklin,Charmian
17215,40.06331,-77.905418,PA,Fulton,Burnt Cabins
17217,40.255335,-77.699826,PA,Franklin,Concord
17219,40.21794,-77.7135,PA,Franklin,Doylesburg
17219,40.21794,-77.7135,PA,Franklin,Dry Run
17219,40.21794,-77.7135,PA,Franklin,Fannett
17220,40.179521,-77.749505,PA,Franklin,Dry Run
17221,40.064497,-77.82426,PA,Franklin,Boggstown
17221,40.064497,-77.82426,PA,Franklin,Fannettsburg
17222,39.895994,-77.531945,PA,Franklin,Fayetteville
17223,40.060812,-77.970494,PA,Fulton,Fort Littletn
17223,40.060812,-77.970494,PA,Fulton,Fort Littleton
17223,40.060812,-77.970494,PA,Fulton,Ft Littleton
17223,40.060812,-77.970494,PA,Fulton,Mc Connellsburg
17224,39.98052,-77.89872,PA,Franklin,Bricker Dev
17224,39.98052,-77.89872,PA,Franklin,Cowans Gap
17224,39.98052,-77.89872,PA,Franklin,Cowans Vlg
17224,39.98052,-77.89872,PA,Franklin,Fort Loudon
17224,39.98052,-77.89872,PA,Franklin,Ft Loudon
17224,39.98052,-77.89872,PA,Franklin,Metal
17224,39.98052,-77.89872,PA,Franklin,Richmond Furn
17224,39.98052,-77.89872,PA,Franklin,Tuscarora Hts
17225,39.789267,-77.752975,PA,Franklin,Bino
17225,39.789267,-77.752975,PA,Franklin,Cosytown
17225,39.789267,-77.752975,PA,Franklin,Greencastle
17225,39.789267,-77.752975,PA,Franklin,Mason Dixon
17225,39.789267,-77.752975,PA,Franklin,Milnor
17225,39.789267,-77.752975,PA,Franklin,Upton
17225,39.789267,-77.752975,PA,Franklin,Waynecastle
17225,39.789267,-77.752975,PA,Franklin,Welsh Run
17225,39.789267,-77.752975,PA,Franklin,Worleytown
17228,39.977362,-78.082703,PA,Fulton,Gracey
17228,39.977362,-78.082703,PA,Fulton,Harrisonville
17228,39.977362,-78.082703,PA,Fulton,Hustontown
17228,39.977362,-78.082703,PA,Fulton,Licking Creek
17228,39.977362,-78.082703,PA,Fulton,Saluvia
17229,40.120009,-77.992025,PA,Fulton,Hustontown
17229,40.120009,-77.992025,PA,Fulton,Hustontwn
17231,39.856695,-77.860814,PA,Franklin,Lemasters
17232,40.093194,-77.632098,PA,Franklin,Lurgan
17233,39.95694,-77.96364,PA,Fulton,Andover
17233,39.95694,-77.96364,PA,Fulton,Cito
17233,39.95694,-77.96364,PA,Fulton,Knobsville
17233,39.95694,-77.96364,PA,Fulton,Mc Connellsbg
17233,39.95694,-77.96364,PA,Fulton,Mc Connellsburg
17233,39.95694,-77.96364,PA,Fulton,McConnellsburg
17233,39.95694,-77.96364,PA,Fulton,Webster Mills
17235,39.860111,-77.698187,PA,Franklin,Marion
17236,39.81342,-77.95746,PA,Franklin,Africa
17236,39.81342,-77.95746,PA,Franklin,Charlestown
17236,39.81342,-77.95746,PA,Franklin,Claylick
17236,39.81342,-77.95746,PA,Franklin,Cove Gap
17236,39.81342,-77.95746,PA,Franklin,Dickey
17236,39.81342,-77.95746,PA,Franklin,Kasiesville
17236,39.81342,-77.95746,PA,Franklin,Markes
17236,39.81342,-77.95746,PA,Franklin,Mercersburg
17236,39.81342,-77.95746,PA,Franklin,Peters
17236,39.81342,-77.95746,PA,Franklin,Shimpstown
17236,39.81342,-77.95746,PA,Franklin,Sylvan
17237,39.841479,-77.558453,PA,Franklin,Mont Alto
17238,39.8733,-78.14052,PA,Fulton,Belfast
17238,39.8733,-78.14052,PA,Fulton,Needmore
17238,39.8733,-78.14052,PA,Fulton,Sipes Mill
17239,40.130165,-77.856685,PA,Huntingdon,Neelyton
17240,40.116059,-77.602385,PA,Cumberland,Newburg
17241,40.168351,-77.382711,PA,Cumberland,Bloserville
17241,40.168351,-77.382711,PA,Cumberland,Cobblerville
17241,40.168351,-77.382711,PA,Cumberland,Dickinson
17241,40.168351,-77.382711,PA,Cumberland,Doubling Gap
17241,40.168351,-77.382711,PA,Cumberland,Entlerville
17241,40.168351,-77.382711,PA,Cumberland,Greenspring
17241,40.168351,-77.382711,PA,Cumberland,Hays Grove
17241,40.168351,-77.382711,PA,Cumberland,Heberlig
17241,40.168351,-77.382711,PA,Cumberland,Little Wash
17241,40.168351,-77.382711,PA,Cumberland,Lower Mifflin
17241,40.168351,-77.382711,PA,Cumberland,McCrea
17241,40.168351,-77.382711,PA,Cumberland,Newville
17241,40.168351,-77.382711,PA,Cumberland,North Newton
17241,40.168351,-77.382711,PA,Cumberland,Upper Frankfd
17241,40.168351,-77.382711,PA,Cumberland,Upper Mifflin
17241,40.168351,-77.382711,PA,Cumberland,West Pennsboro
17243,40.23942,-77.90712,PA,Huntingdon,Blacklog
17243,40.23942,-77.90712,PA,Huntingdon,Maddensville
17243,40.23942,-77.90712,PA,Huntingdon,Meadow Gap
17243,40.23942,-77.90712,PA,Huntingdon,Orbisonia
17244,40.07852,-77.650599,PA,Franklin,Orrstown
17246,40.057748,-77.675087,PA,Franklin,Pleasant Hall
17247,39.802622,-77.573943,PA,Franklin,Quincy
17249,40.24298,-77.900687,PA,Huntingdon,Rockhill Furn
17249,40.24298,-77.900687,PA,Huntingdon,Rockhill Furnace
17250,39.735149,-77.526368,PA,Franklin,Rouzerville
17251,40.110564,-77.660331,PA,Franklin,Roxbury
17252,39.915118,-77.808351,PA,Franklin,Saint Thomas
17252,39.915118,-77.808351,PA,Franklin,St Thomas
17253,40.211755,-78.00519,PA,Huntingdon,Saltillo
17254,39.967955,-77.584588,PA,Franklin,Scotland
17255,40.178946,-77.864435,PA,Huntingdon,Shade Gap
17256,39.777763,-77.668729,PA,Franklin,Shady Grove
17257,40.038795,-77.553738,PA,Cumberland,Cleversburg
17257,40.038795,-77.553738,PA,Cumberland,Lees Cross Rd
17257,40.038795,-77.553738,PA,Cumberland,Mainsville
17257,40.038795,-77.553738,PA,Cumberland,Middle Spring
17257,40.038795,-77.553738,PA,Cumberland,Mongul
17257,40.038795,-77.553738,PA,Cumberland,Mowersville
17257,40.038795,-77.553738,PA,Cumberland,Pinola
17257,40.038795,-77.553738,PA,Cumberland,Shippensburg
17257,40.038795,-77.553738,PA,Cumberland,Stoughstown
17257,40.038795,-77.553738,PA,Cumberland,Tusculam
17260,40.321076,-77.848669,PA,Huntingdon,Mount Union
17260,40.321076,-77.848669,PA,Huntingdon,Shirleysburg
17261,39.834092,-77.474209,PA,Franklin,S Mountain
17261,39.834092,-77.474209,PA,Franklin,South Mountain
17262,40.150278,-77.744679,PA,Franklin,Spring Run
17263,39.722985,-77.719158,PA,Franklin,State Line
17264,40.17438,-77.98818,PA,Huntingdon,Cherry Grove
17264,40.17438,-77.98818,PA,Huntingdon,Pogue
17264,40.17438,-77.98818,PA,Huntingdon,Selea
17264,40.17438,-77.98818,PA,Huntingdon,Three Springs
17265,40.052056,-77.753164,PA,Franklin,Upper Strasbg
17265,40.052056,-77.753164,PA,Franklin,Upperstrasbrg
17265,40.052056,-77.753164,PA,Franklin,Upperstrasburg
17266,40.104396,-77.525358,PA,Cumberland,South Newton
17266,40.104396,-77.525358,PA,Cumberland,Walnut Bottom
17267,39.776683,-78.204091,PA,Fulton,Amaranth
17267,39.776683,-78.204091,PA,Fulton,Buck Valley
17267,39.776683,-78.204091,PA,Fulton,Dott
17267,39.776683,-78.204091,PA,Fulton,Stoneybreak
17267,39.776683,-78.204091,PA,Fulton,Warfordsburg
17268,39.761199,-77.570415,PA,Franklin,Altenwald
17268,39.761199,-77.570415,PA,Franklin,Biesecker Gap
17268,39.761199,-77.570415,PA,Franklin,Cress
17268,39.761199,-77.570415,PA,Franklin,Eastland Hill
17268,39.761199,-77.570415,PA,Franklin,Fiveforks
17268,39.761199,-77.570415,PA,Franklin,Fox Hill
17268,39.761199,-77.570415,PA,Franklin,Glen Forney
17268,39.761199,-77.570415,PA,Franklin,Good
17268,39.761199,-77.570415,PA,Franklin,Pen Mar
17268,39.761199,-77.570415,PA,Franklin,Pennersville
17268,39.761199,-77.570415,PA,Franklin,Polktown
17268,39.761199,-77.570415,PA,Franklin,Roadside
17268,39.761199,-77.570415,PA,Franklin,Tomstown
17268,39.761199,-77.570415,PA,Franklin,Wayne Heights
17268,39.761199,-77.570415,PA,Franklin,Waynesboro
17268,39.761199,-77.570415,PA,Franklin,Weltys
17270,39.852601,-77.803176,PA,Franklin,Williamson
17271,40.110786,-77.793814,PA,Franklin,Willow Hill
17272,39.767422,-77.624697,PA,Franklin,Zullinger
17301,39.885968,-76.997348,PA,Adams,Abbottstown
17302,39.768902,-76.372021,PA,York,Airville
17302,39.768902,-76.372021,PA,York,Collinsville
17302,39.768902,-76.372021,PA,York,Kyleville
17302,39.768902,-76.372021,PA,York,Muddy Creek Forks
17302,39.768902,-76.372021,PA,York,Sunnyburn
17302,39.768902,-76.372021,PA,York,Woodbine
17303,39.921479,-77.297065,PA,Adams,Arendtsville
17304,39.978814,-77.237058,PA,Adams,Aspers
17304,39.978814,-77.237058,PA,Adams,Center Mills
17306,39.981919,-77.252284,PA,Adams,Bendersville
17307,39.934161,-77.293238,PA,Adams,Beecherstown
17307,39.934161,-77.293238,PA,Adams,Biglerville
17307,39.934161,-77.293238,PA,Adams,Brysonia
17307,39.934161,-77.293238,PA,Adams,Floradale
17307,39.934161,-77.293238,PA,Adams,Guernsey
17307,39.934161,-77.293238,PA,Adams,Table Rock
17309,39.87062,-76.451716,PA,York,Brogue
17309,39.87062,-76.451716,PA,York,Shenks Ferry
17310,39.888603,-77.358894,PA,Adams,Cashtown
17311,39.822382,-76.84359,PA,York,Codorus
17312,39.945887,-76.510486,PA,York,Craley
17313,39.901404,-76.648789,PA,York,Dallastown
17313,39.901404,-76.648789,PA,York,Yoe
17314,39.73,-76.313333,PA,York,Bryansville
17314,39.73,-76.313333,PA,York,Coal Cabin Beach
17314,39.73,-76.313333,PA,York,Delta
17314,39.73,-76.313333,PA,York,Slate Hill
17314,39.73,-76.313333,PA,York,West Bangor
17315,40.01382,-76.81584,PA,York,Bigmount
17315,40.01382,-76.81584,PA,York,Davidsburg
17315,40.01382,-76.81584,PA,York,Dover
17315,40.01382,-76.81584,PA,York,Mount Royal
17315,40.01382,-76.81584,PA,York,York
17316,39.960645,-77.023324,PA,Adams,East Berlin
17317,39.96824,-76.521232,PA,York,East Prospect
17318,40.01766,-76.73166,PA,York,Emigsville
17319,40.152317,-76.794239,PA,York,Etters
17319,40.152317,-76.794239,PA,York,Goldsboro
17319,40.152317,-76.794239,PA,York,Newberrytown
17319,40.152317,-76.794239,PA,York,Yocumtown
17320,39.7551,-77.37629,PA,Adams,Carroll Valley
17320,39.7551,-77.37629,PA,Adams,Charnita
17320,39.7551,-77.37629,PA,Adams,Fairfield
17320,39.7551,-77.37629,PA,Adams,Greenstone
17321,39.75228,-76.44744,PA,York,Fawn
17321,39.75228,-76.44744,PA,York,Fawn Grove
17322,39.860272,-76.566178,PA,York,Brogueville
17322,39.860272,-76.566178,PA,York,Cross Roads
17322,39.860272,-76.566178,PA,York,Felton
17322,39.860272,-76.566178,PA,York,Lucky
17323,40.074158,-77.031429,PA,York,Franklintown
17324,40.011966,-77.195076,PA,Adams,Gardners
17324,40.011966,-77.195076,PA,Adams,Goodyear
17324,40.011966,-77.195076,PA,Adams,Hunters Run
17324,40.011966,-77.195076,PA,Adams,Mount Tabor
17324,40.011966,-77.195076,PA,Adams,Pine Grove Furnace
17324,40.011966,-77.195076,PA,Adams,Starners Station
17324,40.011966,-77.195076,PA,Adams,Toland
17324,40.011966,-77.195076,PA,Adams,Uriah
17325,39.851653,-77.260693,PA,Adams,Bonneauville
17325,39.851653,-77.260693,PA,Adams,Fairplay
17325,39.851653,-77.260693,PA,Adams,Gettysburg
17325,39.851653,-77.260693,PA,Adams,Heidlersburg
17325,39.851653,-77.260693,PA,Adams,Hunterstown
17326,39.82952,-77.234376,PA,Adams,Federal Communications Com
17326,39.82952,-77.234376,PA,Adams,Gettysburg
17327,39.798447,-76.722134,PA,York,Glen Rock
17327,39.798447,-76.722134,PA,York,Hametown
17327,39.798447,-76.722134,PA,York,Larue
17329,39.75786,-76.87122,PA,York,Brodbecks
17329,39.75786,-76.87122,PA,York,Glenville
17329,39.75786,-76.87122,PA,York,Sticks
17331,39.79662,-77.00142,PA,York,Baresville
17331,39.79662,-77.00142,PA,York,Bowman Addition
17331,39.79662,-77.00142,PA,York,Brushtown
17331,39.79662,-77.00142,PA,York,Edgegrove
17331,39.79662,-77.00142,PA,York,Fairview Drive
17331,39.79662,-77.00142,PA,York,Gitts Run
17331,39.79662,-77.00142,PA,York,Gnatstown
17331,39.79662,-77.00142,PA,York,Grangeville
17331,39.79662,-77.00142,PA,York,Green Springs
17331,39.79662,-77.00142,PA,York,Hanover
17331,39.79662,-77.00142,PA,York,Hershey Heights
17331,39.79662,-77.00142,PA,York,Hobart
17331,39.79662,-77.00142,PA,York,Jacobs Mills
17331,39.79662,-77.00142,PA,York,Moulstown
17331,39.79662,-77.00142,PA,York,Park Heights
17331,39.79662,-77.00142,PA,York,Park Hills
17331,39.79662,-77.00142,PA,York,Parkville
17331,39.79662,-77.00142,PA,York,Pennville
17331,39.79662,-77.00142,PA,York,Pleasant Hill
17331,39.79662,-77.00142,PA,York,Shorbes Hill
17331,39.79662,-77.00142,PA,York,York Road
17332,39.798105,-76.988197,PA,York,Doubleday Co Inc
17332,39.798105,-76.988197,PA,York,Hanover
17333,39.824208,-76.990704,PA,York,Hanover
17333,39.824208,-76.990704,PA,York,Hanover House
17334,39.8047,-76.972916,PA,York,Doubleday Select
17334,39.8047,-76.972916,PA,York,Hanover
17337,40.013198,-77.20289,PA,Adams,Idaville
17339,40.12608,-76.87656,PA,York,Alpine
17339,40.12608,-76.87656,PA,York,Fortney
17339,40.12608,-76.87656,PA,York,Lewisberry
17339,40.12608,-76.87656,PA,York,Pinetown
17339,40.12608,-76.87656,PA,York,Silver Lake
17340,39.7632,-77.11716,PA,Adams,Kingsdale
17340,39.7632,-77.11716,PA,Adams,Littlestown
17340,39.7632,-77.11716,PA,Adams,White Hall
17342,39.852555,-76.707028,PA,York,Loganville
17343,39.864464,-77.336847,PA,Adams,Mc Knightstown
17343,39.864464,-77.336847,PA,Adams,McKnightstown
17344,39.804478,-77.019713,PA,Adams,Mc Sherrystown
17344,39.804478,-77.019713,PA,Adams,McSherrystown
17345,40.07368,-76.730034,PA,York,Manchester
17345,40.07368,-76.730034,PA,York,Strinestown
17347,40.054598,-76.690743,PA,York,Mount Wolf
17347,40.054598,-76.690743,PA,York,Saginaw
17347,40.054598,-76.690743,PA,York,Starview
17349,39.737783,-76.683516,PA,York,New Freedom
17349,39.737783,-76.683516,PA,York,Tolna
17350,39.88848,-77.0772,PA,Adams,New Oxford
17352,39.75192,-76.49568,PA,York,Bridgeton
17352,39.75192,-76.49568,PA,York,Gatchellville
17352,39.75192,-76.49568,PA,York,New Park
17353,39.880603,-77.384367,PA,Adams,Orrtanna
17354,39.849844,-76.879266,PA,York,Porters Sideling
17354,39.849844,-76.879266,PA,York,Ports Sidling
17354,39.849844,-76.879266,PA,York,Spring Grove
17355,39.76115,-76.697707,PA,York,Railroad
17356,39.903715,-76.60791,PA,York,Freysville
17356,39.903715,-76.60791,PA,York,New Bridgeville
17356,39.903715,-76.60791,PA,York,Pleasant View
17356,39.903715,-76.60791,PA,York,Red Lion
17356,39.903715,-76.60791,PA,York,Snyder Corner
17356,39.903715,-76.60791,PA,York,Springvale
17358,40.074374,-76.929624,PA,York,Rossville
17360,39.856827,-76.768562,PA,York,Seven Valleys
17361,39.762201,-76.678536,PA,York,Shrewsbury
17362,39.874292,-76.864491,PA,York,Menges Mills
17362,39.874292,-76.864491,PA,York,Nashville
17362,39.874292,-76.864491,PA,York,Sinsheim
17362,39.874292,-76.864491,PA,York,Spring Grove
17362,39.874292,-76.864491,PA,York,Stoverstown
17363,39.757217,-76.601719,PA,York,Rinely
17363,39.757217,-76.601719,PA,York,Stewartstown
17364,39.926966,-76.885934,PA,York,Thomasville
17365,40.057136,-76.938746,PA,York,Wellsville
17366,39.92354,-76.574778,PA,York,Bittersville
17366,39.92354,-76.574778,PA,York,Windsor
17368,40.015953,-76.528879,PA,York,Longlevel
17368,40.015953,-76.528879,PA,York,Wrightsville
17370,40.117401,-76.775929,PA,York,Cly
17370,40.117401,-76.775929,PA,York,York Haven
17371,39.9016,-76.791415,PA,York,York New Salem
17371,39.9016,-76.791415,PA,York,York Nw Salem
17372,40.003154,-77.111235,PA,Adams,York Springs
17375,39.973828,-77.231585,PA,Adams,Peach Glen
17401,39.961048,-76.728662,PA,York,York
17402,39.97683,-76.685313,PA,York,East York
17402,39.97683,-76.685313,PA,York,Fayfield
17402,39.97683,-76.685313,PA,York,Glades
17402,39.97683,-76.685313,PA,York,Locust Grove
17402,39.97683,-76.685313,PA,York,Longstown
17402,39.97683,-76.685313,PA,York,Mount Zion
17402,39.97683,-76.685313,PA,York,Pleasureville
17402,39.97683,-76.685313,PA,York,Spry
17402,39.97683,-76.685313,PA,York,Stonybrook
17402,39.97683,-76.685313,PA,York,York
17402,39.97683,-76.685313,PA,York,Yorklyn
17402,39.97683,-76.685313,PA,York,Yorkshire
17403,39.950251,-76.710456,PA,York,Botts
17403,39.950251,-76.710456,PA,York,Leaders Heights
17403,39.950251,-76.710456,PA,York,Ore Valley
17403,39.950251,-76.710456,PA,York,Windsor Park
17403,39.950251,-76.710456,PA,York,Wyndham Hills
17403,39.950251,-76.710456,PA,York,York
17404,39.971839,-76.774584,PA,York,Shiloh
17404,39.971839,-76.774584,PA,York,West York
17404,39.971839,-76.774584,PA,York,York
17405,39.971413,-76.677719,PA,York,York
17406,40.0152,-76.59744,PA,York,Accomac
17406,40.0152,-76.59744,PA,York,Hallam
17406,40.0152,-76.59744,PA,York,Hellam
17406,40.0152,-76.59744,PA,York,Highmount
17406,40.0152,-76.59744,PA,York,Kreutz Creek
17406,40.0152,-76.59744,PA,York,York
17406,40.0152,-76.59744,PA,York,Yorkana
17407,39.93804,-76.66608,PA,York,Jacobus
17407,39.93804,-76.66608,PA,York,York
17408,40.015315,-76.597579,PA,York,York
17415,39.964657,-76.729258,PA,York,North American Outdoor Group
17415,39.964657,-76.729258,PA,York,York
