29001,33.860717,-80.211061,SC,Clarendon,Alcolu
29002,34.160607,-81.262,SC,Richland,Ballentine
29003,33.2871,-81.02292,SC,Bamberg,Bamberg
29003,33.2871,-81.02292,SC,Bamberg,Midway
29006,33.88691,-81.534141,SC,Lexington,Batesburg
29006,33.88691,-81.534141,SC,Lexington,Batesburg Leesville
29006,33.88691,-81.534141,SC,Lexington,Batsbrg-Levil
29006,33.88691,-81.534141,SC,Lexington,Holtson Crossroads
29006,33.88691,-81.534141,SC,Lexington,Kneece
29006,33.88691,-81.534141,SC,Lexington,New Holland Crossroads
29006,33.88691,-81.534141,SC,Lexington,Samaria
29006,33.88691,-81.534141,SC,Lexington,Summerland
29009,34.433803,-80.36895,SC,Kershaw,Bethune
29010,34.21908,-80.27082,SC,Lee,Alcot
29010,34.21908,-80.27082,SC,Lee,Ashland
29010,34.21908,-80.27082,SC,Lee,Bishopville
29010,34.21908,-80.27082,SC,Lee,Lucknow
29010,34.21908,-80.27082,SC,Lee,Manville
29010,34.21908,-80.27082,SC,Lee,McCutchen Crossroads
29010,34.21908,-80.27082,SC,Lee,Mechanicsville
29010,34.21908,-80.27082,SC,Lee,Stokes Bridge
29010,34.21908,-80.27082,SC,Lee,Wisacky
29014,34.573234,-80.987145,SC,Chester,Blackstock
29014,34.573234,-80.987145,SC,Chester,Cornwell
29014,34.573234,-80.987145,SC,Chester,Douglass
29014,34.573234,-80.987145,SC,Chester,Stover
29014,34.573234,-80.987145,SC,Chester,Woodward
29015,34.321055,-81.130372,SC,Fairfield,Blair
29016,34.19224,-80.975064,SC,Richland,Blythewood
29018,33.34911,-80.687537,SC,Orangeburg,Bowman
29020,34.31304,-80.60556,SC,Kershaw,Antioch
29020,34.31304,-80.60556,SC,Kershaw,Camden
29020,34.31304,-80.60556,SC,Kershaw,Dusty Bend
29020,34.31304,-80.60556,SC,Kershaw,Kirkland
29020,34.31304,-80.60556,SC,Kershaw,Kirkwood
29020,34.31304,-80.60556,SC,Kershaw,Red Hill
29020,34.31304,-80.60556,SC,Kershaw,Shamokin
29021,34.313874,-80.605934,SC,Kershaw,Antioch
29021,34.313874,-80.605934,SC,Kershaw,Camden
29021,34.313874,-80.605934,SC,Kershaw,Dusty Bend
29021,34.313874,-80.605934,SC,Kershaw,Kirkland
29021,34.313874,-80.605934,SC,Kershaw,Kirkwood
29021,34.313874,-80.605934,SC,Kershaw,Red Hill
29021,34.313874,-80.605934,SC,Kershaw,Shamokin
29030,33.55,-80.71,SC,Calhoun,Cameron
29030,33.55,-80.71,SC,Calhoun,Creston
29030,33.55,-80.71,SC,Calhoun,Lone Star
29031,34.683284,-81.636507,SC,Union,Carlisle
29031,34.683284,-81.636507,SC,Union,Leeds
29031,34.683284,-81.636507,SC,Union,Tuckertown
29032,34.337084,-80.489212,SC,Kershaw,Cassatt
29033,33.965536,-81.069156,SC,Lexington,Cayce
29033,33.965536,-81.069156,SC,Lexington,Cayce-W Cola
29033,33.965536,-81.069156,SC,Lexington,Cayce-West Columbia
29033,33.965536,-81.069156,SC,Lexington,West Columbia
29036,34.14108,-81.3441,SC,Lexington,Chapin
29036,34.14108,-81.3441,SC,Lexington,Lake Murray
29037,34.235316,-81.841403,SC,Newberry,Bigcreek
29037,34.235316,-81.841403,SC,Newberry,Chappells
29038,33.370991,-80.963626,SC,Orangeburg,Cope
29039,33.456975,-80.894539,SC,Orangeburg,Cordova
29040,34.002009,-80.482959,SC,Sumter,Dalzell
29040,34.002009,-80.482959,SC,Sumter,Gaillard Crossroads
29040,34.002009,-80.482959,SC,Sumter,Woodrow
29041,33.601734,-80.264746,SC,Clarendon,Davis Station
29042,33.318209,-81.139139,SC,Bamberg,Denmark
29044,33.91836,-80.73216,SC,Richland,Congaree
29044,33.91836,-80.73216,SC,Richland,Eastover
29044,33.91836,-80.73216,SC,Richland,McEntire Air National Guard
29044,33.91836,-80.73216,SC,Richland,Wateree
29045,34.180379,-80.797725,SC,Kershaw,Elgin
29045,34.180379,-80.797725,SC,Kershaw,Pontiac
29046,34.115037,-80.183743,SC,Lee,Elliott
29047,33.531329,-80.571823,SC,Orangeburg,Elloree
29047,33.531329,-80.571823,SC,Orangeburg,Felderville
29048,33.40896,-80.32842,SC,Orangeburg,Eutaw Springs
29048,33.40896,-80.32842,SC,Orangeburg,Eutawville
29051,33.841591,-80.087052,SC,Clarendon,Gable
29052,33.849444,-80.76368,SC,Richland,Gadsden
29052,33.849444,-80.76368,SC,Richland,Kingville
29053,33.827254,-81.122127,SC,Lexington,Gaston
29054,33.948355,-81.383815,SC,Lexington,Gilbert
29055,34.570485,-80.902059,SC,Chester,Beckhamville
29055,34.570485,-80.902059,SC,Chester,Great Falls
29056,33.789296,-79.832893,SC,Williamsburg,Greeleyville
29058,34.5447,-80.75178,SC,Lancaster,Heath Springs
29058,34.5447,-80.75178,SC,Lancaster,Pleasant Hill
29058,34.5447,-80.75178,SC,Lancaster,Stoneboro
29059,33.322019,-80.412299,SC,Orangeburg,Bowyer
29059,33.322019,-80.412299,SC,Orangeburg,Holly Hill
29061,33.932888,-80.844488,SC,Richland,Hopkins
29061,33.932888,-80.844488,SC,Richland,Horrel Hill
29062,34.113377,-80.549366,SC,Sumter,Horatio
29063,34.122153,-81.195991,SC,Richland,Irmo
29065,34.244829,-81.264483,SC,Fairfield,Jenkinsville
29065,34.244829,-81.264483,SC,Fairfield,Monticello
29067,34.498309,-80.520734,SC,Lancaster,Abney
29067,34.498309,-80.520734,SC,Lancaster,Kershaw
29067,34.498309,-80.520734,SC,Lancaster,Spring Mills
29067,34.498309,-80.520734,SC,Lancaster,Taxahaw
29067,34.498309,-80.520734,SC,Lancaster,White Bluff
29069,34.181109,-80.057782,SC,Darlington,Cypress Crossroads
29069,34.181109,-80.057782,SC,Darlington,Lamar
29069,34.181109,-80.057782,SC,Darlington,Oats
29070,33.908554,-81.449991,SC,Lexington,Batesburg Leesville
29070,33.908554,-81.449991,SC,Lexington,Batsbrg-Levil
29070,33.908554,-81.449991,SC,Lexington,Delmar
29070,33.908554,-81.449991,SC,Lexington,Fairview Crossroads
29070,33.908554,-81.449991,SC,Lexington,Lake Murray Shores
29070,33.908554,-81.449991,SC,Lexington,Leesville
29070,33.908554,-81.449991,SC,Lexington,Steedman
29070,33.908554,-81.449991,SC,Lexington,Summit
29071,33.980985,-81.235011,SC,Lexington,Lexington
29072,33.97986,-81.26052,SC,Lexington,Barr
29072,33.97986,-81.26052,SC,Lexington,Edmund
29072,33.97986,-81.26052,SC,Lexington,Lexington
29072,33.97986,-81.26052,SC,Lexington,Macedon
29072,33.97986,-81.26052,SC,Lexington,Red Bank
29073,33.927355,-81.216327,SC,Lexington,Lexington
29074,34.453638,-80.790518,SC,Kershaw,Liberty Hill
29075,34.204268,-81.289172,SC,Newberry,Little Mountain
29075,34.204268,-81.289172,SC,Newberry,Little Mtn
29078,34.220008,-80.71366,SC,Kershaw,Lugoff
29079,34.285597,-80.034022,SC,Darlington,Lydia
29080,34.038853,-80.110297,SC,Lee,Atkins
29080,34.038853,-80.110297,SC,Lee,Lynchburg
29080,34.038853,-80.110297,SC,Lee,Motbridge
29080,34.038853,-80.110297,SC,Lee,Shiloh
29080,34.038853,-80.110297,SC,Lee,South Lynchburg
29081,33.107954,-81.022941,SC,Bamberg,Ehrhardt
29082,33.06881,-80.95292,SC,Colleton,Lodge
29101,34.4892,-80.2482,SC,Chesterfield,Clyde
29101,34.4892,-80.2482,SC,Chesterfield,Mc Bee
29101,34.4892,-80.2482,SC,Chesterfield,McBee
29101,34.4892,-80.2482,SC,Chesterfield,Robinson
29102,33.63792,-80.25738,SC,Clarendon,Bloomville
29102,33.63792,-80.25738,SC,Clarendon,Foreston
29102,33.63792,-80.25738,SC,Clarendon,Jordan
29102,33.63792,-80.25738,SC,Clarendon,Manning
29102,33.63792,-80.25738,SC,Clarendon,Paxville
29102,33.63792,-80.25738,SC,Clarendon,Wilson
29104,33.983524,-80.208008,SC,Sumter,Mayesville
29104,33.983524,-80.208008,SC,Sumter,Saint Charles
29104,33.983524,-80.208008,SC,Sumter,Scottsville
29105,33.759336,-81.55839,SC,Aiken,Hibernia
29105,33.759336,-81.55839,SC,Aiken,Jones Crossroads
29105,33.759336,-81.55839,SC,Aiken,Monetta
29105,33.759336,-81.55839,SC,Aiken,Watsonia
29107,33.489723,-81.034501,SC,Orangeburg,Livingston
29107,33.489723,-81.034501,SC,Orangeburg,Neeses
29108,34.277092,-81.618636,SC,Newberry,Newberry
29111,33.780339,-80.018183,SC,Clarendon,New Zion
29111,33.780339,-80.018183,SC,Clarendon,Oak Dale
29111,33.780339,-80.018183,SC,Clarendon,Oakdale
29111,33.780339,-80.018183,SC,Clarendon,Union Crossroads
29111,33.780339,-80.018183,SC,Clarendon,Workman
29112,33.689919,-81.124565,SC,Orangeburg,North
29113,33.44637,-81.116514,SC,Orangeburg,Norway
29114,33.927712,-79.905262,SC,Florence,McKenzie Crossroads
29114,33.927712,-79.905262,SC,Florence,Olanta
29115,33.581944,-80.818056,SC,Orangeburg,Bolen Town
29115,33.581944,-80.818056,SC,Orangeburg,Jamison
29115,33.581944,-80.818056,SC,Orangeburg,Orangeburg
29115,33.581944,-80.818056,SC,Orangeburg,Pecan Way Terrace
29116,33.48145,-80.810907,SC,Orangeburg,Orangeburg
29117,33.495205,-80.844399,SC,Orangeburg,Orangeburg
29118,33.532316,-80.873936,SC,Orangeburg,Orangeburg
29122,34.171834,-81.414509,SC,Newberry,Peak
29123,33.776254,-81.255322,SC,Lexington,Pelion
29123,33.776254,-81.255322,SC,Lexington,Thor
29125,33.74226,-80.48172,SC,Sumter,Millford
29125,33.74226,-80.48172,SC,Sumter,Panola
29125,33.74226,-80.48172,SC,Sumter,Pinewood
29125,33.74226,-80.48172,SC,Sumter,Rimini
29126,34.323669,-81.444178,SC,Newberry,Glympville
29126,34.323669,-81.444178,SC,Newberry,Pomaria
29127,34.182431,-81.52094,SC,Newberry,Prosperity
29127,34.182431,-81.52094,SC,Newberry,Slighs
29127,34.182431,-81.52094,SC,Newberry,Stockman
29127,34.182431,-81.52094,SC,Newberry,Stoney Hill
29128,34.09208,-80.5048,SC,Sumter,Borden
29128,34.09208,-80.5048,SC,Sumter,Boykin
29128,34.09208,-80.5048,SC,Sumter,Dunkins Mill
29128,34.09208,-80.5048,SC,Sumter,Hagood
29128,34.09208,-80.5048,SC,Sumter,Pisgah
29128,34.09208,-80.5048,SC,Sumter,Rembert
29128,34.09208,-80.5048,SC,Sumter,Spring Hill
29129,33.737089,-81.65768,SC,Saluda,Ridge Spring
29130,34.326001,-80.760553,SC,Fairfield,Longtown
29130,34.326001,-80.760553,SC,Fairfield,Ridgeway
29130,34.326001,-80.760553,SC,Fairfield,Smallwood
29132,34.303731,-81.124142,SC,Fairfield,Rion
29133,33.368863,-80.834172,SC,Orangeburg,Rowesville
29135,33.66187,-80.781778,SC,Calhoun,Fort Motte
29135,33.66187,-80.781778,SC,Calhoun,Hammond Crossroads
29135,33.66187,-80.781778,SC,Calhoun,Saint Matthews
29135,33.66187,-80.781778,SC,Calhoun,Singleton
29135,33.66187,-80.781778,SC,Calhoun,St Matthews
29137,33.637039,-81.295434,SC,Aiken,Berlin
29137,33.637039,-81.295434,SC,Aiken,Kitchings Mill
29137,33.637039,-81.295434,SC,Aiken,Perry
29137,33.637039,-81.295434,SC,Aiken,Salley
29138,34.007368,-81.769758,SC,Saluda,Emory
29138,34.007368,-81.769758,SC,Saluda,Fruit Hill
29138,34.007368,-81.769758,SC,Saluda,Richland Springs
29138,34.007368,-81.769758,SC,Saluda,Saluda
29142,33.488318,-80.45644,SC,Orangeburg,Parlers
29142,33.488318,-80.45644,SC,Orangeburg,Santee
29143,33.836621,-80.080723,SC,Clarendon,Sardinia
29145,34.212506,-81.743693,SC,Newberry,Silverstreet
29146,33.497823,-81.280338,SC,Orangeburg,Springfield
29147,34.113735,-80.954384,SC,Richland,State Park
29148,33.589744,-80.341999,SC,Clarendon,Davis Crossroads
29148,33.589744,-80.341999,SC,Clarendon,Goat Island Resort
29148,33.589744,-80.341999,SC,Clarendon,St Paul
29148,33.589744,-80.341999,SC,Clarendon,Summerton
29150,33.87708,-80.2575,SC,Sumter,Bon Air
29150,33.87708,-80.2575,SC,Sumter,Brogdon
29150,33.87708,-80.2575,SC,Sumter,Frens
29150,33.87708,-80.2575,SC,Sumter,Highway Four Forty One
29150,33.87708,-80.2575,SC,Sumter,Hoyt Heights
29150,33.87708,-80.2575,SC,Sumter,Oswego
29150,33.87708,-80.2575,SC,Sumter,Stateburg
29150,33.87708,-80.2575,SC,Sumter,Sumter
29150,33.87708,-80.2575,SC,Sumter,University Center
29151,33.90864,-80.362593,SC,Sumter,Sumter
29152,33.983141,-80.485057,SC,Sumter,Shaw A F B
29152,33.983141,-80.485057,SC,Sumter,Shaw AFB
29153,33.941345,-80.324377,SC,Sumter,Sumter
29154,33.896794,-80.418858,SC,Sumter,Sumter
29160,33.734049,-81.10143,SC,Lexington,Swansea
29161,34.11966,-79.97382,SC,Florence,Cartersville
29161,34.11966,-79.97382,SC,Florence,Peniel Crossroads
29161,34.11966,-79.97382,SC,Florence,Sardis
29161,34.11966,-79.97382,SC,Florence,Timmonsville
29162,33.881147,-80.006901,SC,Clarendon,Turbeville
29163,33.407034,-80.46895,SC,Orangeburg,Vance
29164,33.654721,-81.43339,SC,Aiken,Bethcar
29164,33.654721,-81.43339,SC,Aiken,H L Crossroads
29164,33.654721,-81.43339,SC,Aiken,New Holland
29164,33.654721,-81.43339,SC,Aiken,Rocky Springs
29164,33.654721,-81.43339,SC,Aiken,Seivern
29164,33.654721,-81.43339,SC,Aiken,Wagener
29166,33.884865,-81.740141,SC,Saluda,Ward
29168,33.901928,-80.497455,SC,Sumter,Wedgefield
29169,33.98898,-81.10008,SC,Lexington,Cayce-West Columbia
29169,33.98898,-81.10008,SC,Lexington,Dixiana
29169,33.98898,-81.10008,SC,Lexington,Kathwood
29169,33.98898,-81.10008,SC,Lexington,Pineridge
29169,33.98898,-81.10008,SC,Lexington,Saluda Gardens
29169,33.98898,-81.10008,SC,Lexington,Saluda Terrace
29169,33.98898,-81.10008,SC,Lexington,South Congaree
29169,33.98898,-81.10008,SC,Lexington,Springdale
29169,33.98898,-81.10008,SC,Lexington,West Columbia
29169,33.98898,-81.10008,SC,Lexington,Westover Acres
29170,33.950402,-81.141165,SC,Lexington,Cayce-West Columbia
29170,33.950402,-81.141165,SC,Lexington,West Columbia
29171,33.970062,-81.078582,SC,Lexington,Cayce-West Columbia
29171,33.970062,-81.078582,SC,Lexington,West Columbia
29172,33.898509,-81.092152,SC,Lexington,Cayce-West Columbia
29172,33.898509,-81.092152,SC,Lexington,West Columbia
29175,34.447043,-80.601334,SC,Kershaw,De Kalb
29175,34.447043,-80.601334,SC,Kershaw,Dekalb
29175,34.447043,-80.601334,SC,Kershaw,Westville
29177,34.157696,-81.282809,SC,Richland,White Rock
29178,34.501145,-81.616631,SC,Newberry,Delta
29178,34.501145,-81.616631,SC,Newberry,Whitmire
29180,34.372149,-81.086971,SC,Fairfield,Greenbrier
29180,34.372149,-81.086971,SC,Fairfield,White Oak
29180,34.372149,-81.086971,SC,Fairfield,Winnsboro
29180,34.372149,-81.086971,SC,Fairfield,Winnsboro Mills
29201,33.998223,-81.032546,SC,Richland,Columbia
29201,33.998223,-81.032546,SC,Richland,Market Center
29201,33.998223,-81.032546,SC,Richland,Olympia
29201,33.998223,-81.032546,SC,Richland,State Hospital
29202,33.972106,-80.975437,SC,Richland,Columbia
29203,34.09818,-81.03618,SC,Richland,Bendale
29203,34.09818,-81.03618,SC,Richland,Columbia
29203,34.09818,-81.03618,SC,Richland,Crafts Farrow
29203,34.09818,-81.03618,SC,Richland,Crane Forest
29203,34.09818,-81.03618,SC,Richland,Denny Terrace
29203,34.09818,-81.03618,SC,Richland,Eau Claire
29203,34.09818,-81.03618,SC,Richland,Fairfield Terrace
29203,34.09818,-81.03618,SC,Richland,Farrow Terrace
29203,34.09818,-81.03618,SC,Richland,Greenview
29203,34.09818,-81.03618,SC,Richland,Haskell Heights
29203,34.09818,-81.03618,SC,Richland,Hollywood Hills
29203,34.09818,-81.03618,SC,Richland,Killian
29203,34.09818,-81.03618,SC,Richland,Lincolnshire
29203,34.09818,-81.03618,SC,Richland,Ridgewood
29203,34.09818,-81.03618,SC,Richland,Stark Terrace
29204,34.028919,-80.99859,SC,Richland,Bayview
29204,34.028919,-80.99859,SC,Richland,Columbia
29204,34.028919,-80.99859,SC,Richland,Edgewood
29205,33.992894,-80.99424,SC,Richland,Columbia
29205,33.992894,-80.99424,SC,Richland,Five Points
29206,34.02954,-80.95188,SC,Richland,Arcadia Lakes
29206,34.02954,-80.95188,SC,Richland,Columbia
29206,34.02954,-80.95188,SC,Richland,Forest Acres
29206,34.02954,-80.95188,SC,Richland,Forest Lake
29206,34.02954,-80.95188,SC,Richland,Ravenwood
29206,34.02954,-80.95188,SC,Richland,Sandwood
29207,34.061667,-80.966102,SC,Richland,Columbia
29207,34.061667,-80.966102,SC,Richland,Fort Jackson
29208,33.975039,-81.007842,SC,Richland,Columbia
29208,33.975039,-81.007842,SC,Richland,University of Sc
29208,33.975039,-81.007842,SC,Richland,USC
29209,33.966947,-80.934317,SC,Richland,Bluff Estates
29209,33.966947,-80.934317,SC,Richland,Capitol View
29209,33.966947,-80.934317,SC,Richland,Cedar Terrace
29209,33.966947,-80.934317,SC,Richland,Columbia
29209,33.966947,-80.934317,SC,Richland,Eastmont
29209,33.966947,-80.934317,SC,Richland,Galaxy
29209,33.966947,-80.934317,SC,Richland,Hazelwood Acres
29209,33.966947,-80.934317,SC,Richland,Leesburg
29209,33.966947,-80.934317,SC,Richland,Mountain Brook
29209,33.966947,-80.934317,SC,Richland,Twin Lake Hill
29210,34.040812,-81.095436,SC,Richland,Columbia
29210,34.040812,-81.095436,SC,Richland,Dutch Fork
29211,34.024196,-81.293589,SC,Richland,Capitol
29211,34.024196,-81.293589,SC,Richland,Columbia
29212,34.08114,-81.19494,SC,Lexington,Columbia
29212,34.08114,-81.19494,SC,Lexington,Harbison
29214,34.000793,-81.031935,SC,Richland,Columbia
29214,34.000793,-81.031935,SC,Richland,S C Tax Comm
29215,34.026843,-81.001189,SC,Richland,Columbia
29215,34.026843,-81.001189,SC,Richland,Southern Bell Tel
29216,33.997822,-81.036511,SC,Richland,Columbia
29216,33.997822,-81.036511,SC,Richland,S C Department of Highways
29217,34.010724,-81.036122,SC,Richland,City of Columbia
29217,34.010724,-81.036122,SC,Richland,Columbia
29218,34.007301,-81.036586,SC,Richland,Columbia
29218,34.007301,-81.036586,SC,Richland,S C Electric and Gas
29219,34.067593,-80.920837,SC,Richland,Blue Cross Blue Shield od SC
29219,34.067593,-80.920837,SC,Richland,Columbia
29220,34.00432,-81.032526,SC,Richland,Baptist Medical Center
29220,34.00432,-81.032526,SC,Richland,Columbia
29221,34.044558,-81.109663,SC,Richland,Columbia
29222,33.984355,-81.029966,SC,Richland,Columbia
29223,34.08846,-80.92287,SC,Richland,Columbia
29223,34.08846,-80.92287,SC,Richland,North Pointe
29223,34.08846,-80.92287,SC,Richland,Northeast
29224,34.057985,-80.841611,SC,Richland,Columbia
29225,33.998957,-81.03086,SC,Richland,Columbia
29225,33.998957,-81.03086,SC,Richland,Univ of S C Students Mail
29226,34.031953,-81.104915,SC,Richland,Columbia
29226,34.031953,-81.104915,SC,Richland,S C National Bank
29227,34.033609,-81.10874,SC,Richland,Columbia
29227,34.033609,-81.10874,SC,Richland,Sc National Bank
29228,33.920816,-81.090297,SC,Lexington,Columbia
29228,33.920816,-81.090297,SC,Lexington,Columbia Amf
29229,34.127676,-80.896127,SC,Richland,Columbia
29230,34.138187,-81.065959,SC,Richland,Columbia
29240,34.027608,-81.009201,SC,Richland,Columbia
29250,34.002817,-81.005802,SC,Richland,Columbia
29260,34.026058,-80.967646,SC,Richland,Columbia
29290,33.918265,-80.873716,SC,Richland,Columbia
29292,33.909357,-81.076717,SC,Richland,Columbia
29301,34.933791,-81.965052,SC,Spartanburg,Spartanburg
29301,34.933791,-81.965052,SC,Spartanburg,Sptbg
29301,34.933791,-81.965052,SC,Spartanburg,Westside
29302,34.957122,-81.863011,SC,Spartanburg,Spartanburg
29302,34.957122,-81.863011,SC,Spartanburg,Sptbg
29303,35.01804,-81.97614,SC,Spartanburg,Spartanburg
29303,35.01804,-81.97614,SC,Spartanburg,Sptbg
29304,34.958086,-81.905765,SC,Spartanburg,Spartanburg
29304,34.958086,-81.905765,SC,Spartanburg,Sptbg
29305,34.989259,-81.954612,SC,Spartanburg,Spartanburg
29305,34.989259,-81.954612,SC,Spartanburg,Sptbg
29306,34.928003,-81.908736,SC,Spartanburg,Spartanburg
29306,34.928003,-81.908736,SC,Spartanburg,Sptbg
29307,34.998752,-81.74645,SC,Spartanburg,Spartanburg
29307,34.998752,-81.74645,SC,Spartanburg,Sptbg
29316,35.056379,-81.964009,SC,Spartanburg,Boiling Spgs
29316,35.056379,-81.964009,SC,Spartanburg,Boiling Springs
29316,35.056379,-81.964009,SC,Spartanburg,Spartanburg
29318,35.018764,-82.02931,SC,Spartanburg,Spartanburg
29318,35.018764,-82.02931,SC,Spartanburg,Sptbg
29319,34.947178,-81.926781,SC,Spartanburg,Advantica
29319,34.947178,-81.926781,SC,Spartanburg,Spartanburg
29319,34.947178,-81.926781,SC,Spartanburg,Sptbg
29320,34.959588,-81.993413,SC,Spartanburg,Arcadia
29321,34.725233,-81.683994,SC,Union,Buffalo
29322,35.118004,-82.126556,SC,Spartanburg,Campobello
29323,35.120234,-81.909469,SC,Spartanburg,Chesnee
29324,34.983913,-81.824034,SC,Spartanburg,Clifton
29325,34.470685,-81.887131,SC,Laurens,Clinton
29329,34.999533,-81.844017,SC,Spartanburg,Converse
29330,35.030555,-81.817377,SC,Spartanburg,Cowpens
29331,34.654981,-81.877783,SC,Spartanburg,Cross Anchor
29332,34.283143,-81.982876,SC,Laurens,Cross Hill
29333,35.004529,-81.874135,SC,Spartanburg,Drayton
29334,34.914282,-82.134672,SC,Spartanburg,Duncan
29335,34.669468,-81.904979,SC,Spartanburg,Enoree
29336,34.950367,-82.014946,SC,Spartanburg,Fairforest
29338,34.934397,-81.981856,SC,Spartanburg,Fingerville
29340,35.062322,-81.645437,SC,Cherokee,Gaffney
29341,35.09456,-81.677416,SC,Cherokee,Gaffney
29342,34.985626,-81.659125,SC,Cherokee,Gaffney
29346,34.93988,-81.837005,SC,Spartanburg,Glendale
29348,35.082221,-82.126458,SC,Spartanburg,Gramling
29349,35.061669,-82.059864,SC,Spartanburg,Inman
29351,34.409867,-81.817504,SC,Laurens,Joanna
29353,34.81512,-81.69408,SC,Union,Jonesville
29353,34.81512,-81.69408,SC,Union,Kelton
29355,34.353151,-81.766819,SC,Newberry,Kinards
29356,35.173475,-82.182252,SC,Spartanburg,Landrum
29360,34.499471,-82.025271,SC,Laurens,Laurens
29364,34.785521,-81.464419,SC,Union,Lockhart
29365,34.972496,-82.151829,SC,Spartanburg,Lyman
29368,35.072629,-81.873086,SC,Spartanburg,Mayo
29369,34.874823,-82.02079,SC,Spartanburg,Moore
29370,34.341308,-81.957117,SC,Laurens,Mountville
29372,34.89871,-81.758466,SC,Spartanburg,Pacolet
29373,34.914539,-81.745893,SC,Spartanburg,Pacolet Mills
29374,34.77366,-81.85704,SC,Spartanburg,Glenn Springs
29374,34.77366,-81.85704,SC,Spartanburg,Pauline
29375,34.857948,-82.114151,SC,Spartanburg,Reidville
29376,34.860123,-81.950767,SC,Spartanburg,Roebuck
29377,34.931343,-82.098636,SC,Spartanburg,Startex
29378,34.984132,-81.987347,SC,Spartanburg,Una
29379,34.714757,-81.621133,SC,Union,Union
29384,34.335048,-82.08485,SC,Laurens,Waterloo
29385,34.953723,-82.095835,SC,Spartanburg,Wellford
29386,34.883365,-81.806934,SC,Spartanburg,White Stone
29388,34.759551,-82.045514,SC,Spartanburg,Woodruff
29390,34.937726,-82.137387,SC,Spartanburg,BMG Columbia Hse Video Club
29390,34.937726,-82.137387,SC,Spartanburg,Duncan
29391,34.939015,-82.141431,SC,Spartanburg,BMG Columbia House ACS
29391,34.939015,-82.141431,SC,Spartanburg,Duncan
29395,34.855365,-81.738114,SC,Union,Disney Direct Marketing
29395,34.855365,-81.738114,SC,Union,Jonesville
29401,32.779122,-79.939806,SC,Charleston,Charleston
29401,32.779122,-79.939806,SC,Charleston,Chas
29402,32.774463,-79.930662,SC,Charleston,Charleston
29402,32.774463,-79.930662,SC,Charleston,Chas
29403,32.798426,-79.948096,SC,Charleston,Charleston
29403,32.798426,-79.948096,SC,Charleston,Chas
29404,32.893419,-80.069777,SC,Charleston,Charleston
29404,32.893419,-80.069777,SC,Charleston,Charleston AFB
29404,32.893419,-80.069777,SC,Charleston,Chas
29404,32.893419,-80.069777,SC,Charleston,Chas AFB
29404,32.893419,-80.069777,SC,Charleston,N Charleston
29404,32.893419,-80.069777,SC,Charleston,No Chas
29405,32.85943,-79.988157,SC,Charleston,Charleston
29405,32.85943,-79.988157,SC,Charleston,Chas
29405,32.85943,-79.988157,SC,Charleston,Chas Hgts
29405,32.85943,-79.988157,SC,Charleston,N Charleston
29405,32.85943,-79.988157,SC,Charleston,No Chas
29405,32.85943,-79.988157,SC,Charleston,North Charleston
29405,32.85943,-79.988157,SC,Charleston,Pinehaven
29406,32.92896,-80.02842,SC,Charleston,Charleston
29406,32.92896,-80.02842,SC,Charleston,Chas
29406,32.92896,-80.02842,SC,Charleston,N Charleston
29406,32.92896,-80.02842,SC,Charleston,No Chas
29406,32.92896,-80.02842,SC,Charleston,North Charleston
29407,32.800052,-80.010928,SC,Charleston,Charleston
29407,32.800052,-80.010928,SC,Charleston,Chas
29407,32.800052,-80.010928,SC,Charleston,Saint Andrews
29407,32.800052,-80.010928,SC,Charleston,St Andrews
29409,32.794242,-79.96077,SC,Charleston,Charleston
29409,32.794242,-79.96077,SC,Charleston,Chas
29409,32.794242,-79.96077,SC,Charleston,The Citadel
29410,33.194932,-80.029749,SC,Berkeley,Charleston
29410,33.194932,-80.029749,SC,Berkeley,Chas
29410,33.194932,-80.029749,SC,Berkeley,Goose Creek
29410,33.194932,-80.029749,SC,Berkeley,Hanahan
29410,33.194932,-80.029749,SC,Berkeley,N Charleston
29410,33.194932,-80.029749,SC,Berkeley,North Charleston
29412,32.71926,-79.95108,SC,Charleston,Charleston
29412,32.71926,-79.95108,SC,Charleston,Chas
29412,32.71926,-79.95108,SC,Charleston,James Island
29413,32.793627,-79.929515,SC,Charleston,Charleston
29413,32.793627,-79.929515,SC,Charleston,Chas
29414,32.821883,-80.055197,SC,Charleston,Charleston
29414,32.821883,-80.055197,SC,Charleston,Chas
29415,33.027502,-80.046168,SC,Charleston,Charleston
29415,33.027502,-80.046168,SC,Charleston,Chas
29415,33.027502,-80.046168,SC,Charleston,N Charleston
29415,33.027502,-80.046168,SC,Charleston,North Charleston
29416,32.87767,-80.054864,SC,Charleston,Charleston
29417,32.786797,-80.032618,SC,Charleston,Charleston
29417,32.786797,-80.032618,SC,Charleston,Chas
29418,32.89296,-80.0595,SC,Charleston,CH Hgts
29418,32.89296,-80.0595,SC,Charleston,Charleston
29418,32.89296,-80.0595,SC,Charleston,Charleston Heights
29418,32.89296,-80.0595,SC,Charleston,Charleston Hts
29418,32.89296,-80.0595,SC,Charleston,Chas
29418,32.89296,-80.0595,SC,Charleston,Chas Hgts
29418,32.89296,-80.0595,SC,Charleston,N Charleston
29418,32.89296,-80.0595,SC,Charleston,No Chas
29418,32.89296,-80.0595,SC,Charleston,North Charleston
29419,32.936047,-80.100088,SC,Charleston,Charleston
29419,32.936047,-80.100088,SC,Charleston,Chas
29419,32.936047,-80.100088,SC,Charleston,N Charleston
29419,32.936047,-80.100088,SC,Charleston,No Chas
29419,32.936047,-80.100088,SC,Charleston,North Charleston
29420,32.923689,-80.099458,SC,Dorchester,Charleston
29420,32.923689,-80.099458,SC,Dorchester,Chas
29420,32.923689,-80.099458,SC,Dorchester,N Charleston
29420,32.923689,-80.099458,SC,Dorchester,No Chas
29420,32.923689,-80.099458,SC,Dorchester,North Charleston
29422,32.681241,-79.953645,SC,Charleston,Charleston
29423,32.845603,-79.977751,SC,Charleston,Charleston
29423,32.845603,-79.977751,SC,Charleston,Chas
29424,32.783715,-79.939185,SC,Charleston,Charleston
29424,32.783715,-79.939185,SC,Charleston,Chas
29425,32.785741,-79.947783,SC,Charleston,Charleston
29425,32.785741,-79.947783,SC,Charleston,Chas
29426,32.78976,-80.35296,SC,Charleston,Adams Run
29426,32.78976,-80.35296,SC,Charleston,Jericho
29426,32.78976,-80.35296,SC,Charleston,Osborn
29429,32.950528,-79.680316,SC,Charleston,Awendaw
29430,33.201366,-79.789924,SC,Berkeley,Bethera
29430,33.201366,-79.789924,SC,Berkeley,Moncks Corner
29431,33.318469,-79.988526,SC,Berkeley,Bonneau
29432,33.253796,-80.816801,SC,Orangeburg,Branchville
29433,33.054685,-80.620733,SC,Colleton,Canadys
29434,33.131273,-79.901616,SC,Berkeley,Cordesville
29435,32.938647,-80.479809,SC,Colleton,Cottageville
29436,33.300589,-80.201392,SC,Berkeley,Cross
29437,33.143072,-80.378909,SC,Dorchester,Dorchester
29438,32.569486,-80.310046,SC,Colleton,Edisto
29438,32.569486,-80.310046,SC,Colleton,Edisto Beach
29438,32.569486,-80.310046,SC,Colleton,Edisto Island
29439,32.661442,-79.937395,SC,Charleston,Folly Beach
29440,33.52698,-79.29846,SC,Georgetown,Georgetown
29440,33.52698,-79.29846,SC,Georgetown,Maryville
29442,33.383786,-79.286956,SC,Georgetown,Georgetown
29445,33.02808,-80.04732,SC,Berkeley,Goose Creek
29446,32.655449,-80.51524,SC,Colleton,Green Pond
29446,32.655449,-80.51524,SC,Colleton,Greenpond
29447,33.107714,-80.592916,SC,Dorchester,Grover
29448,33.185687,-80.577757,SC,Dorchester,Harleyville
29449,32.71104,-80.27682,SC,Charleston,Hollywood
29449,32.71104,-80.27682,SC,Charleston,Meggett
29449,32.71104,-80.27682,SC,Charleston,Rantowels
29449,32.71104,-80.27682,SC,Charleston,Yonges Island
29450,33.02091,-79.790845,SC,Berkeley,Huger
29451,32.795877,-79.769665,SC,Charleston,Dewees Island
29451,32.795877,-79.769665,SC,Charleston,Isle of Palms
29452,32.767539,-80.456879,SC,Colleton,Jacksonboro
29453,33.197783,-79.691205,SC,Berkeley,Jamestown
29453,33.197783,-79.691205,SC,Berkeley,Shulerville
29455,32.691291,-80.091155,SC,Charleston,Johns Island
29455,32.691291,-80.091155,SC,Charleston,Kiawah Island
29455,32.691291,-80.091155,SC,Charleston,Seabrook Isl
29455,32.691291,-80.091155,SC,Charleston,Seabrook Island
29456,33.016638,-80.105646,SC,Berkeley,College Park
29456,33.016638,-80.105646,SC,Berkeley,Ladson
29457,32.74506,-80.032709,SC,Charleston,Johns Island
29458,33.103751,-79.470346,SC,Charleston,Mc Clellanville
29458,33.103751,-79.470346,SC,Charleston,McClellanville
29458,33.103751,-79.470346,SC,Charleston,McClellanvle
29461,33.149449,-80.028022,SC,Berkeley,Moncks Corner
29464,32.82026,-79.846061,SC,Charleston,Mount Pleasant
29464,32.82026,-79.846061,SC,Charleston,Mt Pleasant
29465,32.79433,-79.86081,SC,Charleston,Mount Pleasant
29465,32.79433,-79.86081,SC,Charleston,Mt Pleasant
29466,32.792155,-79.863357,SC,Charleston,Mount Pleasant
29466,32.792155,-79.863357,SC,Charleston,Mt Pleasant
29468,33.415669,-80.085088,SC,Berkeley,Pineville
29469,33.224163,-80.041291,SC,Berkeley,Pinopolis
29470,32.791062,-80.221919,SC,Charleston,Ravenel
29471,33.179731,-80.685009,SC,Dorchester,Reevesville
29472,33.092825,-80.316503,SC,Dorchester,Ridgeville
29474,32.942016,-80.577727,SC,Colleton,Round O
29475,33.010716,-80.823021,SC,Colleton,Ruffin
29476,33.397957,-79.974782,SC,Berkeley,Russellville
29477,33.185354,-80.581025,SC,Dorchester,Saint George
29477,33.185354,-80.581025,SC,Dorchester,St George
29479,33.348889,-79.816389,SC,Berkeley,Alvin
29479,33.348889,-79.816389,SC,Berkeley,Saint Stephen
29481,33.102798,-80.811011,SC,Colleton,Smoaks
29482,32.761726,-79.837391,SC,Charleston,Sullivans Is
29482,32.761726,-79.837391,SC,Charleston,Sullivans Island
29483,33.017824,-80.21135,SC,Dorchester,Summerville
29484,33.016437,-80.203762,SC,Dorchester,Summ
29484,33.016437,-80.203762,SC,Dorchester,Summerville
29485,32.975069,-80.180159,SC,Dorchester,Ladson
29485,32.975069,-80.180159,SC,Dorchester,Lincolnville
29485,32.975069,-80.180159,SC,Dorchester,Summ
29485,32.975069,-80.180159,SC,Dorchester,Summerville
29487,32.653461,-80.187416,SC,Charleston,Wadmalaw Is
29487,32.653461,-80.187416,SC,Charleston,Wadmalaw Island
29488,32.89122,-80.6946,SC,Colleton,Ritter
29488,32.89122,-80.6946,SC,Colleton,Walterboro
29492,32.955719,-79.887276,SC,Berkeley,Cainhoy
29492,32.955719,-79.887276,SC,Berkeley,Charleston
29492,32.955719,-79.887276,SC,Berkeley,Daniel Island
29492,32.955719,-79.887276,SC,Berkeley,Wando
29493,33.032888,-80.841541,SC,Colleton,Williams
29501,34.182662,-79.782749,SC,Florence,Florence
29502,34.195168,-79.792218,SC,Florence,Florence
29503,34.192315,-79.803716,SC,Florence,Florence
29504,34.184235,-79.782543,SC,Florence,Florence
29505,34.128606,-79.747284,SC,Florence,Florence
29506,34.2099,-79.73412,SC,Florence,Florence
29506,34.2099,-79.73412,SC,Florence,Quinby
29510,33.448476,-79.555913,SC,Georgetown,Andrews
29511,33.990448,-79.191606,SC,Horry,Aynor
29512,34.613793,-79.686703,SC,Marlboro,Bennettsville
29516,34.452562,-79.653803,SC,Marlboro,Blenheim
29518,33.80225,-79.802509,SC,Williamsburg,Cades
29518,33.80225,-79.802509,SC,Williamsburg,Hebron
29519,34.029377,-79.356406,SC,Marion,Centenary
29520,34.691188,-79.902254,SC,Chesterfield,Cheraw
29525,34.577486,-79.542351,SC,Marlboro,Clio
29526,33.832026,-79.043531,SC,Horry,Conway
29527,33.74562,-79.0749,SC,Horry,Bucksport
29527,33.74562,-79.0749,SC,Horry,Conway
29528,33.840173,-79.060795,SC,Horry,Conway
29530,34.003183,-79.74392,SC,Florence,Coward
29532,34.300363,-79.87017,SC,Darlington,Darlington
29536,34.414774,-79.364457,SC,Dillon,Dillon
29536,34.414774,-79.364457,SC,Dillon,Floyd Dale
29536,34.414774,-79.364457,SC,Dillon,Floyd Dl
29540,34.300877,-79.875675,SC,Darlington,Darlington
29541,34.117509,-79.771376,SC,Florence,Effingham
29543,34.288639,-79.24171,SC,Dillon,Fork
29544,34.12728,-79.10838,SC,Horry,Aynor
29544,34.12728,-79.10838,SC,Horry,Galivants Ferry
29544,34.12728,-79.10838,SC,Horry,Galivants Fry
29545,34.213666,-79.060992,SC,Horry,Green Sea
29546,33.93,-79.41,SC,Marion,Brittons Neck
29546,33.93,-79.41,SC,Marion,Gresham
29547,34.508632,-79.405977,SC,Dillon,Hamer
29547,34.508632,-79.405977,SC,Dillon,S of Border
29547,34.508632,-79.405977,SC,Dillon,South of the Border
29550,34.368444,-80.081896,SC,Darlington,Hartsville
29551,34.368964,-80.086322,SC,Darlington,Hartsville
29554,33.73902,-79.44792,SC,Williamsburg,Hemingway
29554,33.73902,-79.44792,SC,Williamsburg,Stuckey
29555,33.817535,-79.451852,SC,Florence,Johnsonville
29555,33.817535,-79.451852,SC,Florence,Poston
29556,33.67835,-79.824331,SC,Williamsburg,Kingstree
29560,33.8695,-79.760872,SC,Florence,Lake City
29563,34.346041,-79.166819,SC,Dillon,Lake View
29564,33.462666,-79.833819,SC,Williamsburg,Lane
29565,34.335502,-79.432246,SC,Dillon,Latta
29566,33.885716,-78.637355,SC,Horry,Little River
29567,34.405781,-79.303152,SC,Dillon,Little Rock
29568,33.887253,-78.749124,SC,Horry,Longs
29569,34.020799,-78.909328,SC,Horry,Loris
29570,34.662498,-79.544259,SC,Marlboro,Mc Coll
29570,34.662498,-79.544259,SC,Marlboro,McColl
29571,34.183414,-79.396314,SC,Marion,Marion
29572,33.762507,-78.798962,SC,Horry,Myrtle Beach
29573,34.517381,-79.474403,SC,Dillon,Minturn
29574,34.203923,-79.25682,SC,Marion,Mullins
29575,33.626586,-78.983446,SC,Horry,Myrtle Beach
29575,33.626586,-78.983446,SC,Horry,Surfside
29575,33.626586,-78.983446,SC,Horry,Surfside Bch
29575,33.626586,-78.983446,SC,Horry,Surfside Beach
29576,33.58677,-79.009455,SC,Horry,Garden City
29576,33.58677,-79.009455,SC,Horry,Garden City Beach
29576,33.58677,-79.009455,SC,Horry,Murrells Inlet
29576,33.58677,-79.009455,SC,Horry,Murrells Inlt
29577,33.6606,-78.92394,SC,Horry,Myrtle Beach
29578,33.726237,-78.844532,SC,Horry,Myrtle Beach
29579,33.655004,-78.945276,SC,Horry,Carolina Forest
29579,33.655004,-78.945276,SC,Horry,Myrtle Beach
29580,33.598052,-79.566749,SC,Williamsburg,Nesmith
29581,34.227737,-79.147719,SC,Horry,Nichols
29582,33.82742,-78.682495,SC,Horry,Atlantic Bch
29582,33.82742,-78.682495,SC,Horry,Atlantic Beach
29582,33.82742,-78.682495,SC,Horry,Cherry Grove
29582,33.82742,-78.682495,SC,Horry,Cherry Grove Beach
29582,33.82742,-78.682495,SC,Horry,Crescent Beach
29582,33.82742,-78.682495,SC,Horry,N Myrtle Bch
29582,33.82742,-78.682495,SC,Horry,N Myrtle Beach
29582,33.82742,-78.682495,SC,Horry,North Myrtle Beach
29582,33.82742,-78.682495,SC,Horry,Ocean Dr Beach
29582,33.82742,-78.682495,SC,Horry,Ocean Drive
29582,33.82742,-78.682495,SC,Horry,Ocean Drive Beach
29583,33.993369,-79.568322,SC,Florence,Pamplico
29584,34.562239,-80.076179,SC,Chesterfield,Patrick
29585,33.453325,-79.135137,SC,Georgetown,Litchfield
29585,33.453325,-79.135137,SC,Georgetown,N Litchfield
29585,33.453325,-79.135137,SC,Georgetown,Pawleys Is
29585,33.453325,-79.135137,SC,Georgetown,Pawleys Isl
29585,33.453325,-79.135137,SC,Georgetown,Pawleys Island
29587,33.617875,-78.987929,SC,Horry,Myrtle Beach
29587,33.617875,-78.987929,SC,Horry,Surfside Bch
29587,33.617875,-78.987929,SC,Horry,Surfside Beach
29588,33.676817,-79.014238,SC,Horry,Myrtle Beach
29589,34.18772,-79.256942,SC,Marion,Rains
29590,33.562975,-79.827528,SC,Williamsburg,Salters
29590,33.562975,-79.827528,SC,Williamsburg,Trio
29591,33.916161,-79.742464,SC,Florence,Scranton
29592,34.252631,-79.457951,SC,Marion,Sellers
29593,34.444613,-79.83773,SC,Darlington,Society Hill
29594,34.64521,-79.585766,SC,Marlboro,Tatum
29596,34.728935,-79.86291,SC,Marlboro,Wallace
29597,33.812707,-78.700848,SC,Horry,N Myrtle Bch
29597,33.812707,-78.700848,SC,Horry,North Myrtle Beach
29598,33.80553,-78.718152,SC,Horry,N Myrtle Bch
29598,33.80553,-78.718152,SC,Horry,North Myrtle Beach
29601,34.85051,-82.403553,SC,Greenville,Greenville
29601,34.85051,-82.403553,SC,Greenville,Gville
29602,34.726964,-82.377018,SC,Greenville,Greenville
29602,34.726964,-82.377018,SC,Greenville,Gville
29603,34.850619,-82.396693,SC,Greenville,Greenville
29603,34.850619,-82.396693,SC,Greenville,Gville
29604,34.830301,-82.394264,SC,Greenville,Greenville
29604,34.830301,-82.394264,SC,Greenville,Gville
29605,34.799312,-82.391757,SC,Greenville,Greenville
29605,34.799312,-82.391757,SC,Greenville,Gville
29606,34.858052,-82.321696,SC,Greenville,Greenville
29606,34.858052,-82.321696,SC,Greenville,Gville
29607,34.829648,-82.340068,SC,Greenville,Batesville
29607,34.829648,-82.340068,SC,Greenville,Greenville
29607,34.829648,-82.340068,SC,Greenville,Gville
29608,34.901963,-82.409599,SC,Greenville,Greenville
29608,34.901963,-82.409599,SC,Greenville,Gville
29608,34.901963,-82.409599,SC,Greenville,Park Place
29609,34.897521,-82.398093,SC,Greenville,Greenville
29609,34.897521,-82.398093,SC,Greenville,Gville
29610,34.931778,-82.471944,SC,Greenville,Greenville
29610,34.931778,-82.471944,SC,Greenville,Gville
29611,34.854896,-82.448532,SC,Greenville,Greenville
29611,34.854896,-82.448532,SC,Greenville,Gville
29612,34.847835,-82.403959,SC,Greenville,Greenville
29612,34.847835,-82.403959,SC,Greenville,Gville
29613,34.71627,-82.382626,SC,Greenville,Greenville
29613,34.71627,-82.382626,SC,Greenville,Gville
29614,34.91032,-82.409036,SC,Greenville,Bob Jones University
29614,34.91032,-82.409036,SC,Greenville,Greenville
29614,34.91032,-82.409036,SC,Greenville,Gville
29615,34.868789,-82.312139,SC,Greenville,Greenville
29615,34.868789,-82.312139,SC,Greenville,Gville
29616,34.854817,-82.393105,SC,Greenville,Greenville
29616,34.854817,-82.393105,SC,Greenville,Gville
29617,34.921125,-82.476529,SC,Greenville,Greenville
29617,34.921125,-82.476529,SC,Greenville,Gville
29620,34.175299,-82.379012,SC,Abbeville,Abbeville
29621,34.523656,-82.644593,SC,Anderson,AND
29621,34.523656,-82.644593,SC,Anderson,Anderson
29622,34.499718,-82.660714,SC,Anderson,AND
29622,34.499718,-82.660714,SC,Anderson,Anderson
29623,34.519837,-82.717055,SC,Anderson,AND
29623,34.519837,-82.717055,SC,Anderson,Anderson
29624,34.478216,-82.68165,SC,Anderson,AND
29624,34.478216,-82.68165,SC,Anderson,Anderson
29625,34.536322,-82.732656,SC,Anderson,AND
29625,34.536322,-82.732656,SC,Anderson,Anderson
29626,34.444494,-82.754302,SC,Anderson,AND
29626,34.444494,-82.754302,SC,Anderson,Anderson
29627,34.517182,-82.501649,SC,Anderson,Belton
29628,34.092078,-82.591621,SC,Abbeville,Calhoun Falls
29630,34.743252,-82.799162,SC,Pickens,Central
29631,34.685349,-82.816921,SC,Pickens,Clemson
29632,34.685014,-82.811204,SC,Pickens,Clemson
29632,34.685014,-82.811204,SC,Pickens,Clemson University
29633,34.69888,-82.893146,SC,Pickens,Clemson
29634,34.673146,-82.823962,SC,Pickens,Clemson
29634,34.673146,-82.823962,SC,Pickens,Clemson University
29635,35.050003,-82.64205,SC,Greenville,Cleveland
29636,34.769607,-82.352293,SC,Greenville,Conestee
29638,34.37435,-82.272156,SC,Abbeville,Donalds
29638,34.37435,-82.272156,SC,Abbeville,Shoals Jct
29638,34.37435,-82.272156,SC,Abbeville,Shoals Junction
29639,34.334985,-82.382073,SC,Abbeville,Due West
29640,34.830936,-82.589822,SC,Pickens,Easley
29641,34.843681,-82.595072,SC,Pickens,Easley
29642,34.805816,-82.562178,SC,Pickens,Easley
29643,34.524647,-83.042855,SC,Oconee,Fair Play
29644,34.682989,-82.217533,SC,Greenville,Fountain Inn
29645,34.59576,-82.14384,SC,Laurens,Gray Court
29646,34.184847,-82.152009,SC,Greenwood,Greenwood
29646,34.184847,-82.152009,SC,Greenwood,Gwd
29647,34.189754,-82.15384,SC,Greenwood,Greenwood
29647,34.189754,-82.15384,SC,Greenwood,Gwd
29647,34.189754,-82.15384,SC,Greenwood,Park Seed Co
29648,34.189151,-82.156129,SC,Greenwood,Greenwood
29648,34.189151,-82.156129,SC,Greenwood,Gwd
29649,34.219994,-82.160345,SC,Greenwood,Greenwood
29649,34.219994,-82.160345,SC,Greenwood,Gwd
29650,34.902548,-82.265574,SC,Greenville,Greer
29651,34.968571,-82.255432,SC,Greenville,Greer
29652,34.93786,-82.202937,SC,Greenville,Greer
29653,34.287837,-82.216353,SC,Greenwood,Hodges
29654,34.446826,-82.404793,SC,Anderson,Honea Path
29655,34.3121,-82.66968,SC,Anderson,Iva
29656,34.612072,-82.761338,SC,Anderson,La France
29657,34.788984,-82.697845,SC,Pickens,Liberty
29658,34.762398,-83.233773,SC,Oconee,Long Creek
29659,34.257916,-82.583408,SC,Abbeville,Lowndesville
29661,35.056803,-82.511622,SC,Greenville,Marietta
29662,34.778801,-82.302512,SC,Greenville,Mauldin
29664,34.805775,-83.258248,SC,Oconee,Mountain Rest
29665,34.717905,-82.902959,SC,Oconee,Newry
29666,34.173267,-82.019642,SC,Greenwood,Ninety Six
29667,34.759485,-82.770568,SC,Pickens,Cateechee
29667,34.759485,-82.770568,SC,Pickens,Norris
29669,34.651323,-82.494694,SC,Anderson,Pelzer
29670,34.645861,-82.76726,SC,Anderson,Pendleton
29671,34.889416,-82.72739,SC,Pickens,Pickens
29672,34.685658,-82.956989,SC,Oconee,Seneca
29673,34.723829,-82.420517,SC,Greenville,Piedmont
29675,34.704787,-83.020014,SC,Oconee,Richland
29676,34.838477,-82.930726,SC,Oconee,Salem
29677,34.595195,-82.737557,SC,Anderson,Sandy Springs
29678,34.693402,-82.941284,SC,Oconee,Seneca
29679,34.685966,-82.944821,SC,Oconee,Seneca
29680,34.720389,-82.270653,SC,Greenville,Simpsonville
29681,34.742892,-82.259696,SC,Greenville,Simpsonville
29682,34.829053,-82.831145,SC,Pickens,Six Mile
29683,35.032403,-82.494379,SC,Greenville,Slater
29684,34.397696,-82.667729,SC,Anderson,Starr
29685,34.920954,-82.821687,SC,Pickens,Sunset
29686,34.902168,-82.978665,SC,Oconee,Tamassee
29687,34.933851,-82.317958,SC,Greenville,Taylors
29688,35.062449,-82.352257,SC,Greenville,Tigerville
29689,34.534882,-82.869969,SC,Anderson,Townville
29690,35.00406,-82.435522,SC,Greenville,Travelers Rest
29690,35.00406,-82.435522,SC,Greenville,Travelers Rst
29691,34.766678,-83.062038,SC,Oconee,Walhalla
29692,34.391023,-82.244579,SC,Greenwood,Ware Shoals
29693,34.642443,-83.088445,SC,Oconee,Madison
29693,34.642443,-83.088445,SC,Oconee,Westminster
29695,34.287453,-82.245208,SC,Greenwood,Hodges
29695,34.287453,-82.245208,SC,Greenwood,Wayside Nurseries
29696,34.772475,-83.047952,SC,Oconee,West Union
29697,34.618937,-82.496462,SC,Anderson,Williamston
29698,34.809759,-82.333042,SC,Spartanburg,BMG Columbia Hse Music Club
29698,34.809759,-82.333042,SC,Spartanburg,Greenville
29702,35.11567,-81.513969,SC,Cherokee,Blacksburg
29702,35.11567,-81.513969,SC,Cherokee,Cherokee Falls
29702,35.11567,-81.513969,SC,Cherokee,Cherokee Fls
29702,35.11567,-81.513969,SC,Cherokee,Kings Creek
29703,35.1455,-81.223077,SC,York,Bowling Green
29704,34.845853,-80.933937,SC,York,Catawba
29706,34.711411,-81.207675,SC,Chester,Chester
29707,35.006139,-80.947219,SC,York,Fort Mill
29707,35.006139,-80.947219,SC,York,Ft Mill
29707,35.006139,-80.947219,SC,York,Indian Land
29708,35.006322,-80.942526,SC,York,Fort Mill
29708,35.006322,-80.942526,SC,York,Ft Mill
29708,35.006322,-80.942526,SC,York,Tega Cay
29709,34.736824,-80.095126,SC,Chesterfield,Chesterfield
29710,35.105301,-81.184746,SC,York,Clover
29710,35.105301,-81.184746,SC,York,Lake Wylie
29710,35.105301,-81.184746,SC,York,Lk Wylie
29710,35.105301,-81.184746,SC,York,River Hills
29712,34.829331,-81.012395,SC,Chester,Edgemoor
29714,34.701218,-80.913514,SC,Chester,Fort Lawn
29714,34.701218,-80.913514,SC,Chester,Ft Lawn
29715,35.02632,-80.9472,SC,York,Fort Mill
29716,35.006945,-80.942339,SC,York,Fort Mill
29717,34.970701,-81.426068,SC,York,Hickory Grove
29718,34.584331,-80.419337,SC,Chesterfield,Jefferson
29720,34.709391,-80.775133,SC,Lancaster,Lancaster
29721,34.747105,-80.718422,SC,Lancaster,Lancaster
29722,34.749579,-80.720816,SC,Lancaster,Lancaster
29724,34.778471,-81.012826,SC,Chester,Lando
29726,34.872034,-81.223083,SC,York,Mc Connells
29726,34.872034,-81.223083,SC,York,McConnells
29727,34.75005,-80.250547,SC,Chesterfield,Mount Croghan
29728,34.769328,-80.392158,SC,Chesterfield,Pageland
29729,34.775868,-81.026327,SC,Chester,Richburg
29730,34.929113,-81.022958,SC,York,Rock Hill
29731,34.96369,-81.051035,SC,York,Rock Hill
29732,34.970453,-81.060985,SC,York,Rock Hill
29733,34.890601,-81.024567,SC,York,Rock Hill
29733,34.890601,-81.024567,SC,York,Withrop College
29734,34.886025,-81.022063,SC,York,Rock Hill
29741,34.703963,-80.206821,SC,Chesterfield,Ruby
29742,34.91321,-81.34476,SC,York,Sharon
29743,35.031662,-81.412116,SC,York,Smyrna
29744,34.858501,-80.846028,SC,Lancaster,Van Wyck
29745,35.004572,-81.209303,SC,York,York
29801,33.564827,-81.709984,SC,Aiken,Aiken
29802,33.562561,-81.720328,SC,Aiken,Aiken
29803,33.504406,-81.724533,SC,Aiken,Aiken
29804,33.532298,-81.570882,SC,Aiken,Aiken
29805,33.698508,-81.634909,SC,Aiken,Aiken
29808,33.248093,-81.649368,SC,Aiken,Aiken
29808,33.248093,-81.649368,SC,Aiken,E I Dupont Co
29809,33.414659,-81.688024,SC,Aiken,New Ellenton
29810,33.006169,-81.306627,SC,Allendale,Allendale
29810,33.006169,-81.306627,SC,Allendale,Seigling
29812,33.243078,-81.359153,SC,Barnwell,Barnwell
29812,33.243078,-81.359153,SC,Barnwell,Kline
29812,33.243078,-81.359153,SC,Barnwell,Snelling
29813,33.241913,-81.361784,SC,Barnwell,Barnwell
29813,33.241913,-81.361784,SC,Barnwell,Hilda
29816,33.500799,-81.867579,SC,Aiken,Bath
29817,33.356585,-81.27563,SC,Barnwell,Blackville
29819,34.109752,-82.233224,SC,Greenwood,Bradley
29819,34.109752,-82.233224,SC,Greenwood,Callison
29819,34.109752,-82.233224,SC,Greenwood,Promised Land
29821,33.643723,-82.146272,SC,McCormick,Clarks Hill
29822,33.497709,-81.893574,SC,Aiken,Clearwater
29824,33.78696,-81.929623,SC,Edgefield,Cleora
29824,33.78696,-81.929623,SC,Edgefield,Edgefield
29824,33.78696,-81.929623,SC,Edgefield,Meeting Street
29824,33.78696,-81.929623,SC,Edgefield,Moss
29824,33.78696,-81.929623,SC,Edgefield,Pleasant Lane
29826,33.379504,-81.377307,SC,Barnwell,Elko
29827,32.92338,-81.28578,SC,Allendale,Barton
29827,32.92338,-81.28578,SC,Allendale,Fairfax
29828,33.520944,-81.826713,SC,Aiken,Gloverville
29829,33.560576,-81.828149,SC,Aiken,Graniteville
29831,33.343729,-81.80796,SC,Aiken,Dunbarton
29831,33.343729,-81.80796,SC,Aiken,Jackson
29831,33.343729,-81.80796,SC,Aiken,Savannah River Plant
29832,33.833823,-81.807516,SC,Edgefield,Johnston
29834,33.513651,-81.847009,SC,Aiken,Breeze Hill
29834,33.513651,-81.847009,SC,Aiken,Langley
29835,33.911159,-82.290467,SC,McCormick,Bordeaux
29835,33.911159,-82.290467,SC,McCormick,Britts
29835,33.911159,-82.290467,SC,McCormick,Mc Cormick
29835,33.911159,-82.290467,SC,McCormick,Willington
29836,33.096723,-81.525746,SC,Allendale,Martin
29838,33.708528,-82.217647,SC,McCormick,Colliers
29838,33.708528,-82.217647,SC,McCormick,Modoc
29839,33.50628,-81.600469,SC,Aiken,Montmorenci
29840,33.988998,-82.446249,SC,McCormick,Mount Carmel
29841,33.512008,-81.932644,SC,Aiken,Beech Island
29841,33.512008,-81.932644,SC,Aiken,Belvedere
29841,33.512008,-81.932644,SC,Aiken,North Augusta
29842,33.408592,-81.881677,SC,Aiken,Beech Island
29842,33.408592,-81.881677,SC,Aiken,North Augusta
29843,33.174153,-81.153464,SC,Bamberg,Olar
29844,33.786637,-82.217188,SC,McCormick,Parksville
29845,33.816772,-82.235638,SC,McCormick,Parksville
29845,33.816772,-82.235638,SC,McCormick,Plum Branch
29846,33.037812,-81.224619,SC,Allendale,Sycamore
29847,33.70116,-81.81978,SC,Edgefield,Eureka
29847,33.70116,-81.81978,SC,Edgefield,Trenton
29848,33.965222,-82.287072,SC,Greenwood,Troy
29849,33.055326,-81.215569,SC,Allendale,Ulmer
29850,33.608533,-81.805438,SC,Aiken,Vaucluse
29851,33.518108,-81.820849,SC,Aiken,Burnettown
29851,33.518108,-81.820849,SC,Aiken,Mixville
29851,33.518108,-81.820849,SC,Aiken,Stiefeltown
29851,33.518108,-81.820849,SC,Aiken,Warrenville
29853,33.397983,-81.424281,SC,Barnwell,White Pond
29853,33.397983,-81.424281,SC,Barnwell,Williston
29856,33.47626,-81.527087,SC,Aiken,Windsor
29860,33.501601,-81.962785,SC,Aiken,North Augusta
29861,33.517536,-81.958594,SC,Aiken,North Augusta
29899,33.908678,-82.290232,SC,McCormick,Mc Cormick
29899,33.908678,-82.290232,SC,McCormick,McCormick Correctional Inst
29901,32.417543,-80.657499,SC,Beaufort,Beaufort
29902,32.44746,-80.70864,SC,Beaufort,Beaufort
29902,32.44746,-80.70864,SC,Beaufort,Burton Branch
29902,32.44746,-80.70864,SC,Beaufort,Laurel Bay
29902,32.44746,-80.70864,SC,Beaufort,Naval Hospital
29902,32.44746,-80.70864,SC,Beaufort,Parris Island
29903,32.424633,-80.725146,SC,Beaufort,Beaufort
29904,32.457864,-80.8014,SC,Beaufort,Beaufort
29905,32.34388,-80.665757,SC,Beaufort,Beaufort
29905,32.34388,-80.665757,SC,Beaufort,Parris Island
29906,32.432733,-80.673074,SC,Beaufort,Beaufort
29906,32.432733,-80.673074,SC,Beaufort,Burton Branch
29907,32.427269,-80.7022,SC,Beaufort,Beaufort
29907,32.427269,-80.7022,SC,Beaufort,Ladies Island
29907,32.427269,-80.7022,SC,Beaufort,Ladys Island
29909,32.262421,-80.867479,SC,Beaufort,Bluffton
29909,32.262421,-80.867479,SC,Beaufort,Callawassie Island
29909,32.262421,-80.867479,SC,Beaufort,Okatie
29909,32.262421,-80.867479,SC,Beaufort,Spring Island
29909,32.262421,-80.867479,SC,Beaufort,Sun City
29910,32.259699,-80.872324,SC,Beaufort,Bluffton
29910,32.259699,-80.872324,SC,Beaufort,Brighton Beach
29910,32.259699,-80.872324,SC,Beaufort,Pritchardville
29911,32.925432,-81.18777,SC,Hampton,Brunson
29912,32.488115,-80.987419,SC,Jasper,Coosawhatchie
29912,32.488115,-80.987419,SC,Jasper,Ridgeland
29913,32.913225,-81.07413,SC,Hampton,Crocketville
29913,32.913225,-81.07413,SC,Hampton,Hampton
29914,32.554485,-80.692502,SC,Beaufort,Dale
29914,32.554485,-80.692502,SC,Beaufort,Seabrook
29915,32.216111,-80.752778,SC,Beaufort,Daufuskie Is
29915,32.216111,-80.752778,SC,Beaufort,Daufuskie Island
29915,32.216111,-80.752778,SC,Beaufort,Hilton Head Island
29916,32.63532,-81.03492,SC,Hampton,Barkersville
29916,32.63532,-81.03492,SC,Hampton,Early Branch
29916,32.63532,-81.03492,SC,Hampton,Fechtig
29916,32.63532,-81.03492,SC,Hampton,Grays
29918,32.74452,-81.24012,SC,Hampton,Estill
29918,32.74452,-81.24012,SC,Hampton,Nixville
29920,32.36994,-80.5503,SC,Beaufort,Dataw Island
29920,32.36994,-80.5503,SC,Beaufort,Fripp Island
29920,32.36994,-80.5503,SC,Beaufort,Frogmore
29920,32.36994,-80.5503,SC,Beaufort,Saint Helena Island
29920,32.36994,-80.5503,SC,Beaufort,St Helena Is
29921,32.760287,-81.241951,SC,Hampton,Furman
29922,32.60199,-81.24181,SC,Hampton,Brighton
29922,32.60199,-81.24181,SC,Hampton,Garnett
29922,32.60199,-81.24181,SC,Hampton,Robertville
29922,32.60199,-81.24181,SC,Hampton,Shirley
29923,32.86129,-81.239714,SC,Hampton,Gifford
29924,32.867113,-81.11664,SC,Hampton,Hampton
29925,32.164766,-80.754408,SC,Beaufort,Hilton Head
29925,32.164766,-80.754408,SC,Beaufort,Hilton Head Island
29926,32.234951,-80.735624,SC,Beaufort,Hilton Head
29926,32.234951,-80.735624,SC,Beaufort,Hilton Head Island
29927,32.2813,-81.071015,SC,Jasper,Bellinger
29927,32.2813,-81.071015,SC,Jasper,Harbville
29927,32.2813,-81.071015,SC,Jasper,Hardeeville
29927,32.2813,-81.071015,SC,Jasper,Limehouse
29927,32.2813,-81.071015,SC,Jasper,Purysburgh
29928,32.161512,-80.752518,SC,Beaufort,Fairfield
29928,32.161512,-80.752518,SC,Beaufort,Hilton Head
29928,32.161512,-80.752518,SC,Beaufort,Hilton Head Island
29929,32.953565,-80.883542,SC,Colleton,Ashton
29929,32.953565,-80.883542,SC,Colleton,Islandton
29929,32.953565,-80.883542,SC,Colleton,Moselle
29931,32.553916,-80.745388,SC,Beaufort,Lobeco
29932,32.864636,-81.228486,SC,Hampton,Luray
29933,32.948572,-81.031062,SC,Hampton,Miley
29934,32.581515,-81.191837,SC,Jasper,Pineland
29935,32.385662,-80.69289,SC,Beaufort,Port Royal
29936,32.481598,-80.984342,SC,Jasper,Coosawhatchie
29936,32.481598,-80.984342,SC,Jasper,Gillisonville
29936,32.481598,-80.984342,SC,Jasper,Mitchellville
29936,32.481598,-80.984342,SC,Jasper,Ridgeland
29936,32.481598,-80.984342,SC,Jasper,Switzerland
29938,32.16153,-80.752119,SC,Beaufort,Hilton Head
29938,32.16153,-80.752119,SC,Beaufort,Hilton Head Island
29939,32.681996,-81.245041,SC,Hampton,Estill
29939,32.681996,-81.245041,SC,Hampton,Scotia
29940,32.52245,-80.745942,SC,Beaufort,Coosaw
29940,32.52245,-80.745942,SC,Beaufort,Seabrook
29941,32.602379,-80.790344,SC,Beaufort,Sheldon
29943,32.481456,-81.113941,SC,Jasper,Tarboro
29943,32.481456,-81.113941,SC,Jasper,Tillman
29944,32.857618,-81.07728,SC,Hampton,Varnville
29945,32.65422,-80.82672,SC,Hampton,Blake
29945,32.65422,-80.82672,SC,Hampton,Gardens Corner
29945,32.65422,-80.82672,SC,Hampton,Pocataligo
29945,32.65422,-80.82672,SC,Hampton,Salkehatchie
29945,32.65422,-80.82672,SC,Hampton,White Hall
29945,32.65422,-80.82672,SC,Hampton,Whitehall
29945,32.65422,-80.82672,SC,Hampton,Yemassee
