57001,43.02193,-96.622613,SD,Union,Alcester
57001,43.02193,-96.622613,SD,Union,Big Springs
57001,43.02193,-96.622613,SD,Union,Nora
57002,44.288735,-96.713704,SD,Brookings,Aurora
57003,43.749361,-96.73413,SD,Minnehaha,Baltic
57004,43.0842,-96.78066,SD,Union,Alsen
57004,43.0842,-96.78066,SD,Union,Beresford
57004,43.0842,-96.78066,SD,Union,Emmet
57005,43.587111,-96.580716,SD,Minnehaha,Brandon
57005,43.587111,-96.580716,SD,Minnehaha,Corson
57006,44.2875,-96.7914,SD,Brookings,Brookings
57006,44.2875,-96.7914,SD,Brookings,Lake Campbell
57007,44.306715,-96.786041,SD,Brookings,Brookings
57007,44.306715,-96.786041,SD,Brookings,Sd State Univ
57010,42.604183,-96.564281,SD,Clay,Burbank
57012,43.59628,-97.293355,SD,McCook,Canistota
57012,43.59628,-97.293355,SD,McCook,Rumpus Ridge
57013,43.303968,-96.59593,SD,Lincoln,Canton
57014,43.140734,-96.992306,SD,Turner,Centerville
57014,43.140734,-96.992306,SD,Turner,Dalesburg
57015,43.369918,-96.983301,SD,Turner,Chancellor
57016,43.894594,-97.007429,SD,Lake,Chester
57016,43.894594,-97.007429,SD,Lake,Franklin
57016,43.894594,-97.007429,SD,Lake,Lake Brandt
57017,43.98449,-96.81325,SD,Moody,Colman
57018,43.785894,-96.927978,SD,Minnehaha,Colton
57018,43.785894,-96.927978,SD,Minnehaha,Huntimer
57020,43.661406,-96.808287,SD,Minnehaha,Crooks
57020,43.661406,-96.808287,SD,Minnehaha,Renner
57021,43.289557,-96.986298,SD,Turner,Davis
57022,43.826202,-96.717843,SD,Minnehaha,Dell Rapids
57024,43.999147,-96.64286,SD,Moody,Egan
57025,42.7857,-96.6969,SD,Union,Elk Point
57025,42.7857,-96.6969,SD,Union,Junction City
57025,42.7857,-96.6969,SD,Union,Richland
57025,42.7857,-96.6969,SD,Union,Spink
57026,44.232906,-96.484595,SD,Brookings,Elkton
57026,44.232906,-96.484595,SD,Brookings,Ward
57027,43.207357,-96.590848,SD,Lincoln,Fairview
57028,44.045537,-96.595757,SD,Moody,Flandreau
57029,43.348042,-97.427889,SD,Hutchinson,Freeman
57030,43.71474,-96.51942,SD,Minnehaha,Garretson
57030,43.71474,-96.51942,SD,Minnehaha,Palisade
57030,43.71474,-96.51942,SD,Minnehaha,Sherman
57031,42.88977,-97.174801,SD,Yankton,Gayville
57032,43.427784,-96.697425,SD,Lincoln,Harrisburg
57032,43.427784,-96.697425,SD,Lincoln,Lake Alvin
57033,43.627967,-96.94297,SD,Minnehaha,Hartford
57033,43.627967,-96.94297,SD,Minnehaha,Wall Lake
57034,43.13042,-96.45523,SD,Lincoln,Hudson
57034,43.13042,-96.45523,SD,Lincoln,Moe
57034,43.13042,-96.45523,SD,Lincoln,Norway Center
57035,43.711272,-96.886802,SD,Minnehaha,Humboldt
57035,43.711272,-96.886802,SD,Minnehaha,Wellington
57036,43.28724,-97.16034,SD,Turner,Flyger
57036,43.28724,-97.16034,SD,Turner,Hurley
57036,43.28724,-97.16034,SD,Turner,Turkey Ridge
57037,43.111845,-97.285292,SD,Clay,Irene
57037,43.111845,-97.285292,SD,Clay,Mayfield
57038,42.573514,-96.539367,SD,Union,Jefferson
57039,43.353196,-96.89274,SD,Lincoln,Lennox
57039,43.353196,-96.89274,SD,Lincoln,Naomi
57040,43.07634,-97.546836,SD,Yankton,Lesterville
57041,43.786932,-96.929752,SD,Minnehaha,Lyons
57042,44.00812,-97.113629,SD,Lake,Junius
57042,44.00812,-97.113629,SD,Lake,Lake Herman
57042,44.00812,-97.113629,SD,Lake,Madison
57042,44.00812,-97.113629,SD,Lake,Orland
57043,43.424986,-97.260003,SD,Turner,Marion
57045,43.237787,-97.576619,SD,Hutchinson,Menno
57046,42.997714,-97.338079,SD,Yankton,Mission Hill
57047,43.479273,-97.21853,SD,Turner,Monroe
57048,43.700076,-97.186816,SD,McCook,Montrose
57048,43.700076,-97.186816,SD,McCook,Ramsey
57049,42.52806,-96.50328,SD,Union,Dakota Dunes
57049,42.52806,-96.50328,SD,Union,McCook Lake
57049,42.52806,-96.50328,SD,Union,N Sioux City
57049,42.52806,-96.50328,SD,Union,North Sioux City
57050,44.155058,-97.010748,SD,Lake,Nunda
57051,44.440043,-97.550634,SD,Kingsbury,Oldham
57052,43.282169,-97.732289,SD,Hutchinson,Olivet
57052,43.282169,-97.732289,SD,Hutchinson,Wittenberg
57053,43.39689,-97.1381,SD,Turner,Parker
57054,44.118225,-97.211723,SD,Lake,Ramona
57055,43.669327,-96.70289,SD,Minnehaha,Renner
57056,43.587972,-96.584149,SD,Minnehaha,Rowena
57057,44.075835,-96.95453,SD,Lake,Rutland
57058,43.73724,-97.38444,SD,McCook,Center
57058,43.73724,-97.38444,SD,McCook,Salem
57058,43.73724,-97.38444,SD,McCook,Unityville
57059,43.138096,-97.725804,SD,Bon Homme,Scotland
57061,44.243038,-97.067738,SD,Brookings,Lake Sinai
57061,44.243038,-97.067738,SD,Brookings,Sinai
57062,42.853777,-97.892321,SD,Bon Homme,Running Water
57062,42.853777,-97.892321,SD,Bon Homme,Springfield
57063,42.951432,-97.665236,SD,Bon Homme,Janousek
57063,42.951432,-97.665236,SD,Bon Homme,Lakeport
57063,42.951432,-97.665236,SD,Bon Homme,Tabor
57064,43.447764,-96.835749,SD,Lincoln,Tea
57065,43.888752,-96.608927,SD,Moody,Trent
57066,42.989816,-97.860137,SD,Bon Homme,Kingsbury
57066,42.989816,-97.860137,SD,Bon Homme,Tyndall
57067,42.962076,-97.507277,SD,Yankton,Janesville
57067,42.962076,-97.507277,SD,Yankton,Utica
57068,43.58288,-96.464847,SD,Minnehaha,Ben Claire
57068,43.58288,-96.464847,SD,Minnehaha,Valley Spgs
57068,43.58288,-96.464847,SD,Minnehaha,Valley Springs
57069,42.781151,-96.924411,SD,Clay,Greenfield
57069,42.781151,-96.924411,SD,Clay,Hub City
57069,42.781151,-96.924411,SD,Clay,Meckling
57069,42.781151,-96.924411,SD,Clay,Vermillion
57069,42.781151,-96.924411,SD,Clay,Westerville
57070,43.18992,-97.11696,SD,Turner,Center Point
57070,43.18992,-97.11696,SD,Turner,Hooker
57070,43.18992,-97.11696,SD,Turner,Midway
57070,43.18992,-97.11696,SD,Turner,Swan Lake
57070,43.18992,-97.11696,SD,Turner,Viborg
57071,44.320521,-96.925166,SD,Brookings,Volga
57072,42.998394,-97.222124,SD,Yankton,Volin
57073,42.995805,-97.043929,SD,Clay,Wakonda
57075,43.998194,-96.96879,SD,Lake,Lake Madison
57075,43.998194,-96.96879,SD,Lake,Smiths Park
57075,43.998194,-96.96879,SD,Lake,Wentworth
57076,43.956631,-97.308946,SD,Lake,Winfred
57077,43.329353,-96.767294,SD,Lincoln,Worthing
57078,42.879711,-97.388459,SD,Yankton,Yankton
57079,42.888923,-97.39422,SD,Yankton,Gurneys Seed & Nursery Co
57079,42.888923,-97.39422,SD,Yankton,Yankton
57101,43.601314,-96.704854,SD,Minnehaha,Sioux Falls
57103,43.535409,-96.685536,SD,Minnehaha,Sioux Falls
57104,43.556226,-96.734063,SD,Minnehaha,Sioux Falls
57105,43.521706,-96.73037,SD,Minnehaha,Sioux Falls
57106,43.51703,-96.789603,SD,Minnehaha,Shindler
57106,43.51703,-96.789603,SD,Minnehaha,Sioux Falls
57107,43.56535,-96.796958,SD,Minnehaha,Buffalo Ridge
57107,43.56535,-96.796958,SD,Minnehaha,Ellis
57107,43.56535,-96.796958,SD,Minnehaha,Sioux Falls
57108,43.474208,-96.687689,SD,Lincoln,Sioux Falls
57109,43.520545,-96.738364,SD,Minnehaha,Sioux Falls
57110,43.5443,-96.638702,SD,Minnehaha,Sioux Falls
57117,43.548465,-96.724916,SD,Minnehaha,Sioux Falls
57118,43.604782,-96.706975,SD,Minnehaha,Sioux Falls
57186,43.5493,-96.726635,SD,Minnehaha,Paytrust
57186,43.5493,-96.726635,SD,Minnehaha,Sioux Falls
57188,43.600086,-96.720047,SD,Minnehaha,Citibank
57188,43.600086,-96.720047,SD,Minnehaha,Sioux Falls
57189,43.602653,-96.719846,SD,Minnehaha,Citibank
57189,43.602653,-96.719846,SD,Minnehaha,Sioux Falls
57192,43.547118,-96.730332,SD,Minnehaha,Sioux Falls
57192,43.547118,-96.730332,SD,Minnehaha,Western Surety Co
57193,43.545553,-96.720773,SD,Minnehaha,Midland Life Ins Co
57193,43.545553,-96.720773,SD,Minnehaha,Sioux Falls
57194,43.547393,-96.73143,SD,Minnehaha,Sioux Falls
57194,43.547393,-96.73143,SD,Minnehaha,Us West Communications
57195,43.547702,-96.733689,SD,Minnehaha,Sioux Falls
57195,43.547702,-96.733689,SD,Minnehaha,Us West Communications
57196,43.542934,-96.720327,SD,Minnehaha,Sioux Falls
57196,43.542934,-96.720327,SD,Minnehaha,The Austad Co
57197,43.521917,-96.740725,SD,Minnehaha,Augustana College
57197,43.521917,-96.740725,SD,Minnehaha,Sioux Falls
57198,43.733737,-96.628269,SD,Minnehaha,Earth Resources Obs
57198,43.733737,-96.628269,SD,Minnehaha,Sioux Falls
57201,44.902615,-97.121324,SD,Codington,Appleby
57201,44.902615,-97.121324,SD,Codington,Foley
57201,44.902615,-97.121324,SD,Codington,Grover
57201,44.902615,-97.121324,SD,Codington,Kampeska
57201,44.902615,-97.121324,SD,Codington,Pelican
57201,44.902615,-97.121324,SD,Codington,Rauville
57201,44.902615,-97.121324,SD,Codington,Watertown
57201,44.902615,-97.121324,SD,Codington,Waverly
57212,44.365792,-97.151109,SD,Kingsbury,Arlington
57212,44.365792,-97.151109,SD,Kingsbury,Hetland
57212,44.365792,-97.151109,SD,Kingsbury,Lake Poinsett
57213,44.557233,-96.546861,SD,Deuel,Astoria
57214,44.489359,-97.224349,SD,Kingsbury,Badger
57216,45.292796,-96.462397,SD,Grant,Big Stone
57216,45.292796,-96.462397,SD,Grant,Big Stone City
57216,45.292796,-96.462397,SD,Grant,Big Stone Cty
57217,44.90308,-97.707295,SD,Clark,Bradley
57217,44.90308,-97.707295,SD,Clark,Crocker
57218,44.672958,-96.671048,SD,Deuel,Brandt
57219,45.26094,-97.71834,SD,Day,Bristol
57219,45.26094,-97.71834,SD,Day,Butler
57220,44.485116,-96.934663,SD,Brookings,Bruce
57220,44.485116,-96.934663,SD,Brookings,Oakwood Lake
57221,44.629708,-97.429998,SD,Hamlin,Bryant
57223,44.726786,-97.027942,SD,Hamlin,Castlewood
57223,44.726786,-97.027942,SD,Hamlin,Kones Corner
57224,45.877033,-97.104277,SD,Roberts,Claire City
57225,44.881594,-97.733744,SD,Clark,Clark
57226,44.758347,-96.683015,SD,Deuel,Altamont
57226,44.758347,-96.683015,SD,Deuel,Clear Lake
57226,44.758347,-96.683015,SD,Deuel,Tunnerville
57227,45.362558,-96.668241,SD,Roberts,Corona
57227,45.362558,-96.668241,SD,Roberts,Linden Beach
57227,45.362558,-96.668241,SD,Roberts,Shady Beach
57231,44.38719,-97.551945,SD,Kingsbury,De Smet
57232,45.61334,-97.356059,SD,Marshall,Eden
57233,44.49858,-97.41048,SD,Kingsbury,Erwin
57233,44.49858,-97.41048,SD,Kingsbury,Lake Preston
57233,44.49858,-97.41048,SD,Kingsbury,Spirit Lake
57234,44.622353,-96.958682,SD,Hamlin,Dempster
57234,44.622353,-96.958682,SD,Hamlin,Estelline
57235,45.064359,-97.26893,SD,Codington,Florence
57236,44.936264,-97.557266,SD,Clark,Garden City
57237,44.853,-96.530608,SD,Deuel,Gary
57238,44.8941,-96.79278,SD,Deuel,Bemis
57238,44.8941,-96.79278,SD,Deuel,Goodwin
57239,45.502047,-97.411324,SD,Day,Grenville
57241,44.677517,-97.250132,SD,Hamlin,Hayti
57241,44.677517,-97.250132,SD,Hamlin,Thomas
57242,44.756769,-97.384225,SD,Hamlin,Hazel
57243,44.888142,-97.432744,SD,Codington,Henry
57245,44.878739,-96.943631,SD,Codington,Kranzburg
57246,45.026627,-96.698717,SD,Grant,Labolt
57247,45.69855,-97.352584,SD,Marshall,Lake City
57247,45.69855,-97.352584,SD,Marshall,Red Iron Lake
57248,44.58182,-97.211073,SD,Hamlin,Alsville
57248,44.58182,-97.211073,SD,Hamlin,Lake Norden
57249,44.360596,-97.361268,SD,Kingsbury,Lake Preston
57251,45.282954,-96.941539,SD,Grant,Marvin
57252,45.218981,-96.632324,SD,Grant,Milbank
57253,45.219883,-96.635027,SD,Grant,Milbank
57253,45.219883,-96.635027,SD,Grant,Milbank Mutual Insurance
57255,45.87714,-96.91898,SD,Roberts,Hammer
57255,45.87714,-96.91898,SD,Roberts,New Effington
57256,45.15495,-97.204176,SD,Roberts,Ortley
57257,45.500243,-97.044431,SD,Roberts,Peever
57258,44.889418,-97.92159,SD,Clark,Clark Colony
57258,44.889418,-97.92159,SD,Clark,Raymond
57259,45.017266,-96.548264,SD,Grant,Albee
57259,45.017266,-96.548264,SD,Grant,Revillo
57260,45.878034,-96.713253,SD,Roberts,Rosholt
57260,45.878034,-96.713253,SD,Roberts,Victor
57261,45.513278,-97.587947,SD,Day,Roslyn
57262,45.664922,-97.048055,SD,Roberts,Agency Village
57262,45.664922,-97.048055,SD,Roberts,Agency Vlg
57262,45.664922,-97.048055,SD,Roberts,Dry Wood Lake
57262,45.664922,-97.048055,SD,Roberts,Sisseton
57262,45.664922,-97.048055,SD,Roberts,Tekakwitha
57263,45.10855,-97.022712,SD,Codington,South Shore
57264,45.108718,-96.82281,SD,Grant,Stockholm
57265,45.017187,-96.820946,SD,Grant,Strandburg
57265,45.017187,-96.820946,SD,Grant,Troy
57266,45.387337,-97.043929,SD,Roberts,Summit
57268,44.574557,-96.644841,SD,Deuel,Johnsonville
57268,44.574557,-96.644841,SD,Deuel,Toronto
57269,45.212479,-97.022662,SD,Grant,Twin Brooks
57270,45.864739,-97.284259,SD,Marshall,Hillhead
57270,45.864739,-97.284259,SD,Marshall,Veblen
57271,44.676806,-97.547404,SD,Clark,Naples
57271,44.676806,-97.547404,SD,Clark,Vienna
57272,45.064905,-97.434058,SD,Codington,Wallace
57273,45.335539,-97.310586,SD,Day,Blue Dog Lake
57273,45.335539,-97.310586,SD,Day,Waubay
57274,45.32562,-97.51956,SD,Day,Holmquist
57274,45.32562,-97.51956,SD,Day,Lily
57274,45.32562,-97.51956,SD,Day,Webster
57276,44.38548,-96.62652,SD,Brookings,Bushnell
57276,44.38548,-96.62652,SD,Brookings,Roland Colony
57276,44.38548,-96.62652,SD,Brookings,White
57278,44.632757,-97.734977,SD,Clark,Willow Lake
57279,45.414998,-96.867332,SD,Roberts,Madsen Beach
57279,45.414998,-96.867332,SD,Roberts,Sodak Park
57279,45.414998,-96.867332,SD,Roberts,Wilmot
57301,43.7274,-98.04618,SD,Davison,Betts
57301,43.7274,-98.04618,SD,Davison,Lake Mitchell
57301,43.7274,-98.04618,SD,Davison,Loomis
57301,43.7274,-98.04618,SD,Davison,Mitchell
57311,43.64592,-97.7613,SD,Hanson,Alexandria
57311,43.64592,-97.7613,SD,Hanson,Farmer
57312,44.155775,-98.452371,SD,Jerauld,Alpena
57313,43.318948,-98.345478,SD,Douglas,Armour
57314,44.04026,-97.958503,SD,Sanborn,Artesian
57314,44.04026,-97.958503,SD,Sanborn,Forestburg
57315,43.007771,-98.056898,SD,Bon Homme,Avon
57317,43.058084,-99.032139,SD,Gregory,Bonesteel
57319,43.5291,-97.44642,SD,McCook,Bridgewater
57319,43.5291,-97.44642,SD,McCook,Dolton
57319,43.5291,-97.44642,SD,McCook,Silver Lake
57319,43.5291,-97.44642,SD,McCook,Stanley Corner
57321,43.89312,-97.54242,SD,Miner,Canova
57321,43.89312,-97.54242,SD,Miner,Epiphany
57322,44.674688,-97.914803,SD,Clark,Bloomfield
57322,44.674688,-97.914803,SD,Clark,Carpenter
57323,44.174556,-97.719752,SD,Miner,Carthage
57324,44.367668,-98.036362,SD,Beadle,Cavour
57325,43.806473,-99.327811,SD,Brule,Bijou Hills
57325,43.806473,-99.327811,SD,Brule,Chamberlain
57325,43.806473,-99.327811,SD,Brule,Ola
57326,43.808959,-99.317832,SD,Brule,Chamberlain
57326,43.808959,-99.317832,SD,Brule,St Joseph Indian School
57328,43.426269,-98.40702,SD,Douglas,Corsica
57329,43.040312,-98.184995,SD,Charles Mix,Dante
57330,43.299981,-98.212417,SD,Douglas,Delmont
57331,43.463498,-97.99463,SD,Hutchinson,Dimock
57332,43.605292,-97.622528,SD,Hanson,Clayton
57332,43.605292,-97.622528,SD,Hanson,Emery
57334,43.546469,-97.982906,SD,Davison,Ethan
57335,43.06086,-98.766233,SD,Gregory,Fairfax
57337,43.980581,-97.790792,SD,Miner,Fedora
57339,44.065203,-99.32645,SD,Buffalo,Crow Creek
57339,44.065203,-99.32645,SD,Buffalo,Fort Thompson
57340,43.726969,-97.822202,SD,Hanson,Fulton
57340,43.726969,-97.822202,SD,Hanson,Plano
57341,44.085809,-99.0686,SD,Buffalo,Bailey
57341,44.085809,-99.0686,SD,Buffalo,Gann Valley
57342,43.251792,-98.68847,SD,Charles Mix,Bovee
57342,43.251792,-98.68847,SD,Charles Mix,Geddes
57344,43.455028,-98.525175,SD,Douglas,Harrison
57345,44.520425,-99.443461,SD,Hyde,Highmore
57345,44.520425,-99.443461,SD,Hyde,Howell
57345,44.520425,-99.443461,SD,Hyde,Tennis
57346,44.249295,-99.452534,SD,Hyde,Stephan
57348,44.631361,-98.408782,SD,Beadle,Bonilla
57348,44.631361,-98.408782,SD,Beadle,Hitchcock
57349,44.014323,-97.529484,SD,Miner,Argonne
57349,44.014323,-97.529484,SD,Miner,Howard
57349,44.014323,-97.529484,SD,Miner,Roswell
57349,44.014323,-97.529484,SD,Miner,Vilas
57350,44.35954,-98.217645,SD,Beadle,Broadland
57350,44.35954,-98.217645,SD,Beadle,Huron
57350,44.35954,-98.217645,SD,Beadle,Huron Colony
57350,44.35954,-98.217645,SD,Beadle,James Valley
57350,44.35954,-98.217645,SD,Beadle,Lake Byron
57353,44.365169,-97.849047,SD,Kingsbury,Bancroft
57353,44.365169,-97.849047,SD,Kingsbury,Esmond
57353,44.365169,-97.849047,SD,Kingsbury,Iroquois
57353,44.365169,-97.849047,SD,Kingsbury,Manchester
57354,43.206175,-97.825362,SD,Hutchinson,Kaylor
57355,43.716989,-98.93498,SD,Brule,Kimball
57355,43.716989,-98.93498,SD,Brule,Lyonville
57356,43.157659,-98.538151,SD,Charles Mix,Lake Andes
57356,43.157659,-98.538151,SD,Charles Mix,Ravinia
57358,44.073104,-98.405479,SD,Jerauld,Lane
57359,43.896104,-98.208027,SD,Sanborn,Letcher
57359,43.896104,-98.208027,SD,Sanborn,Storla
57361,42.959043,-98.392182,SD,Charles Mix,Marty
57361,42.959043,-98.392182,SD,Charles Mix,Wagner
57362,44.522526,-98.983752,SD,Hand,Como
57362,44.522526,-98.983752,SD,Hand,Miller
57363,43.720808,-98.265908,SD,Davison,Mount Vernon
57364,43.438098,-98.647921,SD,Douglas,Joubert
57364,43.438098,-98.647921,SD,Douglas,New Holland
57365,43.79823,-99.397818,SD,Lyman,Oacoma
57366,43.394273,-97.98821,SD,Hutchinson,Beardsley
57366,43.394273,-97.98821,SD,Hutchinson,Marcy Colony
57366,43.394273,-97.98821,SD,Hutchinson,Milltown
57366,43.394273,-97.98821,SD,Hutchinson,Parkston
57367,43.067064,-98.533498,SD,Charles Mix,Pickstown
57368,43.713793,-98.481568,SD,Aurora,Plankinton
57369,43.40526,-98.88804,SD,Charles Mix,Academy
57369,43.40526,-98.88804,SD,Charles Mix,Eagle
57369,43.40526,-98.88804,SD,Charles Mix,Platte
57370,43.777669,-99.173379,SD,Brule,Pukwana
57370,43.777669,-99.173379,SD,Brule,Shelby
57371,44.594136,-99.247882,SD,Hand,Ree Heights
57373,44.531049,-98.806533,SD,Hand,Saint Lawrence
57373,44.531049,-98.806533,SD,Hand,St Lawrence
57374,43.775257,-97.591921,SD,McCook,Spencer
57375,43.58625,-98.561284,SD,Aurora,Aurora Center
57375,43.58625,-98.561284,SD,Aurora,Stickney
57376,43.254844,-97.989423,SD,Hutchinson,Tripp
57379,44.322364,-98.408134,SD,Beadle,Virgil
57380,43.078076,-98.2927,SD,Charles Mix,Greenwood
57380,43.078076,-98.2927,SD,Charles Mix,Wagner
57381,44.373351,-98.680654,SD,Beadle,Danforth
57381,44.373351,-98.680654,SD,Beadle,Vayland
57381,44.373351,-98.680654,SD,Beadle,Wessington
57382,44.08485,-98.568185,SD,Jerauld,Wessingtn Spg
57382,44.08485,-98.568185,SD,Jerauld,Wessington Springs
57383,43.804787,-98.684321,SD,Aurora,Robey
57383,43.804787,-98.684321,SD,Aurora,White Lake
57384,44.413182,-98.472035,SD,Beadle,Wolsey
57385,44.06717,-98.211946,SD,Sanborn,Woonsocket
57386,44.531154,-97.981398,SD,Beadle,Yale
57399,44.363185,-98.218918,SD,Beadle,Dakota Central Mpc
57399,44.363185,-98.218918,SD,Beadle,Huron
57401,45.464854,-98.4923,SD,Brown,Aberdeen
57401,45.464854,-98.4923,SD,Brown,Beebe
57401,45.464854,-98.4923,SD,Brown,Ordway
57402,45.493924,-98.49454,SD,Brown,Aberdeen
57420,45.244797,-99.803819,SD,Walworth,Akaska
57421,45.717219,-97.920215,SD,Marshall,Amherst
57422,45.414053,-97.916761,SD,Day,Andover
57424,45.0219,-98.4945,SD,Spink,Ashton
57424,45.0219,-98.4945,SD,Spink,Athol
57426,45.717662,-98.606716,SD,Brown,Barnard
57426,45.717662,-98.606716,SD,Brown,Brainard
57427,45.457975,-98.329526,SD,Brown,Bath
57428,45.452252,-99.657884,SD,Edmunds,Bowdle
57429,45.162829,-98.32325,SD,Spink,Brentford
57430,45.8067,-97.72218,SD,Marshall,Britton
57430,45.8067,-97.72218,SD,Marshall,Kidder
57430,45.8067,-97.72218,SD,Marshall,Newark
57430,45.8067,-97.72218,SD,Marshall,Spain
57430,45.8067,-97.72218,SD,Marshall,Sunset Colony
57432,45.66726,-98.064619,SD,Brown,Claremont
57432,45.66726,-98.064619,SD,Brown,Huffton
57433,45.67932,-98.30868,SD,Brown,Columbia
57433,45.67932,-98.30868,SD,Brown,Sand Lake
57433,45.67932,-98.30868,SD,Brown,Tacoma Park
57434,45.165262,-98.015514,SD,Spink,Conde
57434,45.165262,-98.015514,SD,Spink,Crandall
57434,45.165262,-98.015514,SD,Spink,Verdon
57435,45.17398,-98.939794,SD,Faulk,Cresbard
57436,44.785446,-98.116565,SD,Spink,Doland
57437,45.80262,-99.6186,SD,McPherson,Artas
57437,45.80262,-99.6186,SD,McPherson,Eureka
57437,45.80262,-99.6186,SD,McPherson,Greenway
57437,45.80262,-99.6186,SD,McPherson,Hills
57437,45.80262,-99.6186,SD,McPherson,Hillsview
57438,45.035596,-99.120562,SD,Faulk,Burkmere
57438,45.035596,-99.120562,SD,Faulk,Faulkton
57438,45.035596,-99.120562,SD,Faulk,Miranda
57438,45.035596,-99.120562,SD,Faulk,Norbeck
57438,45.035596,-99.120562,SD,Faulk,Wecota
57439,45.329454,-98.096459,SD,Brown,Ferney
57440,44.760514,-98.27971,SD,Spink,Frankfort
57440,44.760514,-98.27971,SD,Spink,Spink Colony
57441,45.834238,-98.506058,SD,Brown,Elm Lake
57441,45.834238,-98.506058,SD,Brown,Frederick
57442,45.013247,-99.998682,SD,Potter,Forest City
57442,45.013247,-99.998682,SD,Potter,Gettysburg
57442,45.013247,-99.998682,SD,Potter,Gorman
57445,45.451773,-98.101092,SD,Brown,Groton
57445,45.451773,-98.101092,SD,Brown,James
57445,45.451773,-98.101092,SD,Brown,Putney
57446,45.880108,-98.147006,SD,Brown,Hecla
57448,45.548331,-99.524184,SD,Edmunds,Hosmer
57449,45.805233,-98.103312,SD,Brown,Houghton
57450,45.239765,-99.778414,SD,Potter,Hoven
57451,45.448625,-99.029411,SD,Edmunds,Craven
57451,45.448625,-99.029411,SD,Edmunds,Ipswich
57451,45.448625,-99.029411,SD,Edmunds,Mina
57451,45.448625,-99.029411,SD,Edmunds,Powell
57452,45.419759,-99.810831,SD,Walworth,Java
57454,45.629492,-97.729855,SD,Marshall,Langford
57455,44.978593,-99.717349,SD,Potter,Lebanon
57456,45.624679,-98.769904,SD,McPherson,Leola
57457,45.77341,-99.248283,SD,McPherson,Longlake
57460,45.216824,-98.632295,SD,Brown,Mansfield
57461,45.160243,-98.478011,SD,Spink,Mellette
57465,45.1665,-98.68878,SD,Spink,Chelsea
57465,45.1665,-98.68878,SD,Spink,Northville
57466,45.201699,-99.451295,SD,Faulk,Onaka
57467,44.835346,-99.110013,SD,Hand,Orient
57467,44.835346,-99.110013,SD,Hand,Polo
57468,45.500668,-97.794951,SD,Day,Pierpont
57469,44.874469,-98.514591,SD,Spink,Redfield
57469,44.874469,-98.514591,SD,Spink,Zell
57470,45.025175,-98.778074,SD,Faulk,Rockham
57471,45.42912,-99.33678,SD,Edmunds,Glen
57471,45.42912,-99.33678,SD,Edmunds,Gretna
57471,45.42912,-99.33678,SD,Edmunds,Loyalton
57471,45.42912,-99.33678,SD,Edmunds,Roscoe
57472,45.41286,-100.0215,SD,Walworth,Lowry
57472,45.41286,-100.0215,SD,Walworth,Selby
57472,45.41286,-100.0215,SD,Walworth,Sitka
57473,45.038006,-99.131468,SD,Faulk,Seneca
57474,45.28606,-98.280146,SD,Brown,Randolph
57474,45.28606,-98.280146,SD,Brown,Stratford
57475,45.139364,-99.620884,SD,Potter,Tolstoy
57476,44.718766,-98.584758,SD,Spink,Spottwood
57476,44.718766,-98.584758,SD,Spink,Tulare
57477,45.023662,-98.108189,SD,Spink,Turton
57479,45.35026,-98.443385,SD,Brown,Warner
57481,45.62688,-98.613,SD,Brown,Westport
57481,45.62688,-98.613,SD,Brown,Wetonka
57501,44.44692,-100.18752,SD,Hughes,Ames
57501,44.44692,-100.18752,SD,Hughes,Canning
57501,44.44692,-100.18752,SD,Hughes,Eakin
57501,44.44692,-100.18752,SD,Hughes,Fairbank
57501,44.44692,-100.18752,SD,Hughes,Francis
57501,44.44692,-100.18752,SD,Hughes,Oahe
57501,44.44692,-100.18752,SD,Hughes,Okobojo
57501,44.44692,-100.18752,SD,Hughes,Pierre
57501,44.44692,-100.18752,SD,Hughes,Rousseau
57501,44.44692,-100.18752,SD,Hughes,Wendt
57520,44.845395,-100.057684,SD,Sully,Agar
57521,43.901848,-101.246893,SD,Jackson,Belvidere
57522,44.513605,-99.988191,SD,Hughes,Blunt
57522,44.513605,-99.988191,SD,Hughes,Degray
57523,43.24482,-99.23922,SD,Gregory,Burke
57523,43.24482,-99.23922,SD,Gregory,Lucas
57528,43.262769,-99.716287,SD,Tripp,Colome
57529,43.234545,-99.51164,SD,Gregory,Dallas
57529,43.234545,-99.51164,SD,Gregory,Dixon
57529,43.234545,-99.51164,SD,Gregory,Paxton
57531,43.937546,-100.467728,SD,Jones,Draper
57532,44.388787,-100.468252,SD,Stanley,Fort Pierre
57532,44.388787,-100.468252,SD,Stanley,Lacy
57532,44.388787,-100.468252,SD,Stanley,Laroche
57532,44.388787,-100.468252,SD,Stanley,Lindsey
57532,44.388787,-100.468252,SD,Stanley,Mission Ridge
57532,44.388787,-100.468252,SD,Stanley,Norman Ranch
57532,44.388787,-100.468252,SD,Stanley,Orton
57533,43.233905,-99.427134,SD,Gregory,Carlock
57533,43.233905,-99.427134,SD,Gregory,Dixon
57533,43.233905,-99.427134,SD,Gregory,Gregory
57533,43.233905,-99.427134,SD,Gregory,Iona
57534,43.669954,-99.699051,SD,Tripp,Hamill
57536,44.524105,-99.741834,SD,Hughes,Harrold
57536,44.524105,-99.741834,SD,Hughes,Joe Creek
57537,44.43364,-100.54712,SD,Stanley,Hayes
57537,44.43364,-100.54712,SD,Stanley,Sansarc
57538,43.113395,-99.19792,SD,Gregory,Herrick
57540,44.515664,-99.587927,SD,Hyde,Holabird
57541,43.587976,-99.964462,SD,Tripp,Ideal
57543,43.833284,-101.486542,SD,Jackson,Kadoka
57544,43.89102,-99.84732,SD,Lyman,Houston
57544,43.89102,-99.84732,SD,Lyman,Iron Mountain
57544,43.89102,-99.84732,SD,Lyman,Kennebec
57547,43.557373,-101.366701,SD,Jackson,Long Valley
57548,44.060655,-99.695554,SD,Lyman,Lower Brule
57551,43.21878,-101.6667,SD,Bennett,Harrington
57551,43.21878,-101.6667,SD,Bennett,Martin
57551,43.21878,-101.6667,SD,Bennett,Patricia
57551,43.21878,-101.6667,SD,Bennett,Swett
57551,43.21878,-101.6667,SD,Bennett,Vetal
57552,44.2479,-101.32068,SD,Haakon,Capa
57552,44.2479,-101.32068,SD,Haakon,England Ranch
57552,44.2479,-101.32068,SD,Haakon,Kirley
57552,44.2479,-101.32068,SD,Haakon,Midland
57552,44.2479,-101.32068,SD,Haakon,Moenville
57552,44.2479,-101.32068,SD,Haakon,Nowlin
57552,44.2479,-101.32068,SD,Haakon,Ottumwa
57552,44.2479,-101.32068,SD,Haakon,Stamford
57553,44.417024,-101.80479,SD,Haakon,Billsburg
57553,44.417024,-101.80479,SD,Haakon,Hartley
57553,44.417024,-101.80479,SD,Haakon,Milesville
57555,43.194176,-100.477794,SD,Todd,Hidden Timber
57555,43.194176,-100.477794,SD,Todd,Mission
57555,43.194176,-100.477794,SD,Todd,Olsonville
57555,43.194176,-100.477794,SD,Todd,Pine Run
57559,43.958192,-100.699101,SD,Jones,Kary
57559,43.958192,-100.699101,SD,Jones,Murdo
57559,43.958192,-100.699101,SD,Jones,Van Metre
57560,43.473034,-101.079381,SD,Mellette,Blackpipe
57560,43.473034,-101.079381,SD,Mellette,Norris
57560,43.473034,-101.079381,SD,Mellette,Wanamaker
57562,43.988791,-100.927838,SD,Jones,Okaton
57563,43.360694,-100.389419,SD,Todd,Okreek
57564,44.703712,-100.063844,SD,Sully,Kasper
57564,44.703712,-100.063844,SD,Sully,Onida
57566,43.331201,-101.013019,SD,Todd,Parmelee
57567,44.039632,-101.663435,SD,Haakon,Hilland
57567,44.039632,-101.663435,SD,Haakon,Philip
57567,44.039632,-101.663435,SD,Haakon,Plum Creek
57568,43.908664,-100.053403,SD,Lyman,Edna
57568,43.908664,-100.053403,SD,Lyman,Hilmoe
57568,43.908664,-100.053403,SD,Lyman,Presho
57568,43.908664,-100.053403,SD,Lyman,Sweeney
57569,43.832195,-99.527936,SD,Lyman,Grass Rope
57569,43.832195,-99.527936,SD,Lyman,Lyman
57569,43.832195,-99.527936,SD,Lyman,Reliance
57570,43.268101,-100.736849,SD,Todd,Rosebud
57570,43.268101,-100.736849,SD,Todd,Rosebud Indian Reservation
57570,43.268101,-100.736849,SD,Todd,Yankton Indian Reservation
57571,43.108303,-99.115247,SD,Gregory,Saint Charles
57571,43.108303,-99.115247,SD,Gregory,St Charles
57572,43.142534,-100.967723,SD,Todd,Saint Francis
57572,43.142534,-100.967723,SD,Todd,Spring Creek
57574,43.095698,-101.439977,SD,Bennett,Tuthill
57576,44.021919,-100.306929,SD,Lyman,McClure
57576,44.021919,-100.306929,SD,Lyman,Vivian
57577,43.551517,-101.805742,SD,Jackson,Hiles
57577,43.551517,-101.805742,SD,Jackson,Hisle
57577,43.551517,-101.805742,SD,Jackson,Wanblee
57579,43.564463,-100.748538,SD,Mellette,Cedarbutte
57579,43.564463,-100.748538,SD,Mellette,Westover
57579,43.564463,-100.748538,SD,Mellette,White River
57580,43.367573,-99.865593,SD,Tripp,Carter
57580,43.367573,-99.865593,SD,Tripp,Clearfield
57580,43.367573,-99.865593,SD,Tripp,Keyapaha
57580,43.367573,-99.865593,SD,Tripp,Millboro
57580,43.367573,-99.865593,SD,Tripp,Mosher
57580,43.367573,-99.865593,SD,Tripp,Weaver
57580,43.367573,-99.865593,SD,Tripp,Wewela
57580,43.367573,-99.865593,SD,Tripp,Winner
57584,43.463176,-100.065744,SD,Tripp,Witten
57585,43.563165,-100.408076,SD,Mellette,Bad Nation
57585,43.563165,-100.408076,SD,Mellette,Wood
57601,45.53819,-100.429946,SD,Walworth,Foster
57601,45.53819,-100.429946,SD,Walworth,Gopher
57601,45.53819,-100.429946,SD,Walworth,Mobridge
57601,45.53819,-100.429946,SD,Walworth,Promise
57620,45.522518,-102.472513,SD,Perkins,Ada
57620,45.522518,-102.472513,SD,Perkins,Bison
57620,45.522518,-102.472513,SD,Perkins,Bixby
57620,45.522518,-102.472513,SD,Perkins,Cash
57620,45.522518,-102.472513,SD,Perkins,Chance
57620,45.522518,-102.472513,SD,Perkins,Govert
57621,45.910278,-101.09,SD,Corson,Bullhead
57622,44.611279,-101.79628,SD,Ziebach,Cherry Creek
57622,44.611279,-101.79628,SD,Ziebach,Elwood
57623,44.990004,-101.647447,SD,Ziebach,Dupree
57623,44.990004,-101.647447,SD,Ziebach,Ohem
57623,44.990004,-101.647447,SD,Ziebach,Red Elm
57625,44.994139,-101.237386,SD,Dewey,Cheyenne River Reservation
57625,44.994139,-101.237386,SD,Dewey,Eagle Butte
57625,44.994139,-101.237386,SD,Dewey,Parade
57625,44.994139,-101.237386,SD,Dewey,Standing Rock Reservation
57626,45.027132,-102.038778,SD,Meade,Auance
57626,45.027132,-102.038778,SD,Meade,Cooper
57626,45.027132,-102.038778,SD,Meade,Edson
57626,45.027132,-102.038778,SD,Meade,Faith
57626,45.027132,-102.038778,SD,Meade,Maurine
57626,45.027132,-102.038778,SD,Meade,Moreau
57626,45.027132,-102.038778,SD,Meade,Usta
57630,45.435633,-100.887977,SD,Dewey,Glencross
57631,45.531715,-100.271893,SD,Walworth,Glenham
57632,45.853332,-100.024984,SD,Campbell,Herreid
57633,45.392234,-101.430938,SD,Dewey,Firesteel
57633,45.392234,-101.430938,SD,Dewey,Isabel
57633,45.392234,-101.430938,SD,Dewey,Lightcap
57634,45.880133,-101.912927,SD,Corson,Keldron
57636,45.020239,-101.433441,SD,Dewey,Lantry
57638,45.937575,-102.160093,SD,Perkins,Lemmon
57638,45.937575,-102.160093,SD,Perkins,Shadehill
57638,45.937575,-102.160093,SD,Perkins,Thunder Hawk
57638,45.937575,-102.160093,SD,Perkins,White Butte
57639,45.679175,-100.799069,SD,Corson,Little Eagle
57640,45.842233,-102.75277,SD,Perkins,Lodgepole
57641,45.92181,-101.35049,SD,Corson,Mc Intosh
57642,45.810968,-100.813494,SD,Corson,Kenel
57642,45.810968,-100.813494,SD,Corson,Maple Leaf
57642,45.810968,-100.813494,SD,Corson,Mc Laughlin
57644,45.291739,-102.295248,SD,Perkins,Anderson
57644,45.291739,-102.295248,SD,Perkins,Athboy
57644,45.291739,-102.295248,SD,Perkins,Coal Springs
57644,45.291739,-102.295248,SD,Perkins,Glad Valley
57644,45.291739,-102.295248,SD,Perkins,Meadow
57645,45.882477,-101.699955,SD,Corson,Morristown
57646,45.6753,-100.04922,SD,Campbell,Campbell
57646,45.6753,-100.04922,SD,Campbell,Mound City
57648,45.862843,-100.320882,SD,Campbell,Pollock
57649,45.603149,-102.825211,SD,Perkins,Date
57649,45.603149,-102.825211,SD,Perkins,Glendo
57649,45.603149,-102.825211,SD,Perkins,Imogene
57649,45.603149,-102.825211,SD,Perkins,Prairie City
57649,45.603149,-102.825211,SD,Perkins,Strool
57650,45.854527,-103.034233,SD,Harding,Ralph
57651,45.520913,-103.062315,SD,Harding,Reva
57652,45.085,-100.8,SD,Dewey,La Plant
57652,45.085,-100.8,SD,Dewey,Ridgeview
57656,45.4277,-101.074481,SD,Dewey,Timber Lake
57657,45.41351,-100.704693,SD,Corson,Trail City
57658,45.786177,-100.51483,SD,Corson,Standing Rock
57658,45.786177,-100.51483,SD,Corson,Wakpala
57659,45.907025,-101.090746,SD,Corson,Mobridge
57659,45.907025,-101.090746,SD,Corson,Walker
57660,45.924308,-101.512821,SD,Corson,Watauga
57661,45.268514,-100.888467,SD,Dewey,Whitehorse
57701,44.08092,-103.17294,SD,Pennington,Jolly Acres
57701,44.08092,-103.17294,SD,Pennington,Old Town
57701,44.08092,-103.17294,SD,Pennington,Rapid City
57701,44.08092,-103.17294,SD,Pennington,Rockerville
57702,44.063037,-103.280916,SD,Pennington,Hisega
57702,44.063037,-103.280916,SD,Pennington,Pactola Lake
57702,44.063037,-103.280916,SD,Pennington,Rapid City
57702,44.063037,-103.280916,SD,Pennington,Rockerville
57702,44.063037,-103.280916,SD,Pennington,Silver City
57703,44.079971,-103.231979,SD,Pennington,Rapid City
57706,44.150732,-103.071312,SD,Meade,Ellsworth AFB
57709,44.232095,-103.38932,SD,Pennington,Rapid City
57714,43.303738,-101.912773,SD,Bennett,Allen
57716,43.10412,-102.19788,SD,Shannon,Batesland
57716,43.10412,-102.19788,SD,Shannon,Denby
57717,44.665219,-103.847783,SD,Butte,Belle Fourche
57717,44.665219,-103.847783,SD,Butte,Fruitdale
57717,44.665219,-103.847783,SD,Butte,Mason
57717,44.665219,-103.847783,SD,Butte,Willet
57718,44.156289,-103.325645,SD,Meade,Black Hawk
57718,44.156289,-103.325645,SD,Meade,Summerset
57719,44.116272,-103.078498,SD,Pennington,Box Elder
57720,45.50718,-103.65618,SD,Harding,Buffalo
57722,43.516065,-103.261524,SD,Custer,Buffalo Gap
57724,45.61542,-103.93308,SD,Harding,Camp Crook
57724,45.61542,-103.93308,SD,Harding,Gustave
57724,45.61542,-103.93308,SD,Harding,Sky Ranch
57725,43.9743,-102.95916,SD,Pennington,Caputa
57725,43.9743,-102.95916,SD,Pennington,Farmingdale
57730,43.767311,-103.595844,SD,Custer,Bakerville
57730,43.767311,-103.595844,SD,Custer,Bluebell
57730,43.767311,-103.595844,SD,Custer,Crazy Horse
57730,43.767311,-103.595844,SD,Custer,Custer
57730,43.767311,-103.595844,SD,Custer,Game Lodge
57730,43.767311,-103.595844,SD,Custer,Harney Peak
57730,43.767311,-103.595844,SD,Custer,Sanator
57730,43.767311,-103.595844,SD,Custer,Sylvan Lake
57732,44.275833,-103.665833,SD,Lawrence,Deadwood
57732,44.275833,-103.665833,SD,Lawrence,Pluma
57732,44.275833,-103.665833,SD,Lawrence,Roubaix
57735,43.29601,-103.829609,SD,Fall River,Ardmore
57735,43.29601,-103.829609,SD,Fall River,Burdock
57735,43.29601,-103.829609,SD,Fall River,Dewey
57735,43.29601,-103.829609,SD,Fall River,Edgemont
57735,43.29601,-103.829609,SD,Fall River,Lauzen
57735,43.29601,-103.829609,SD,Fall River,Provo
57737,44.530268,-102.590501,SD,Meade,Enning
57738,43.651331,-103.221411,SD,Custer,Fairburn
57738,43.651331,-103.221411,SD,Custer,Fleming
57741,44.409562,-103.474998,SD,Meade,Fort Meade
57744,43.838417,-103.190898,SD,Custer,Folsom
57744,43.838417,-103.190898,SD,Custer,Hayward
57744,43.838417,-103.190898,SD,Custer,Hermosa
57744,43.838417,-103.190898,SD,Custer,Red Shirt
57745,44.12446,-103.71954,SD,Pennington,Deerfield
57745,44.12446,-103.71954,SD,Pennington,Hill City
57745,44.12446,-103.71954,SD,Pennington,Mystic
57745,44.12446,-103.71954,SD,Pennington,Rochford
57747,43.433844,-103.476204,SD,Fall River,Heppner
57747,43.433844,-103.476204,SD,Fall River,Hot Springs
57747,43.433844,-103.476204,SD,Fall River,Maverick
57747,43.433844,-103.476204,SD,Fall River,Minnekata
57748,44.541189,-102.211846,SD,Meade,Bridger
57748,44.541189,-102.211846,SD,Meade,Howes
57748,44.541189,-102.211846,SD,Meade,Plainview
57748,44.541189,-102.211846,SD,Meade,Red Scaffold
57750,43.73952,-101.93328,SD,Jackson,Headlee Ranch
57750,43.73952,-101.93328,SD,Jackson,Interior
57750,43.73952,-101.93328,SD,Jackson,Potato Creek
57751,43.942765,-103.362425,SD,Pennington,Keystone
57752,43.535696,-102.320814,SD,Shannon,Kyle
57754,44.350616,-103.768341,SD,Lawrence,Central City
57754,44.350616,-103.768341,SD,Lawrence,Englewood
57754,44.350616,-103.768341,SD,Lawrence,Lead
57754,44.350616,-103.768341,SD,Lawrence,Savoy
57754,44.350616,-103.768341,SD,Lawrence,Spearfish Canyon
57754,44.350616,-103.768341,SD,Lawrence,Spearfish Cyn
57754,44.350616,-103.768341,SD,Lawrence,Terraville
57754,44.350616,-103.768341,SD,Lawrence,Terry Peak
57754,44.350616,-103.768341,SD,Lawrence,Tilton
57754,44.350616,-103.768341,SD,Lawrence,Trojan
57755,45.848971,-103.364264,SD,Harding,Ludlow
57755,45.848971,-103.364264,SD,Harding,Olson
57755,45.848971,-103.364264,SD,Harding,Wilson Corner
57756,43.300674,-102.383533,SD,Shannon,Manderson
57758,44.89255,-102.45181,SD,Meade,Inland
57758,44.89255,-102.45181,SD,Meade,Mud Butte
57758,44.89255,-102.45181,SD,Meade,Opal
57758,44.89255,-102.45181,SD,Meade,Zeona
57759,44.199962,-103.516384,SD,Lawrence,Nemo
57760,44.718125,-103.420575,SD,Butte,Castle Rock
57760,44.718125,-103.420575,SD,Butte,Cedar Canyon
57760,44.718125,-103.420575,SD,Butte,Gill
57760,44.718125,-103.420575,SD,Butte,Hoover
57760,44.718125,-103.420575,SD,Butte,Newell
57761,44.095452,-102.832789,SD,Pennington,New Underwood
57761,44.095452,-102.832789,SD,Pennington,Viewfield
57762,44.673863,-103.556841,SD,Butte,Arpan
57762,44.673863,-103.556841,SD,Butte,Nisland
57763,43.1791,-103.232005,SD,Fall River,Oelrichs
57764,43.185802,-102.739517,SD,Shannon,Oglala
57766,43.36321,-103.135325,SD,Fall River,Oral
57767,43.9944,-102.5919,SD,Pennington,Owanka
57767,43.9944,-102.5919,SD,Pennington,Wasta
57767,43.9944,-102.5919,SD,Pennington,Wicksville
57769,44.229112,-103.390064,SD,Meade,Bethlehem
57769,44.229112,-103.390064,SD,Meade,Grashul
57769,44.229112,-103.390064,SD,Meade,Piedmont
57769,44.229112,-103.390064,SD,Meade,Summerset
57769,44.229112,-103.390064,SD,Meade,Tilford
57770,43.23222,-102.69672,SD,Shannon,Calico
57770,43.23222,-102.69672,SD,Shannon,Pine Ridge
57770,43.23222,-102.69672,SD,Shannon,Pine Ridge Reservation
57772,43.49746,-102.50168,SD,Shannon,Porcupine
57772,43.49746,-102.50168,SD,Shannon,Rockyford
57772,43.49746,-102.50168,SD,Shannon,Sharps Corner
57773,43.609429,-103.594212,SD,Custer,Pringle
57775,44.0973,-102.10992,SD,Pennington,Cactus Flats
57775,44.0973,-102.10992,SD,Pennington,Cottonwood
57775,44.0973,-102.10992,SD,Pennington,Quinn
57776,45.268253,-103.547357,SD,Harding,Redig
57779,44.561575,-103.748203,SD,Lawrence,Saint Onge
57780,43.794115,-102.431907,SD,Pennington,Conata
57780,43.794115,-102.431907,SD,Pennington,Imlay
57780,43.794115,-102.431907,SD,Pennington,Scenic
57782,43.267905,-103.166889,SD,Fall River,Oelrichs
57782,43.267905,-103.166889,SD,Fall River,Smithwick
57783,44.49478,-103.867617,SD,Lawrence,Spearfish
57785,44.408276,-103.511437,SD,Meade,Bear Butte
57785,44.408276,-103.511437,SD,Meade,Clough
57785,44.408276,-103.511437,SD,Meade,Fairpoint
57785,44.408276,-103.511437,SD,Meade,Hereford
57785,44.408276,-103.511437,SD,Meade,Marcus
57785,44.408276,-103.511437,SD,Meade,Sturgis
57785,44.408276,-103.511437,SD,Meade,Volunteer
57787,44.733611,-102.654167,SD,Meade,Chalk Butte
57787,44.733611,-102.654167,SD,Meade,Red Owl
57787,44.733611,-102.654167,SD,Meade,Stoneville
57787,44.733611,-102.654167,SD,Meade,Union Center
57788,44.629977,-103.368084,SD,Butte,Vale
57790,44.25528,-102.20779,SD,Pennington,Creighton
57790,44.25528,-102.20779,SD,Pennington,Dowling
57790,44.25528,-102.20779,SD,Pennington,Wall
57791,44.09497,-102.335284,SD,Pennington,Elm Springs
57791,44.09497,-102.335284,SD,Pennington,Gumbo
57791,44.09497,-102.335284,SD,Pennington,Wasta
57792,44.614087,-102.426405,SD,Meade,White Owl
57793,44.464081,-103.637351,SD,Lawrence,Whitewood
57794,43.160272,-102.359904,SD,Shannon,Wounded Knee
57799,44.485188,-103.85954,SD,Lawrence,Black Hills State University
57799,44.485188,-103.85954,SD,Lawrence,Spearfish
