37010,36.565492,-87.095773,TN,Robertson,Adams
37011,36.172524,-86.880844,TN,Davidson,Antioch
37012,36.076957,-86.03625,TN,Dekalb,Alexandria
37013,36.037491,-86.638596,TN,Davidson,Antioch
37013,36.037491,-86.638596,TN,Davidson,Cane Ridge
37014,35.86458,-86.66484,TN,Williamson,Arrington
37014,35.86458,-86.66484,TN,Williamson,Triune
37015,36.284785,-87.071634,TN,Cheatham,Ashland City
37016,35.988733,-86.114362,TN,Cannon,Auburntown
37018,35.622179,-86.172797,TN,Coffee,Beechgrove
37019,35.517599,-86.808808,TN,Marshall,Belfast
37020,35.604064,-86.410407,TN,Bedford,Bell Buckle
37022,36.514694,-86.32453,TN,Sumner,Bethpage
37022,36.514694,-86.32453,TN,Sumner,Rock Bridge
37023,36.598437,-87.699494,TN,Stewart,Big Rock
37024,35.997763,-86.785825,TN,Williamson,Brentwood
37025,35.930256,-87.246161,TN,Hickman,Bon Aqua
37026,35.698888,-86.09954,TN,Cannon,Bradyville
37027,36.00245,-86.791159,TN,Williamson,Brentwood
37028,36.660239,-87.828611,TN,Stewart,Bumpus Mills
37029,36.040722,-87.25725,TN,Dickson,Burns
37030,36.26238,-85.9944,TN,Smith,Carthage
37030,36.26238,-85.9944,TN,Smith,Defeated
37030,36.26238,-85.9944,TN,Smith,Mc Clures Bend
37031,36.3824,-86.318015,TN,Sumner,Castalian Spg
37031,36.3824,-86.318015,TN,Sumner,Castalian Springs
37031,36.3824,-86.318015,TN,Sumner,Castalin Spgs
37032,36.512059,-87.020325,TN,Robertson,Cedar Hill
37033,35.66847,-87.69903,TN,Hickman,Aetna
37033,35.66847,-87.69903,TN,Hickman,Centerville
37033,35.66847,-87.69903,TN,Hickman,Coble
37033,35.66847,-87.69903,TN,Hickman,Fairfield
37033,35.66847,-87.69903,TN,Hickman,Grinders
37033,35.66847,-87.69903,TN,Hickman,Pleasantville
37033,35.66847,-87.69903,TN,Hickman,Shipps Bend
37034,35.621639,-86.617769,TN,Marshall,Chapel Hill
37035,36.368347,-87.137681,TN,Cheatham,Chapmansboro
37036,36.236488,-87.261716,TN,Dickson,Charlotte
37037,35.712477,-86.364445,TN,Rutherford,Christiana
37040,36.532026,-87.350258,TN,Montgomery,Clarksville
37041,36.561204,-87.348735,TN,Montgomery,Clarksville
37042,36.56214,-87.40572,TN,Montgomery,Clarksville
37042,36.56214,-87.40572,TN,Montgomery,Sango
37043,36.49278,-87.23346,TN,Montgomery,Clarksville
37043,36.49278,-87.23346,TN,Montgomery,Fredonia
37043,36.49278,-87.23346,TN,Montgomery,Hickory Point
37043,36.49278,-87.23346,TN,Montgomery,Hilldale
37044,36.529382,-87.337634,TN,Montgomery,austin peay st univ
37044,36.529382,-87.337634,TN,Montgomery,Clarksville
37046,35.772714,-86.714662,TN,Williamson,Allisona
37046,35.772714,-86.714662,TN,Williamson,Bethesda
37046,35.772714,-86.714662,TN,Williamson,College Grove
37047,35.360804,-86.840796,TN,Marshall,Cornersville
37048,36.491451,-86.594531,TN,Sumner,Cottontown
37049,36.556184,-86.68191,TN,Robertson,Cross Plains
37050,36.375503,-87.563413,TN,Stewart,Cumberland City
37050,36.375503,-87.563413,TN,Stewart,Cumberlnd Cty
37051,36.298358,-87.412642,TN,Dickson,Cmbrlnd Frnce
37051,36.298358,-87.412642,TN,Dickson,Cumberland Furnace
37052,36.381179,-87.408352,TN,Montgomery,Cunningham
37055,36.083188,-87.428235,TN,Dickson,Dickson
37056,36.076801,-87.377175,TN,Dickson,Dickson
37057,36.402435,-86.039251,TN,Smith,Dixon Springs
37058,36.482869,-87.833627,TN,Stewart,Dover
37058,36.482869,-87.833627,TN,Stewart,Fort Donelson National Milit
37059,36.01361,-85.946404,TN,Dekalb,Dowelltown
37060,35.748245,-86.640746,TN,Rutherford,Eagleville
37061,36.289871,-87.7483,TN,Houston,Erin
37062,35.970047,-87.127121,TN,Williamson,Fairview
37063,35.745445,-86.388115,TN,Rutherford,Fosterville
37064,35.923225,-86.887821,TN,Williamson,Franklin
37064,35.923225,-86.887821,TN,Williamson,Kingfield
37064,35.923225,-86.887821,TN,Williamson,Peytonsville
37064,35.923225,-86.887821,TN,Williamson,Rudderville
37065,35.923142,-86.8698,TN,Williamson,Franklin
37066,36.389876,-86.454091,TN,Sumner,Gallatin
37067,35.928406,-86.805538,TN,Williamson,Franklin
37068,35.927805,-86.843648,TN,Williamson,Franklin
37069,35.990255,-86.895944,TN,Williamson,Franklin
37070,36.32371,-86.715822,TN,Davidson,Goodlettsville
37070,36.32371,-86.715822,TN,Davidson,Goodlettsvl
37070,36.32371,-86.715822,TN,Davidson,Goodlettsvle
37070,36.32371,-86.715822,TN,Davidson,Goodlettsvlle
37071,36.193796,-86.279517,TN,Wilson,Gladeville
37072,36.325144,-86.737474,TN,Davidson,Goodlettsville
37072,36.325144,-86.737474,TN,Davidson,Goodlettsvlle
37072,36.325144,-86.737474,TN,Davidson,Millersville
37073,36.426973,-86.801739,TN,Robertson,Greenbrier
37074,36.387273,-86.159417,TN,Trousdale,Hartsville
37075,36.316241,-86.607771,TN,Sumner,Hendersonville
37075,36.316241,-86.607771,TN,Sumner,Hendersonvlle
37076,36.186946,-86.600463,TN,Davidson,Hermitage
37077,36.304003,-86.619156,TN,Sumner,Hendersonville
37077,36.304003,-86.619156,TN,Sumner,Hendersonvlle
37078,35.949864,-87.761509,TN,Humphreys,Hurricane Mills
37078,35.949864,-87.761509,TN,Humphreys,Hurricne Mlls
37079,36.466021,-87.574984,TN,Stewart,Indian Mound
37080,36.329107,-86.905779,TN,Davidson,Joelton
37082,36.085361,-87.121788,TN,Cheatham,Kingston Spgs
37082,36.085361,-87.121788,TN,Cheatham,Kingston Springs
37083,36.524054,-86.024892,TN,Macon,La Fayette
37083,36.524054,-86.024892,TN,Macon,Lafayette
37085,35.938527,-86.272023,TN,Rutherford,Lascassas
37086,36.013661,-86.565021,TN,Rutherford,La Vergne
37087,36.211615,-86.306808,TN,Wilson,Lebanon
37088,36.208115,-86.289256,TN,Wilson,Lebanon
37089,35.998042,-86.574564,TN,Rutherford,Ingram Distribution Group
37089,35.998042,-86.574564,TN,Rutherford,La Vergne
37090,36.152343,-86.315832,TN,Wilson,Lebanon
37091,35.450839,-86.795069,TN,Marshall,Lewisburg
37095,36.00612,-85.970822,TN,Dekalb,Gassaway
37095,36.00612,-85.970822,TN,Dekalb,Liberty
37096,35.59836,-87.852,TN,Perry,Flatwoods
37096,35.59836,-87.852,TN,Perry,Linden
37097,35.778644,-87.786538,TN,Perry,Lobelville
37098,35.88803,-87.337285,TN,Hickman,Lyles
37098,35.88803,-87.337285,TN,Hickman,Wrigley
37101,36.138332,-87.657349,TN,Humphreys,Mc Ewen
37101,36.138332,-87.657349,TN,Humphreys,McEwen
37110,35.683587,-85.776477,TN,Warren,Mc Minnville
37111,35.687754,-85.775514,TN,Warren,Mc Minnville
37111,35.687754,-85.775514,TN,Warren,Mc Minnvl
37111,35.687754,-85.775514,TN,Warren,Mc Minnvle
37115,36.264356,-86.711888,TN,Davidson,Am Qui
37115,36.264356,-86.711888,TN,Davidson,Madison
37116,36.193514,-86.743409,TN,Davidson,Madison
37118,35.916709,-86.179424,TN,Rutherford,Milton
37119,36.632593,-86.537098,TN,Sumner,Mitchellville
37121,36.20506,-86.520664,TN,Wilson,Mount Juliet
37121,36.20506,-86.520664,TN,Wilson,Mt Juliet
37122,36.215209,-86.517501,TN,Wilson,Mount Juliet
37127,35.775581,-86.328633,TN,Rutherford,Mboro
37127,35.775581,-86.328633,TN,Rutherford,Murfreesboro
37127,35.775581,-86.328633,TN,Rutherford,Murfreesbr
37128,35.815518,-86.45125,TN,Rutherford,Mboro
37128,35.815518,-86.45125,TN,Rutherford,Murfreesboro
37128,35.815518,-86.45125,TN,Rutherford,Murfreesbr
37129,35.871995,-86.435491,TN,Rutherford,Mboro
37129,35.871995,-86.435491,TN,Rutherford,Murfreesboro
37129,35.871995,-86.435491,TN,Rutherford,Murfreesbr
37130,35.870529,-86.341561,TN,Rutherford,Mboro
37130,35.870529,-86.341561,TN,Rutherford,Murfreesboro
37130,35.870529,-86.341561,TN,Rutherford,Murfreesbr
37131,35.853243,-86.396024,TN,Rutherford,Mboro
37131,35.853243,-86.396024,TN,Rutherford,Murfreesboro
37131,35.853243,-86.396024,TN,Rutherford,Murfreesbr
37131,35.853243,-86.396024,TN,Rutherford,State Farm Ins Co
37132,35.850303,-86.361672,TN,Rutherford,Mboro
37132,35.850303,-86.361672,TN,Rutherford,Middle Tenn State Univ
37132,35.850303,-86.361672,TN,Rutherford,Murfreesboro
37132,35.850303,-86.361672,TN,Rutherford,Murfreesbr
37133,35.840269,-86.394053,TN,Rutherford,Mboro
37133,35.840269,-86.394053,TN,Rutherford,Murfreesboro
37133,35.840269,-86.394053,TN,Rutherford,Murfreesbr
37134,36.010324,-87.967812,TN,Humphreys,Denver
37134,36.010324,-87.967812,TN,Humphreys,New Johnsonville
37134,36.010324,-87.967812,TN,Humphreys,New Johsonvle
37135,35.94413,-86.672903,TN,Williamson,Nolensville
37136,36.195537,-86.278064,TN,Wilson,Norene
37137,35.8335,-87.445662,TN,Hickman,Nunnelly
37138,36.24516,-86.632377,TN,Davidson,Old Hickory
37140,35.870014,-87.653403,TN,Hickman,Only
37141,36.613179,-86.686512,TN,Robertson,Orlinda
37142,36.408773,-87.504544,TN,Montgomery,Palmyra
37143,36.124381,-87.026548,TN,Cheatham,Pegram
37144,35.377427,-86.586934,TN,Lincoln,Petersburg
37145,36.353662,-85.902405,TN,Smith,Pleasant Shade
37145,36.353662,-85.902405,TN,Smith,Pleasant Shde
37146,36.384642,-87.035393,TN,Cheatham,Pleasant View
37148,36.568357,-86.49064,TN,Sumner,Portland
37149,35.824986,-86.217289,TN,Cannon,Readyville
37150,36.529731,-85.845293,TN,Macon,Red Blng Spgs
37150,36.529731,-85.845293,TN,Macon,Red Boiling Springs
37151,36.350576,-86.030064,TN,Smith,Riddleton
37152,36.401821,-86.771287,TN,Robertson,Ridgetop
37153,35.757032,-86.554116,TN,Rutherford,Rockvale
37160,35.476039,-86.46721,TN,Bedford,Royal
37160,35.476039,-86.46721,TN,Bedford,Shelbyville
37161,35.484443,-86.46117,TN,Bedford,Shelbyville
37161,35.484443,-86.46117,TN,Bedford,U S Pencil Company
37162,35.491536,-86.445995,TN,Bedford,Shelbyville
37165,36.225192,-87.461496,TN,Dickson,Slayden
37166,35.958669,-85.824729,TN,Dekalb,Smithville
37167,35.967035,-86.513959,TN,Rutherford,Smyrna
37171,36.362704,-87.30434,TN,Montgomery,Southside
37172,36.524986,-86.867133,TN,Robertson,Springfield
37174,35.755896,-86.884965,TN,Maury,Spring Hill
37175,36.323063,-87.895927,TN,Houston,Stewart
37178,36.313167,-87.764653,TN,Houston,Tenn Ridge
37178,36.313167,-87.764653,TN,Houston,Tennessee Rdg
37178,36.313167,-87.764653,TN,Houston,Tennessee Ridge
37178,36.313167,-87.764653,TN,Houston,Tn Ridge
37179,35.799949,-86.904828,TN,Williamson,Thompsons Station
37179,35.799949,-86.904828,TN,Williamson,Thompsons Stn
37180,35.624856,-86.570973,TN,Bedford,Unionville
37181,36.223832,-87.46061,TN,Dickson,Vanleer
37183,35.502048,-86.340949,TN,Bedford,Wartrace
37184,36.108708,-86.136719,TN,Wilson,Watertown
37185,36.087613,-87.790907,TN,Humphreys,Waverly
37186,36.574864,-86.223555,TN,Sumner,Westmoreland
37187,36.117237,-87.228213,TN,Dickson,White Bluff
37188,36.484055,-86.687263,TN,Robertson,White House
37189,36.272962,-86.831533,TN,Davidson,Whites Creek
37190,35.812584,-86.069115,TN,Cannon,Woodbury
37191,36.501196,-87.539057,TN,Montgomery,Woodlawn
37201,36.165634,-86.779786,TN,Davidson,Nashville
37202,36.149245,-86.792828,TN,Davidson,Nashville
37203,36.155873,-86.78928,TN,Davidson,Nashville
37204,36.108754,-86.780579,TN,Davidson,Melrose
37204,36.108754,-86.780579,TN,Davidson,Nashville
37205,36.11103,-86.864958,TN,Davidson,Nashville
37206,36.180628,-86.735521,TN,Davidson,Nashville
37207,36.222188,-86.773002,TN,Davidson,Nashville
37207,36.222188,-86.773002,TN,Davidson,Northeast
37208,36.177224,-86.806822,TN,Davidson,Nashville
37209,36.150761,-86.8641,TN,Davidson,Nashville
37210,36.138854,-86.736367,TN,Davidson,Nashville
37211,36.075248,-86.7207,TN,Davidson,Nashville
37211,36.075248,-86.7207,TN,Davidson,Woodbine
37212,36.133012,-86.802764,TN,Davidson,Nashville
37213,36.165353,-86.765654,TN,Davidson,Nashville
37214,36.1719,-86.7207,TN,Davidson,Donelson
37214,36.1719,-86.7207,TN,Davidson,Nashville
37215,36.093978,-86.824688,TN,Davidson,Nashville
37216,36.214733,-86.72486,TN,Davidson,Jere Baxter
37216,36.214733,-86.72486,TN,Davidson,Nashville
37217,36.103283,-86.655886,TN,Davidson,Nashville
37218,36.219335,-86.856532,TN,Davidson,Nashville
37219,36.167252,-86.786435,TN,Davidson,Nashville
37219,36.167252,-86.786435,TN,Davidson,Nashvle
37220,36.067492,-86.781198,TN,Davidson,Melrose
37220,36.067492,-86.781198,TN,Davidson,Nashville
37221,36.05502,-86.9616,TN,Davidson,Bellevue
37221,36.05502,-86.9616,TN,Davidson,Nashville
37222,36.068877,-86.726246,TN,Davidson,Nashville
37224,36.151112,-86.795584,TN,Davidson,Nashville
37224,36.151112,-86.795584,TN,Davidson,Nashvl
37224,36.151112,-86.795584,TN,Davidson,Nashvle
37227,36.132543,-86.669444,TN,Davidson,Nashville
37227,36.132543,-86.669444,TN,Davidson,Nashvl
37227,36.132543,-86.669444,TN,Davidson,Nashvle
37228,36.194411,-86.80017,TN,Davidson,Nashville
37229,36.162527,-86.663695,TN,Davidson,Nashville
37230,36.148709,-86.785305,TN,Davidson,Nashville
37232,36.142857,-86.807356,TN,Davidson,Nashville
37232,36.142857,-86.807356,TN,Davidson,Vanderbilt Hospital
37234,36.150333,-86.790926,TN,Davidson,Lifeway Christian Resources
37234,36.150333,-86.790926,TN,Davidson,Nashville
37235,36.148097,-86.805447,TN,Davidson,Nashville
37235,36.148097,-86.805447,TN,Davidson,Vanderbilt University Sta B
37236,36.150275,-86.802472,TN,Davidson,Baptist Hospital
37236,36.150275,-86.802472,TN,Davidson,Nashville
37237,36.167883,-86.775435,TN,Davidson,Amsouth Bank
37237,36.167883,-86.775435,TN,Davidson,Nashville
37238,36.162112,-86.772739,TN,Davidson,Nashville
37240,36.143381,-86.803365,TN,Davidson,Nashville
37240,36.143381,-86.803365,TN,Davidson,Vanderbilt University
37241,36.108116,-86.67472,TN,Davidson,Amsouth
37241,36.108116,-86.67472,TN,Davidson,Nashville
37242,36.163122,-86.783343,TN,Davidson,Nashville
37242,36.163122,-86.783343,TN,Davidson,TN Dept of Revenue
37243,36.162894,-86.785734,TN,Davidson,Nashville
37243,36.162894,-86.785734,TN,Davidson,Nashvl
37243,36.162894,-86.785734,TN,Davidson,Nashvle
37243,36.162894,-86.785734,TN,Davidson,TN Dept of General Service
37244,36.166215,-86.785877,TN,Davidson,Nashville
37245,36.166204,-86.786786,TN,Davidson,Nashville
37245,36.166204,-86.786786,TN,Davidson,Nashvl
37245,36.166204,-86.786786,TN,Davidson,Nashvle
37245,36.166204,-86.786786,TN,Davidson,TN Dept of Employment Sec
37246,36.16628,-86.783735,TN,Davidson,Nashville
37246,36.16628,-86.783735,TN,Davidson,Nashville Elec Serv
37247,36.21526,-86.744373,TN,Davidson,Nashville
37247,36.21526,-86.744373,TN,Davidson,Nashvl
37247,36.21526,-86.744373,TN,Davidson,Nashvle
37247,36.21526,-86.744373,TN,Davidson,TN Dept of Health Environ
37248,36.166326,-86.788488,TN,Davidson,Nashville
37248,36.166326,-86.788488,TN,Davidson,Nashvl
37248,36.166326,-86.788488,TN,Davidson,Nashvle
37248,36.166326,-86.788488,TN,Davidson,TN Dept of Human Svc
37249,36.170074,-86.786529,TN,Davidson,Nashville
37249,36.170074,-86.786529,TN,Davidson,Nashvl
37249,36.170074,-86.786529,TN,Davidson,Nashvle
37249,36.170074,-86.786529,TN,Davidson,TN Dept of Safety
37250,36.161267,-86.783675,TN,Davidson,Nashville
37250,36.161267,-86.783675,TN,Davidson,National Life Center
37301,35.418786,-85.797724,TN,Grundy,Altamont
37302,35.013216,-85.015951,TN,Hamilton,Apison
37303,35.443853,-84.599989,TN,McMinn,Athens
37304,35.382222,-85.108889,TN,Hamilton,Bakewell
37304,35.382222,-85.108889,TN,Hamilton,Sale Creek
37305,35.485212,-85.652867,TN,Grundy,Beershba Spgs
37305,35.485212,-85.652867,TN,Grundy,Beersheba Springs
37306,35.201042,-85.901615,TN,Franklin,Belvidere
37307,35.171455,-84.649915,TN,Polk,Benton
37308,35.304557,-85.011238,TN,Hamilton,Birchwood
37309,35.382097,-84.766636,TN,McMinn,Calhoun
37310,35.258306,-84.868393,TN,Bradley,Charleston
37311,35.15733,-84.87039,TN,Bradley,Cleveland
37311,35.15733,-84.87039,TN,Bradley,Cleveld
37312,35.19953,-84.863073,TN,Bradley,Cleveland
37312,35.19953,-84.863073,TN,Bradley,Cleveld
37313,35.403427,-85.646182,TN,Grundy,Coalmont
37314,35.459502,-84.343618,TN,Monroe,Coker Creek
37314,35.459502,-84.343618,TN,Monroe,Cokercreek
37315,35.04784,-85.04759,TN,Hamilton,Collegedale
37316,35.004536,-84.733735,TN,Polk,Conasauga
37317,34.98712,-84.372874,TN,Polk,Copperhill
37317,34.98712,-84.372874,TN,Polk,Postelle
37318,35.163183,-86.015612,TN,Franklin,Cowan
37320,35.15767,-84.877175,TN,Bradley,Cleveland
37320,35.15767,-84.877175,TN,Bradley,Cleveld
37321,35.49181,-85.015179,TN,Rhea,Dayton
37322,35.452828,-84.914566,TN,Meigs,Decatur
37323,35.125348,-84.866606,TN,Bradley,Cleveland
37323,35.125348,-84.866606,TN,Bradley,Cleveld
37323,35.125348,-84.866606,TN,Bradley,Clevelnd
37324,35.207332,-86.082483,TN,Franklin,Decherd
37325,35.251232,-84.623648,TN,Polk,Delano
37326,35.037585,-84.380831,TN,Polk,Ducktown
37327,35.371135,-85.392644,TN,Sequatchie,Dunlap
37328,35.032842,-86.422944,TN,Lincoln,Elora
37329,35.330416,-84.521646,TN,McMinn,Englewood
37330,35.27228,-86.12869,TN,Franklin,Estill Spgs
37330,35.27228,-86.12869,TN,Franklin,Estill Springs
37331,35.327364,-84.528516,TN,McMinn,Etowah
37332,35.615048,-84.996588,TN,Rhea,Evensville
37333,35.135821,-84.325911,TN,Polk,Farner
37334,35.151295,-86.574002,TN,Lincoln,Fayetteville
37335,35.018124,-86.44012,TN,Lincoln,Flintville
37336,35.271974,-84.986898,TN,Meigs,Georgetown
37337,35.767208,-84.854798,TN,Rhea,Grand View
37337,35.767208,-84.854798,TN,Rhea,Grandview
37337,35.767208,-84.854798,TN,Rhea,Spring City
37338,35.450237,-85.08461,TN,Rhea,Graysville
37339,35.3725,-85.598889,TN,Grundy,Gruetli
37339,35.3725,-85.598889,TN,Grundy,Gruetli Laager
37339,35.3725,-85.598889,TN,Grundy,Gruetli Laagr
37339,35.3725,-85.598889,TN,Grundy,Laager
37340,35.017989,-85.509634,TN,Marion,Guild
37341,35.174574,-85.093484,TN,Hamilton,Harrison
37342,35.387925,-85.997192,TN,Coffee,Hillsboro
37343,35.163602,-85.211915,TN,Hamilton,Hixson
37345,35.052997,-86.271617,TN,Franklin,Huntland
37347,35.06928,-85.6023,TN,Marion,Jasper
37347,35.06928,-85.6023,TN,Marion,Kimball
37348,35.109489,-86.464752,TN,Lincoln,Kelso
37349,35.4676,-86.083325,TN,Coffee,Manchester
37350,34.999753,-85.353348,TN,Hamilton,Lookout Mountain
37350,34.999753,-85.353348,TN,Hamilton,Lookout Mtn
37351,35.103193,-85.262378,TN,Hamilton,Lupton City
37352,35.261755,-86.382944,TN,Moore,Lynchburg
37353,35.076691,-85.010002,TN,Bradley,Mc Donald
37354,35.51916,-84.363478,TN,Monroe,Madisonville
37355,35.474428,-86.106025,TN,Coffee,Manchester
37356,35.219746,-85.850668,TN,Grundy,Monteagle
37357,35.587843,-85.935375,TN,Warren,Morrison
37359,35.182176,-86.41708,TN,Lincoln,Mulberry
37360,35.414121,-86.237865,TN,Bedford,Normandy
37361,35.107372,-84.705948,TN,Polk,Ocoee
37362,35.044633,-84.640632,TN,Polk,Oldfort
37363,35.087036,-85.060075,TN,Hamilton,College Dale
37363,35.087036,-85.060075,TN,Hamilton,Ooltewah
37364,35.157291,-84.835529,TN,Bradley,Cleveland
37365,35.378544,-85.569238,TN,Grundy,Palmer
37366,35.320199,-85.789482,TN,Grundy,Pelham
37367,35.613924,-85.193725,TN,Bledsoe,Pikeville
37369,35.181454,-84.505928,TN,Polk,Reliance
37370,35.324129,-84.658559,TN,McMinn,Riceville
37371,35.443149,-84.594792,TN,McMinn,Athens
37373,35.38608,-85.095951,TN,Hamilton,Bakewell
37373,35.38608,-85.095951,TN,Hamilton,Sale Creek
37374,35.191382,-85.659281,TN,Marion,Sequatchie
37375,35.204551,-85.919546,TN,Franklin,Saint Andrews
37375,35.204551,-85.919546,TN,Franklin,Sewanee
37376,35.05696,-85.962402,TN,Franklin,Sherwood
37377,35.147329,-85.330097,TN,Hamilton,Signal Mountain
37377,35.147329,-85.330097,TN,Hamilton,Signal Mtn
37378,35.647368,-85.833968,TN,Warren,Smartt
37379,35.265858,-85.160818,TN,Hamilton,Lakesite
37379,35.265858,-85.160818,TN,Hamilton,Soddy Daisy
37379,35.265858,-85.160818,TN,Hamilton,Soddy-Daisy
37380,35.009705,-85.711704,TN,Marion,S Pittsburg
37380,35.009705,-85.711704,TN,Marion,South Pittsburg
37381,35.66902,-84.851318,TN,Rhea,Spring City
37381,35.66902,-84.851318,TN,Rhea,Watts Bar Dam
37382,35.55777,-85.993171,TN,Coffee,Summitville
37383,35.201422,-85.923515,TN,Franklin,Sewanee
37383,35.201422,-85.923515,TN,Franklin,University of the South
37384,35.275049,-85.167714,TN,Hamilton,Soddy Daisy
37385,35.338706,-84.234031,TN,Monroe,Tellico Plains
37385,35.338706,-84.234031,TN,Monroe,Tellico Plns
37387,35.277419,-85.733605,TN,Grundy,Tracy City
37388,35.371202,-86.213117,TN,Coffee,Dickel
37388,35.371202,-86.213117,TN,Coffee,Tullahoma
37389,35.320179,-86.067451,TN,Coffee,Arnold A F B
37389,35.320179,-86.067451,TN,Coffee,Arnold Air Force Base
37389,35.320179,-86.067451,TN,Coffee,Tullahoma
37391,35.143958,-84.370385,TN,Polk,Turtletown
37394,35.539624,-85.85789,TN,Warren,Viola
37396,35.093549,-85.395042,TN,Marion,Whiteside
37397,35.198597,-85.514246,TN,Marion,Powells Crossroads
37397,35.198597,-85.514246,TN,Marion,Powells Crsrd
37397,35.198597,-85.514246,TN,Sequatchie,Whitwell
37398,35.188876,-86.111111,TN,Franklin,Winchester
37401,35.03852,-85.308854,TN,Hamilton,Chattanooga
37402,35.045624,-85.310635,TN,Hamilton,Chattanooga
37403,35.045024,-85.296037,TN,Hamilton,Chattanooga
37404,35.027912,-85.272196,TN,Hamilton,Chattanooga
37405,35.074768,-85.309383,TN,Hamilton,Chattanooga
37406,35.060724,-85.245113,TN,Hamilton,Chattanooga
37407,35.000945,-85.285097,TN,Hamilton,Chattanooga
37408,35.03167,-85.306753,TN,Hamilton,Chattanooga
37409,35.001427,-85.332196,TN,Hamilton,Chattanooga
37410,34.999255,-85.317893,TN,Hamilton,Chattanooga
37411,35.025075,-85.237257,TN,Hamilton,Chattanooga
37412,34.997779,-85.233796,TN,Hamilton,Chattanooga
37412,34.997779,-85.233796,TN,Hamilton,East Ridge
37414,35.026201,-85.230406,TN,Hamilton,Chatt
37414,35.026201,-85.230406,TN,Hamilton,Chatta
37414,35.026201,-85.230406,TN,Hamilton,Chattanooga
37415,35.127,-85.27404,TN,Hamilton,Chattanooga
37415,35.127,-85.27404,TN,Hamilton,Red Bank
37416,35.095902,-85.1566,TN,Hamilton,Chattanooga
37419,35.034095,-85.367139,TN,Hamilton,Chattanooga
37421,35.02529,-85.144734,TN,Hamilton,Chattanooga
37422,35.141047,-85.348656,TN,Hamilton,Chattanooga
37424,35.030239,-85.148472,TN,Hamilton,Chatt
37424,35.030239,-85.148472,TN,Hamilton,Chatta
37424,35.030239,-85.148472,TN,Hamilton,Chattanooga
37424,35.030239,-85.148472,TN,Hamilton,Chickamauga
37450,35.047863,-85.305894,TN,Hamilton,Chattanooga
37501,35.068065,-89.957585,TN,Shelby,I R S
37501,35.068065,-89.957585,TN,Shelby,Memphis
37544,35.07032,-89.95656,TN,Shelby,I R S
37544,35.07032,-89.95656,TN,Shelby,Memphis
37601,36.331192,-82.359362,TN,Washington,JC
37601,36.331192,-82.359362,TN,Washington,Johnson City
37602,36.305672,-82.383269,TN,Washington,JC
37602,36.305672,-82.383269,TN,Washington,Johnson City
37604,36.309556,-82.381176,TN,Washington,JC
37604,36.309556,-82.381176,TN,Washington,Johnson City
37605,36.347307,-82.332037,TN,Washington,JC
37605,36.347307,-82.332037,TN,Washington,Johnson City
37614,36.330892,-82.365584,TN,Washington,East TN State Univ
37614,36.330892,-82.365584,TN,Washington,Etsu
37614,36.330892,-82.365584,TN,Washington,JC
37614,36.330892,-82.365584,TN,Washington,Johnson City
37615,36.37392,-82.44504,TN,Washington,Gray
37615,36.37392,-82.44504,TN,Washington,JC
37615,36.37392,-82.44504,TN,Washington,Johnson City
37616,36.188867,-82.702767,TN,Greene,Afton
37617,36.533107,-82.359186,TN,Sullivan,Blountville
37618,36.469676,-82.23901,TN,Sullivan,Bluff City
37620,36.569357,-82.183865,TN,Sullivan,Bristol
37620,36.569357,-82.183865,TN,Sullivan,Stephen Holston
37621,36.580525,-82.20482,TN,Sullivan,Bristol
37625,36.596104,-82.186322,TN,Sullivan,Bristol
37640,36.342296,-82.220268,TN,Johnson,Butler
37641,36.151291,-82.610467,TN,Greene,Chuckey
37641,36.151291,-82.610467,TN,Greene,Chucky
37642,36.528984,-82.698396,TN,Hawkins,Church Hill
37643,36.342259,-82.225665,TN,Carter,Elizabethton
37644,36.347396,-82.213748,TN,Carter,Elizabethton
37645,36.522222,-82.713611,TN,Hawkins,Church Hill
37645,36.522222,-82.713611,TN,Hawkins,Mount Carmel
37645,36.522222,-82.713611,TN,Hawkins,Mt Carmel
37650,36.140916,-82.409298,TN,Unicoi,Erwin
37656,36.429658,-82.594132,TN,Washington,Fall Branch
37657,36.024636,-82.552636,TN,Unicoi,Flag Pond
37658,36.241626,-82.19521,TN,Carter,Hampton
37659,36.272018,-82.487968,TN,Washington,Jonesboro
37659,36.272018,-82.487968,TN,Washington,Jonesborough
37660,36.548955,-82.546424,TN,Sullivan,Bloomingdale
37660,36.548955,-82.546424,TN,Sullivan,Kingsport
37662,36.546449,-82.563833,TN,Sullivan,Kingsport
37663,36.460654,-82.484579,TN,Sullivan,Colonial Heights
37663,36.460654,-82.484579,TN,Sullivan,Colonial Hgts
37663,36.460654,-82.484579,TN,Sullivan,Kingsport
37664,36.524127,-82.494146,TN,Sullivan,Kingsport
37665,36.582057,-82.564868,TN,Sullivan,Kingsport
37669,36.529122,-82.556123,TN,Sullivan,Arcata Graphics Distribution
37669,36.529122,-82.556123,TN,Sullivan,Kingsport
37680,36.574547,-81.739325,TN,Johnson,Laurel Blmry
37680,36.574547,-81.739325,TN,Johnson,Laurel Bloomery
37681,36.212327,-82.585503,TN,Washington,Limestone
37682,36.302307,-82.296008,TN,Carter,Milligan
37682,36.302307,-82.296008,TN,Carter,Milligan Coll
37682,36.302307,-82.296008,TN,Carter,Milligan College
37683,36.473298,-81.802628,TN,Johnson,Mountain City
37684,36.306702,-82.377444,TN,Washington,Mountain Home
37684,36.306702,-82.377444,TN,Washington,Mtn Home
37686,36.4468,-82.334349,TN,Sullivan,Piney Flats
37687,36.171244,-82.096567,TN,Carter,Roan Mountain
37688,36.545239,-81.884418,TN,Johnson,Shady Valley
37690,36.232998,-82.54839,TN,Washington,Telford
37691,36.370684,-81.754167,TN,Johnson,Trade
37692,36.187403,-82.342355,TN,Unicoi,Unicoi
37694,36.414288,-82.270814,TN,Carter,Watauga
37699,36.418354,-82.303895,TN,Sullivan,Home Shopping Network
37699,36.418354,-82.303895,TN,Sullivan,Piney Flats
37701,35.784224,-83.980839,TN,Blount,Alcoa
37705,36.212392,-84.018115,TN,Anderson,Andersonville
37707,36.425379,-83.558044,TN,Claiborne,Arthur
37707,36.425379,-83.558044,TN,Claiborne,Harrogate
37708,36.338879,-83.325091,TN,Grainger,Bean Station
37708,36.338879,-83.325091,TN,Grainger,Tate Springs
37709,36.124912,-83.715281,TN,Grainger,Blaine
37710,36.1722,-84.23148,TN,Anderson,Briceville
37710,36.1722,-84.23148,TN,Anderson,Devonia
37711,36.269293,-83.102067,TN,Hawkins,Bulls Gap
37713,36.079345,-83.15754,TN,Cocke,Bybee
37714,36.276059,-84.192974,TN,Campbell,Caryville
37715,36.541619,-83.874799,TN,Claiborne,Clairfield
37716,36.100413,-84.140862,TN,Anderson,Clinton
37717,36.091034,-84.13209,TN,Anderson,Clinton
37719,36.052468,-84.343174,TN,Morgan,Coalfield
37721,36.124806,-83.814477,TN,Knox,Corryton
37722,35.807702,-83.214203,TN,Cocke,Cosby
37723,35.895389,-84.848577,TN,Cumberland,Crab Orchard
37724,36.5423,-83.689657,TN,Claiborne,Cumb Gap
37724,36.5423,-83.689657,TN,Claiborne,Cumberland Gap
37724,36.5423,-83.689657,TN,Claiborne,Cumberland Gp
37725,36.020059,-83.419087,TN,Jefferson,Dandridge
37726,36.220858,-84.836036,TN,Morgan,Deer Lodge
37727,35.885054,-83.001681,TN,Cocke,Del Rio
37729,36.426894,-83.99319,TN,Campbell,Duff
37729,36.426894,-83.99319,TN,Campbell,La Follette
37730,36.551016,-83.980097,TN,Claiborne,Eagan
37731,36.497864,-83.079182,TN,Hawkins,Eidson
37732,36.46022,-84.581296,TN,Scott,Elgin
37733,36.36031,-84.698278,TN,Morgan,Elgin
37733,36.36031,-84.698278,TN,Morgan,Rugby
37737,35.7699,-84.158597,TN,Blount,Friendsville
37738,35.71349,-83.515498,TN,Sevier,Gatlinburg
37742,35.658505,-84.172683,TN,Loudon,Greenback
37743,36.162752,-82.818898,TN,Greene,Baileyton
37743,36.162752,-82.818898,TN,Greene,Greeneville
37743,36.162752,-82.818898,TN,Greene,Tusculum College
37744,36.163345,-82.812426,TN,Greene,Greeneville
37745,36.186641,-82.815175,TN,Greene,Baileyton
37745,36.186641,-82.815175,TN,Greene,Greeneville
37748,35.94222,-84.50046,TN,Roane,Emory Gap
37748,35.94222,-84.50046,TN,Roane,Harriman
37748,35.94222,-84.50046,TN,Roane,Midtown
37752,36.59462,-83.66241,TN,Claiborne,Harrogate
37753,35.820547,-83.101045,TN,Cocke,Hartford
37754,36.087523,-84.042629,TN,Knox,Heiskell
37755,36.43479,-84.565182,TN,Scott,Helenwood
37755,36.43479,-84.565182,TN,Scott,New River
37756,36.39588,-84.45924,TN,Scott,Huntsville
37756,36.39588,-84.45924,TN,Scott,Norma
37757,36.331839,-84.179659,TN,Campbell,Jacksboro
37760,36.119161,-83.493766,TN,Jefferson,Jeff City
37760,36.119161,-83.493766,TN,Jefferson,Jefferson City
37760,36.119161,-83.493766,TN,Jefferson,Jefferson Cty
37762,36.578238,-84.127269,TN,Campbell,Jellico
37763,35.876568,-84.507327,TN,Roane,Kingston
37764,35.979026,-83.672577,TN,Sevier,Kodak
37765,36.564311,-83.048671,TN,Hancock,Kyles Ford
37766,36.33828,-84.0696,TN,Campbell,La Follette
37766,36.33828,-84.0696,TN,Campbell,Lafollette
37766,36.33828,-84.0696,TN,Campbell,Morley
37769,36.215045,-84.153561,TN,Anderson,Lake City
37770,36.15153,-84.688941,TN,Morgan,Lancing
37771,35.792702,-84.266138,TN,Loudon,Lenoir City
37772,35.787215,-84.220049,TN,Loudon,Lenoir City
37773,36.392041,-83.584627,TN,Claiborne,Lone Mountain
37774,35.707092,-84.297811,TN,Loudon,Loudon
37777,35.831102,-84.048154,TN,Blount,Louisville
37777,35.831102,-84.048154,TN,Blount,McGhee Tyson ANG Base
37778,36.162053,-83.249062,TN,Hamblen,Lowland
37779,36.157029,-83.751395,TN,Union,Luttrell
37801,35.749086,-83.96954,TN,Blount,Maryville
37802,35.756806,-83.970335,TN,Blount,Maryville
37803,35.764529,-83.964122,TN,Blount,Maryville
37804,35.775122,-83.939035,TN,Blount,Maryville
37806,36.080485,-83.735652,TN,Knox,Mascot
37807,36.166587,-83.911863,TN,Union,Maynardville
37809,36.149148,-83.030331,TN,Greene,Midway
37810,36.181796,-83.093461,TN,Greene,Mohawk
37811,36.369657,-83.192901,TN,Hawkins,Mooresburg
37813,36.190558,-83.271169,TN,Hamblen,Morristown
37814,36.221466,-83.310936,TN,Hamblen,Morristown
37815,36.213648,-83.293749,TN,Hamblen,Morristown
37816,36.192124,-83.372532,TN,Hamblen,Morristown
37818,36.169896,-82.973555,TN,Greene,Mosheim
37819,36.544131,-84.186377,TN,Campbell,Newcomb
37820,36.081197,-83.567459,TN,Jefferson,New Market
37821,35.965629,-83.188913,TN,Cocke,Newport
37822,35.957118,-83.190977,TN,Cocke,Newport
37824,36.434143,-83.60662,TN,Claiborne,New Tazewell
37825,36.439083,-83.601957,TN,Claiborne,New Tazewell
37826,35.509859,-84.545622,TN,McMinn,Niota
37828,36.194145,-84.069274,TN,Anderson,Norris
37829,36.013101,-84.636364,TN,Morgan,Oakdale
37830,36.020634,-84.253983,TN,Anderson,Oak Ridge
37831,35.963275,-84.298102,TN,Anderson,Oak Ridge
37840,36.032719,-84.324441,TN,Roane,Oliver Spgs
37840,36.032719,-84.324441,TN,Roane,Oliver Springs
37841,36.506945,-84.514883,TN,Scott,Oneida
37843,35.996437,-83.053565,TN,Cocke,Parrottsville
37845,36.055638,-84.435067,TN,Morgan,Petros
37846,35.678552,-84.406508,TN,Loudon,Philadelphia
37847,36.459083,-84.30266,TN,Campbell,Pioneer
37848,36.252231,-83.668136,TN,Grainger,Powder Spgs
37848,36.252231,-83.668136,TN,Grainger,Powder Springs
37849,36.054476,-84.029301,TN,Knox,Powell
37851,36.541011,-83.876133,TN,Claiborne,Pruden
37852,36.326828,-84.571266,TN,Scott,Glen Mary
37852,36.326828,-84.571266,TN,Scott,Robbins
37853,35.828507,-83.944804,TN,Blount,Rockford
37854,35.862451,-84.679796,TN,Roane,Ozone
37854,35.862451,-84.679796,TN,Roane,Rockwood
37854,35.862451,-84.679796,TN,Roane,Westel
37857,36.405041,-83.009455,TN,Hawkins,Rogersville
37860,36.246308,-83.195495,TN,Hamblen,Russellville
37861,36.27777,-83.517316,TN,Grainger,Rutledge
37862,35.871495,-83.53315,TN,Sevier,Pigeon Forge
37862,35.871495,-83.53315,TN,Sevier,Sevierville
37863,35.793902,-83.562814,TN,Sevier,Pigeon Forge
37863,35.793902,-83.562814,TN,Sevier,Sevierville
37864,35.856862,-83.577319,TN,Sevier,Pigeon Forge
37864,35.856862,-83.577319,TN,Sevier,Sevierville
37865,35.863635,-83.739635,TN,Sevier,Seymour
37866,36.356798,-83.863314,TN,Union,Sharps Chapel
37867,36.579916,-83.639506,TN,Claiborne,Shawanee
37868,35.775608,-83.537836,TN,Sevier,Pigeon Forge
37868,35.775608,-83.537836,TN,Sevier,Sevierville
37869,36.535976,-83.220036,TN,Hancock,Sneedville
37870,36.477773,-83.812782,TN,Claiborne,Speedwell
37871,36.018011,-83.70671,TN,Jefferson,Straw Plains
37871,36.018011,-83.70671,TN,Jefferson,Strawberry Plains
37872,36.27066,-84.6912,TN,Morgan,Burrville
37872,36.27066,-84.6912,TN,Morgan,Sunbright
37873,36.46497,-82.824611,TN,Hawkins,Surgoinsville
37874,35.600803,-84.460574,TN,Monroe,Sweetwater
37876,35.839522,-83.480286,TN,Sevier,Pigeon Forge
37876,35.839522,-83.480286,TN,Sevier,Sevierville
37877,36.174831,-83.418381,TN,Hamblen,Talbott
37878,35.568988,-83.981124,TN,Blount,Happy Valley
37878,35.568988,-83.981124,TN,Blount,Tallassee
37879,36.445486,-83.58383,TN,Claiborne,Tazewell
37880,35.683153,-84.652784,TN,Meigs,Ten Mile
37881,36.395156,-83.365973,TN,Grainger,Thorn Hill
37881,36.395156,-83.365973,TN,Grainger,Treadway
37882,35.627245,-83.783892,TN,Blount,Townsend
37885,35.481202,-84.091965,TN,Monroe,Vonore
37886,35.776507,-83.821306,TN,Blount,Walland
37887,36.047026,-84.613764,TN,Morgan,Wartburg
37888,36.312757,-83.599222,TN,Grainger,Washburn
37890,36.06164,-83.26011,TN,Jefferson,Baneberry
37890,36.06164,-83.26011,TN,Jefferson,White Pine
37891,36.258729,-83.137811,TN,Hamblen,Whitesburg
37892,36.52186,-84.501975,TN,Scott,Winfield
37901,36.029281,-83.886332,TN,Knox,Knox
37901,36.029281,-83.886332,TN,Knox,Knoxville
37902,35.962214,-83.922984,TN,Knox,Knoxville
37909,35.94973,-84.018625,TN,Knox,Knoxville
37912,36.005751,-83.981348,TN,Knox,Knoxville
37914,35.992378,-83.825982,TN,Knox,Knoxville
37915,35.972359,-83.89956,TN,Knox,Knoxville
37916,35.954943,-83.93035,TN,Knox,Knoxville
37917,35.995236,-83.917073,TN,Knox,Knoxville
37918,36.049059,-83.918501,TN,Knox,Knoxville
37919,35.926579,-84.006405,TN,Knox,Knoxville
37920,35.923862,-83.877198,TN,Knox,Kimberlin Heights
37920,35.923862,-83.877198,TN,Knox,Kimberlin Hgt
37920,35.923862,-83.877198,TN,Knox,Knoxville
37921,35.97295,-83.986531,TN,Knox,Karns
37921,35.97295,-83.986531,TN,Knox,Knoxville
37922,35.85642,-84.12834,TN,Knox,Concord
37922,35.85642,-84.12834,TN,Knox,Concord Farr
37922,35.85642,-84.12834,TN,Knox,Concord Farragut
37922,35.85642,-84.12834,TN,Knox,Farragut
37922,35.85642,-84.12834,TN,Knox,Knoxville
37923,35.924565,-84.100399,TN,Knox,Knoxville
37924,36.030778,-83.813882,TN,Knox,Knoxville
37927,35.999238,-83.91077,TN,Knox,Knoxville
37928,36.06009,-83.911345,TN,Knox,Knoxville
37929,35.962625,-83.921292,TN,Knox,Knoxville
37929,35.962625,-83.921292,TN,Knox,Plaza Tower
37930,35.93017,-84.077513,TN,Knox,Knoxville
37931,35.97327,-84.11443,TN,Knox,Knoxville
37932,35.920159,-84.174433,TN,Knox,Knoxville
37933,35.86607,-84.124099,TN,Knox,Concord Farragut
37933,35.86607,-84.124099,TN,Knox,Farragut
37933,35.86607,-84.124099,TN,Knox,Knoxville
37934,35.8761,-84.1703,TN,Knox,Concord
37934,35.8761,-84.1703,TN,Knox,Concord Farr
37934,35.8761,-84.1703,TN,Knox,Concord Farragut
37934,35.8761,-84.1703,TN,Knox,Farragut
37934,35.8761,-84.1703,TN,Knox,Knox
37934,35.8761,-84.1703,TN,Knox,Knoxville
37934,35.8761,-84.1703,TN,Knox,Knx
37934,35.8761,-84.1703,TN,Knox,Kville
37938,36.114021,-83.934826,TN,Knox,Fountain City
37938,36.114021,-83.934826,TN,Knox,Knoxville
37939,35.915861,-84.004282,TN,Knox,Knoxville
37940,35.899618,-83.855185,TN,Knox,Knoxville
37950,35.944694,-84.022662,TN,Knox,Knoxville
37990,35.867385,-84.120972,TN,Knox,Knoxville
37990,35.867385,-84.120972,TN,Knox,The Mail Box
37995,35.963474,-83.91558,TN,Knox,1st Tennessee Bank
37995,35.963474,-83.91558,TN,Knox,Knoxville
37996,35.956034,-83.937037,TN,Knox,Knoxville
37996,35.956034,-83.937037,TN,Knox,University of Tenn
37997,35.965412,-83.909511,TN,Knox,Knoxville
37997,35.965412,-83.909511,TN,Knox,Third National Bank
37998,35.937584,-83.75048,TN,Knox,Knoxville
38001,35.78557,-89.114394,TN,Crockett,Alamo
38002,35.29206,-89.7417,TN,Shelby,Arlington
38002,35.29206,-89.7417,TN,Shelby,Lakeland
38004,35.43307,-89.796386,TN,Tipton,Atoka
38004,35.43307,-89.796386,TN,Tipton,Crosstown
38006,35.730519,-89.089584,TN,Crockett,Bells
38007,36.216148,-89.477327,TN,Dyer,Bogota
38008,35.265716,-89.003717,TN,Hardeman,Bolivar
38010,35.201706,-89.395141,TN,Fayette,Braden
38011,35.482116,-89.722391,TN,Tipton,Brighton
38012,35.597482,-89.271036,TN,Haywood,Brownsville
38014,35.266062,-89.772731,TN,Shelby,Brunswick
38015,35.560536,-89.838101,TN,Tipton,Burlison
38015,35.560536,-89.838101,TN,Tipton,Gilt Edge
38015,35.560536,-89.838101,TN,Tipton,Randolph
38016,35.179164,-89.762665,TN,Shelby,Cordova
38017,35.054102,-89.679063,TN,Shelby,Collierville
38017,35.054102,-89.679063,TN,Shelby,Fisherville
38017,35.054102,-89.679063,TN,Shelby,Piperton
38017,35.054102,-89.679063,TN,Shelby,Piprtnx
38018,35.13832,-89.758273,TN,Shelby,Cordova
38019,35.557255,-89.657223,TN,Tipton,Covington
38021,35.911875,-89.190532,TN,Crockett,Crockett Mills
38021,35.911875,-89.190532,TN,Crockett,Crockett Mls
38023,35.468977,-89.955354,TN,Tipton,Drummonds
38024,36.039737,-89.384816,TN,Dyer,Dyersburg
38025,36.036078,-89.383313,TN,Dyer,Dyersburg
38027,35.056954,-89.676442,TN,Shelby,Collierville
38027,35.056954,-89.676442,TN,Shelby,Colliervl
38027,35.056954,-89.676442,TN,Shelby,Colliervle
38027,35.056954,-89.676442,TN,Shelby,Fisherville
38027,35.056954,-89.676442,TN,Shelby,Piperton
38028,35.156132,-89.682958,TN,Shelby,Eads
38029,35.202963,-89.820479,TN,Shelby,Ellendale
38030,35.990003,-89.579499,TN,Dyer,Finley
38034,35.909116,-89.195058,TN,Crockett,Friendship
38036,35.324079,-89.619045,TN,Fayette,Gallaway
38037,35.830317,-89.405482,TN,Lauderdale,Gates
38039,35.272747,-89.154588,TN,Hardeman,Grand Jct
38039,35.272747,-89.154588,TN,Hardeman,Grand Junction
38040,35.875019,-89.394151,TN,Lauderdale,Halls
38041,35.673919,-89.570485,TN,Lauderdale,Fort Pillow
38041,35.673919,-89.570485,TN,Lauderdale,Henning
38042,35.322522,-89.1522,TN,Hardeman,Hickory Valley
38042,35.322522,-89.1522,TN,Hardeman,Hickory Vly
38044,35.223706,-88.825077,TN,Hardeman,Hornsby
38045,35.292164,-89.368803,TN,Fayette,Laconia
38046,35.065576,-89.329117,TN,Fayette,La Grange
38047,36.064558,-89.42136,TN,Dyer,Lenox
38048,35.151834,-89.489494,TN,Fayette,Macon
38049,35.394464,-89.537243,TN,Tipton,Mason
38050,35.815031,-89.222697,TN,Crockett,Maury City
38052,35.062209,-88.895359,TN,Hardeman,Middleton
38053,35.33166,-89.89458,TN,Shelby,Barretville
38053,35.33166,-89.89458,TN,Shelby,Cloverdale
38053,35.33166,-89.89458,TN,Shelby,Cuba
38053,35.33166,-89.89458,TN,Shelby,Dixonville
38053,35.33166,-89.89458,TN,Shelby,East Acres
38053,35.33166,-89.89458,TN,Shelby,Kerrville
38053,35.33166,-89.89458,TN,Shelby,Locke
38053,35.33166,-89.89458,TN,Shelby,Lucy
38053,35.33166,-89.89458,TN,Shelby,Millington
38053,35.33166,-89.89458,TN,Shelby,Quito
38053,35.33166,-89.89458,TN,Shelby,Rosemark
38053,35.33166,-89.89458,TN,Shelby,Wilkinsville
38053,35.33166,-89.89458,TN,Shelby,Woodstock
38054,35.339231,-89.877562,TN,Shelby,Millington
38054,35.339231,-89.877562,TN,Shelby,Naval Hospital
38055,35.34056,-89.894343,TN,Shelby,Bureau of Naval Personnel
38055,35.34056,-89.894343,TN,Shelby,Millington
38057,35.059236,-89.379123,TN,Fayette,Moscow
38057,35.059236,-89.379123,TN,Fayette,Williston
38058,35.448981,-89.807405,TN,Tipton,Munford
38059,36.11424,-89.267273,TN,Dyer,Newbern
38060,35.21295,-89.542271,TN,Fayette,Oakland
38060,35.21295,-89.542271,TN,Fayette,Somerville
38061,35.028862,-88.816731,TN,Hardeman,Essary Springs
38061,35.028862,-88.816731,TN,Hardeman,Pocahontas
38063,35.73461,-89.53708,TN,Lauderdale,Ripley
38066,35.072957,-89.53623,TN,Fayette,Rossville
38066,35.072957,-89.53623,TN,Fayette,Williston
38067,35.051743,-88.948776,TN,Hardeman,Saulsbury
38068,35.241585,-89.359208,TN,Fayette,Mason
38068,35.241585,-89.359208,TN,Fayette,Somerville
38069,35.441511,-89.33686,TN,Haywood,Stanton
38070,36.095127,-89.237293,TN,Dyer,Tigrett
38071,35.423532,-89.807982,TN,Tipton,Tipton
38075,35.324796,-89.14958,TN,Hardeman,Somerville
38075,35.324796,-89.14958,TN,Hardeman,Whiteville
38076,35.167612,-89.377588,TN,Fayette,Moscow
38076,35.167612,-89.377588,TN,Fayette,Oakland
38076,35.167612,-89.377588,TN,Fayette,Rossville
38076,35.167612,-89.377588,TN,Fayette,Williston
38077,36.261189,-89.523178,TN,Lake,Wynnburg
38079,36.377752,-89.478666,TN,Lake,Tiptonville
38080,36.263847,-89.484004,TN,Lake,Miston
38080,36.263847,-89.484004,TN,Lake,Ridgely
38083,35.332201,-89.887885,TN,Shelby,Millingtn
38083,35.332201,-89.887885,TN,Shelby,Millington
38088,35.151852,-89.790781,TN,Shelby,Cordova
38101,35.131068,-90.054586,TN,Shelby,Memphis
38103,35.145357,-90.049688,TN,Shelby,Memphis
38104,35.133557,-89.998776,TN,Shelby,Mem
38104,35.133557,-89.998776,TN,Shelby,Memphis
38104,35.133557,-89.998776,TN,Shelby,MPHS
38105,35.150666,-90.031667,TN,Shelby,Mem
38105,35.150666,-90.031667,TN,Shelby,Memphis
38105,35.150666,-90.031667,TN,Shelby,MPHS
38106,35.107211,-90.042832,TN,Shelby,Mem
38106,35.107211,-90.042832,TN,Shelby,Memphis
38106,35.107211,-90.042832,TN,Shelby,MPHS
38107,35.168302,-90.0283,TN,Shelby,Mem
38107,35.168302,-90.0283,TN,Shelby,Memphis
38107,35.168302,-90.0283,TN,Shelby,MPHS
38108,35.180649,-89.954309,TN,Shelby,Mem
38108,35.180649,-89.954309,TN,Shelby,Memphis
38108,35.180649,-89.954309,TN,Shelby,MPHS
38109,35.046864,-90.068205,TN,Shelby,Mem
38109,35.046864,-90.068205,TN,Shelby,Memphis
38109,35.046864,-90.068205,TN,Shelby,MPHS
38110,35.072995,-89.956491,TN,Shelby,I R S
38110,35.072995,-89.956491,TN,Shelby,Mem
38110,35.072995,-89.956491,TN,Shelby,Memphis
38110,35.072995,-89.956491,TN,Shelby,MPHS
38111,35.112624,-89.946832,TN,Shelby,Mem
38111,35.112624,-89.946832,TN,Shelby,Memphis
38111,35.112624,-89.946832,TN,Shelby,MPHS
38112,35.145279,-89.979378,TN,Shelby,Mem
38112,35.145279,-89.979378,TN,Shelby,Memphis
38112,35.145279,-89.979378,TN,Shelby,MPHS
38113,35.209681,-89.996175,TN,Shelby,Mem
38113,35.209681,-89.996175,TN,Shelby,Memphis
38113,35.209681,-89.996175,TN,Shelby,MPHS
38114,35.102122,-89.980902,TN,Shelby,Mem
38114,35.102122,-89.980902,TN,Shelby,Memphis
38114,35.102122,-89.980902,TN,Shelby,MPHS
38115,35.045523,-89.849029,TN,Shelby,Hickory Hill
38115,35.045523,-89.849029,TN,Shelby,Mem
38115,35.045523,-89.849029,TN,Shelby,Memphis
38115,35.045523,-89.849029,TN,Shelby,MPHS
38116,35.036558,-90.00901,TN,Shelby,Mem
38116,35.036558,-90.00901,TN,Shelby,Memphis
38116,35.036558,-90.00901,TN,Shelby,MPHS
38117,35.11597,-89.901902,TN,Shelby,Mem
38117,35.11597,-89.901902,TN,Shelby,Memphis
38117,35.11597,-89.901902,TN,Shelby,MPHS
38118,35.048583,-89.925961,TN,Shelby,Mem
38118,35.048583,-89.925961,TN,Shelby,Memphis
38118,35.048583,-89.925961,TN,Shelby,MPHS
38119,35.085796,-89.848658,TN,Shelby,Mem
38119,35.085796,-89.848658,TN,Shelby,Memphis
38119,35.085796,-89.848658,TN,Shelby,MPHS
38120,35.122753,-89.861988,TN,Shelby,Mem
38120,35.122753,-89.861988,TN,Shelby,Memphis
38120,35.122753,-89.861988,TN,Shelby,MPHS
38122,35.158002,-89.923644,TN,Shelby,Mem
38122,35.158002,-89.923644,TN,Shelby,Memphis
38122,35.158002,-89.923644,TN,Shelby,MPHS
38124,35.111049,-89.907808,TN,Shelby,Mem
38124,35.111049,-89.907808,TN,Shelby,Memphis
38124,35.111049,-89.907808,TN,Shelby,MPHS
38125,35.029029,-89.810269,TN,Shelby,Hickory Hill
38125,35.029029,-89.810269,TN,Shelby,Mem
38125,35.029029,-89.810269,TN,Shelby,Memphis
38125,35.029029,-89.810269,TN,Shelby,MPHS
38126,35.12402,-90.041534,TN,Shelby,Mem
38126,35.12402,-90.041534,TN,Shelby,Memphis
38126,35.12402,-90.041534,TN,Shelby,MPHS
38127,35.240147,-90.020802,TN,Shelby,Mem
38127,35.240147,-90.020802,TN,Shelby,Memphis
38127,35.240147,-90.020802,TN,Shelby,MPHS
38128,35.219361,-89.925899,TN,Shelby,Mem
38128,35.219361,-89.925899,TN,Shelby,Memphis
38128,35.219361,-89.925899,TN,Shelby,MPHS
38130,35.032451,-89.938116,TN,Shelby,Mem
38130,35.032451,-89.938116,TN,Shelby,Memphis
38130,35.032451,-89.938116,TN,Shelby,MPHS
38131,35.063425,-89.993345,TN,Shelby,Memphis
38132,35.062992,-89.976596,TN,Shelby,Mem
38132,35.062992,-89.976596,TN,Shelby,Memphis
38132,35.062992,-89.976596,TN,Shelby,MPHS
38133,35.206829,-89.791238,TN,Shelby,Bartlett
38133,35.206829,-89.791238,TN,Shelby,Mem
38133,35.206829,-89.791238,TN,Shelby,Memphis
38133,35.206829,-89.791238,TN,Shelby,MPHS
38134,35.19186,-89.92536,TN,Shelby,Bartlett
38134,35.19186,-89.92536,TN,Shelby,Mem
38134,35.19186,-89.92536,TN,Shelby,Memphis
38134,35.19186,-89.92536,TN,Shelby,MPHS
38135,35.229541,-89.853081,TN,Shelby,Bartlett
38135,35.229541,-89.853081,TN,Shelby,Mem
38135,35.229541,-89.853081,TN,Shelby,Memphis
38135,35.229541,-89.853081,TN,Shelby,MPHS
38136,35.099619,-90.036265,TN,Shelby,Bulk Mail Center
38136,35.099619,-90.036265,TN,Shelby,Mem
38136,35.099619,-90.036265,TN,Shelby,Memphis
38136,35.099619,-90.036265,TN,Shelby,MPHS
38137,35.110214,-89.891356,TN,Shelby,Mem
38137,35.110214,-89.891356,TN,Shelby,Memphis
38137,35.110214,-89.891356,TN,Shelby,MPHS
38138,35.0727,-89.9025,TN,Shelby,Germantown
38138,35.0727,-89.9025,TN,Shelby,Mem
38138,35.0727,-89.9025,TN,Shelby,Memphis
38138,35.0727,-89.9025,TN,Shelby,MPHS
38139,35.08928,-89.773074,TN,Shelby,Germantown
38139,35.08928,-89.773074,TN,Shelby,Mem
38139,35.08928,-89.773074,TN,Shelby,Memphis
38139,35.08928,-89.773074,TN,Shelby,MPHS
38141,35.02636,-89.847033,TN,Shelby,Mem
38141,35.02636,-89.847033,TN,Shelby,Memphis
38141,35.02636,-89.847033,TN,Shelby,MPHS
38142,34.998826,-90.114845,TN,Shelby,Credit Card Service Center
38142,34.998826,-90.114845,TN,Shelby,Mem
38142,34.998826,-90.114845,TN,Shelby,Memphis
38142,34.998826,-90.114845,TN,Shelby,MPHS
38145,35.142373,-90.050604,TN,Shelby,Mem
38145,35.142373,-90.050604,TN,Shelby,Memphis
38145,35.142373,-90.050604,TN,Shelby,Memphis Light Gas and Water
38145,35.142373,-90.050604,TN,Shelby,MPHS
38147,35.142153,-90.054546,TN,Shelby,Mem
38147,35.142153,-90.054546,TN,Shelby,Memphis
38147,35.142153,-90.054546,TN,Shelby,MPHS
38147,35.142153,-90.054546,TN,Shelby,Union Planters Natl Bx 387
38148,35.146943,-90.046493,TN,Shelby,First National Bank
38148,35.146943,-90.046493,TN,Shelby,Mem
38148,35.146943,-90.046493,TN,Shelby,Memphis
38148,35.146943,-90.046493,TN,Shelby,MPHS
38150,35.147314,-90.048201,TN,Shelby,Mem
38150,35.147314,-90.048201,TN,Shelby,Memphis
38150,35.147314,-90.048201,TN,Shelby,MPHS
38150,35.147314,-90.048201,TN,Shelby,Suntrust Bank
38151,35.149052,-89.977749,TN,Shelby,Mem
38151,35.149052,-89.977749,TN,Shelby,Memphis
38151,35.149052,-89.977749,TN,Shelby,MPHS
38151,35.149052,-89.977749,TN,Shelby,Plough Inc
38152,35.120123,-89.939705,TN,Shelby,Mem
38152,35.120123,-89.939705,TN,Shelby,Memphis
38152,35.120123,-89.939705,TN,Shelby,MPHS
38152,35.120123,-89.939705,TN,Shelby,University of Memphis
38157,35.111106,-89.896047,TN,Shelby,Memphis
38159,35.148592,-90.054728,TN,Shelby,Memphis
38159,35.148592,-90.054728,TN,Shelby,Union Planters Natl Bx 2121
38161,35.136604,-89.860771,TN,Shelby,Memphis
38161,35.136604,-89.860771,TN,Shelby,Reg Inspection Service
38163,35.141451,-90.035289,TN,Shelby,Memphis
38163,35.141451,-90.035289,TN,Shelby,Univ of Tn
38163,35.141451,-90.035289,TN,Shelby,University of Tn
38165,35.144348,-90.052823,TN,Shelby,Memphis
38165,35.144348,-90.052823,TN,Shelby,Memphis Rcsc
38166,35.130758,-90.004671,TN,Shelby,Memphis
38167,35.255312,-90.030337,TN,Shelby,Memphis
38168,35.229844,-89.924595,TN,Shelby,Mem
38168,35.229844,-89.924595,TN,Shelby,Memphis
38168,35.229844,-89.924595,TN,Shelby,MPHS
38173,35.143248,-90.054456,TN,Shelby,Mem
38173,35.143248,-90.054456,TN,Shelby,Memphis
38174,35.132269,-90.002258,TN,Shelby,Mem
38174,35.132269,-90.002258,TN,Shelby,Memphis
38174,35.132269,-90.002258,TN,Shelby,MPHS
38175,35.046145,-89.865973,TN,Shelby,Memphis
38177,35.11471,-89.904468,TN,Shelby,Memphis
38181,35.052297,-89.942237,TN,Shelby,Mem
38181,35.052297,-89.942237,TN,Shelby,Memphis
38181,35.052297,-89.942237,TN,Shelby,MPHS
38182,35.145303,-89.970637,TN,Shelby,Mem
38182,35.145303,-89.970637,TN,Shelby,Memphis
38182,35.145303,-89.970637,TN,Shelby,MPHS
38183,35.097353,-89.805551,TN,Shelby,Germantown
38183,35.097353,-89.805551,TN,Shelby,Memphis
38184,35.185496,-89.864856,TN,Shelby,Bartlett
38184,35.185496,-89.864856,TN,Shelby,Mem
38184,35.185496,-89.864856,TN,Shelby,Memphis
38184,35.185496,-89.864856,TN,Shelby,MPHS
38186,35.035348,-90.015959,TN,Shelby,Memphis
38187,35.07607,-89.843603,TN,Shelby,Mem
38187,35.07607,-89.843603,TN,Shelby,Memphis
38187,35.07607,-89.843603,TN,Shelby,MPHS
38188,35.096999,-89.85768,TN,Shelby,Memphis
38188,35.096999,-89.85768,TN,Shelby,Natl Customer Support Ctr
38190,35.056208,-90.060145,TN,Shelby,Memphis
38193,35.055189,-89.86291,TN,Shelby,Memphis
38193,35.055189,-89.86291,TN,Shelby,Sharp Electronic Manufac
38194,35.064129,-89.999493,TN,Shelby,Federal Express
38194,35.064129,-89.999493,TN,Shelby,Memphis
38197,35.09904,-89.848207,TN,Shelby,International Paper Co
38197,35.09904,-89.848207,TN,Shelby,Memphis
38201,36.134856,-88.517265,TN,Carroll,Mc Kenzie
38220,36.011358,-88.715032,TN,Carroll,Atwood
38221,36.23919,-88.060257,TN,Benton,Big Sandy
38222,36.346048,-88.380509,TN,Henry,Buchanan
38223,36.357791,-88.463805,TN,Henry,Como
38224,36.379988,-88.480605,TN,Henry,Cottage Grove
38225,36.29046,-88.704397,TN,Weakley,Dresden
38226,36.472923,-88.6673,TN,Weakley,Dukedom
38229,36.216363,-88.616472,TN,Weakley,Gleason
38230,36.151574,-88.799392,TN,Weakley,Greenfield
38231,36.206881,-88.464225,TN,Henry,Henry
38232,36.331585,-89.311065,TN,Obion,Hornbeak
38233,36.177966,-89.025271,TN,Gibson,Kenton
38233,36.177966,-89.025271,TN,Gibson,Masonhall
38235,35.985579,-88.581792,TN,Carroll,Mc Lemoresville
38235,35.985579,-88.581792,TN,Carroll,Mc Lemoresvle
38235,35.985579,-88.581792,TN,Carroll,McLemoresville
38236,36.183352,-88.285932,TN,Henry,Mansfield
38237,36.338425,-88.853587,TN,Weakley,Martin
38238,36.344329,-88.858264,TN,Weakley,Martin
38238,36.344329,-88.858264,TN,Weakley,University of Tn
38240,36.261145,-89.190894,TN,Obion,Obion
38241,36.284486,-88.699663,TN,Weakley,Palmersville
38242,36.302656,-88.314279,TN,Henry,Paris
38251,36.446292,-88.332515,TN,Henry,Puryear
38253,36.323149,-89.039676,TN,Obion,Rives
38254,36.357242,-89.298053,TN,Obion,Samburg
38255,36.235538,-88.824945,TN,Weakley,Sharon
38256,36.381413,-88.105873,TN,Henry,Springville
38257,36.496436,-88.876214,TN,Obion,South Fulton
38258,36.031357,-88.6029,TN,Carroll,Trezevant
38259,36.201934,-89.190422,TN,Dyer,Trimble
38260,36.335456,-89.165183,TN,Obion,Troy
38261,36.424975,-89.056137,TN,Obion,Union City
38271,36.430309,-89.123003,TN,Obion,Woodland Mills
38271,36.430309,-89.123003,TN,Obion,Woodland Mls
38281,36.425852,-89.049841,TN,Obion,Union City
38281,36.425852,-89.049841,TN,Obion,Union Cty
38281,36.425852,-89.049841,TN,Obion,Union Cy
38301,35.610381,-88.819872,TN,Madison,Jackson
38302,35.59022,-88.860766,TN,Madison,Jackson
38303,35.639272,-88.823732,TN,Madison,Jackson
38305,35.681229,-88.821998,TN,Madison,Jackson
38308,35.59363,-88.820531,TN,Madison,Jackson
38310,35.231782,-88.387691,TN,McNairy,Adamsville
38311,35.441131,-88.103977,TN,Decatur,Bath Springs
38313,35.60398,-88.645457,TN,Madison,Beech Bluff
38314,35.57268,-88.8213,TN,Madison,Bemis
38314,35.57268,-88.8213,TN,Madison,Jackson
38315,35.225473,-88.661743,TN,McNairy,Bethel Spgs
38315,35.225473,-88.661743,TN,McNairy,Bethel Springs
38316,36.065895,-88.807989,TN,Gibson,Bradford
38317,36.038756,-88.246285,TN,Carroll,Bruceton
38318,35.937514,-88.270198,TN,Carroll,Buena Vista
38320,36.05848,-88.102425,TN,Benton,Camden
38321,35.861718,-88.520863,TN,Carroll,Cedar Grove
38324,35.862842,-88.379326,TN,Carroll,Clarksburg
38326,35.168761,-88.213907,TN,Hardin,Counce
38327,35.221868,-88.323878,TN,Hardin,Crump
38328,35.673536,-88.215747,TN,Henderson,Darden
38329,35.543475,-88.107852,TN,Decatur,Decaturville
38330,36.068208,-89.016996,TN,Gibson,Dyer
38331,35.972969,-89.133432,TN,Gibson,Eaton
38332,35.472931,-88.417941,TN,Chester,Enville
38333,36.114028,-87.995028,TN,Benton,Eva
38334,35.318925,-88.596816,TN,McNairy,Finger
38336,35.718807,-89.064976,TN,Crockett,Fruitvale
38337,35.772006,-88.988408,TN,Crockett,Gadsden
38338,35.870429,-88.84793,TN,Gibson,Gibson
38339,35.016979,-88.528146,TN,McNairy,Guys
38340,35.424648,-88.653725,TN,Chester,Henderson
38341,35.897318,-88.074904,TN,Benton,Holladay
38342,36.02787,-88.277775,TN,Carroll,Hollow Rock
38343,35.83759,-88.911952,TN,Gibson,Humboldt
38343,35.83759,-88.911952,TN,Gibson,Three Way
38344,35.99706,-88.4229,TN,Carroll,Huntingdon
38344,35.99706,-88.4229,TN,Carroll,Leach
38345,35.58678,-88.508713,TN,Henderson,Huron
38346,36.028634,-88.801305,TN,Gibson,Idlewild
38347,35.487538,-88.499439,TN,Chester,Jacks Creek
38348,35.864377,-88.649514,TN,Carroll,Lavinia
38351,35.658539,-88.400806,TN,Henderson,Lexington
38352,35.685659,-88.877568,TN,Chester,Luray
38355,35.761901,-88.78309,TN,Gibson,Medina
38356,35.468906,-88.895631,TN,Madison,Medon
38357,35.069645,-88.444749,TN,McNairy,Michie
38358,35.923931,-88.765013,TN,Gibson,Milan
38358,35.923931,-88.765013,TN,Gibson,Milan Army Ammunition Plant
38359,35.342148,-88.406142,TN,McNairy,Milledgeville
38361,35.309868,-88.287025,TN,Hardin,Morris Chapel
38362,35.721568,-88.77478,TN,Madison,Oakfield
38363,35.644216,-88.126023,TN,Decatur,Parsons
38365,35.036164,-88.288421,TN,Hardin,Pickwick Dam
38366,35.487021,-88.741874,TN,Madison,Pinson
38367,35.052884,-88.638071,TN,McNairy,Ramer
38368,35.512768,-88.355669,TN,Henderson,Reagan
38369,36.125967,-88.975445,TN,Gibson,Rutherford
38370,35.382497,-88.209373,TN,Hardin,Saltillo
38371,35.437411,-88.307156,TN,Henderson,Sardis
38372,35.226194,-88.233434,TN,Hardin,Savannah
38374,35.504287,-88.236798,TN,Decatur,Scotts Hill
38375,35.1537,-88.611,TN,McNairy,Lawton
38375,35.1537,-88.611,TN,McNairy,Selmer
38376,35.129598,-88.342137,TN,Hardin,Shiloh
38377,35.362195,-88.829203,TN,Hardeman,Silerton
38378,35.769058,-88.665436,TN,Madison,Spring Creek
38379,35.184702,-88.443973,TN,McNairy,Stantonville
38380,35.781661,-87.994033,TN,Decatur,Sugar Tree
38381,35.363456,-88.937564,TN,Hardeman,Toone
38382,35.973792,-88.968578,TN,Gibson,Trenton
38387,35.889982,-88.297478,TN,Carroll,Westport
38388,35.721022,-88.390326,TN,Henderson,Parker Crossroads
38388,35.721022,-88.390326,TN,Henderson,Parker Xroads
38388,35.721022,-88.390326,TN,Henderson,Wildersville
38389,36.077305,-89.060592,TN,Gibson,Yorkville
38390,35.865184,-88.379591,TN,Carroll,Yuma
38391,35.542234,-88.992348,TN,Madison,Denmark
38392,35.494613,-89.039633,TN,Madison,Mercer
38393,35.054641,-88.635842,TN,McNairy,Chewalla
38401,35.609931,-87.048941,TN,Maury,Columbia
38402,35.615211,-87.031789,TN,Maury,Columbia
38425,35.388057,-87.990069,TN,Wayne,Clifton
38449,35.080509,-86.889332,TN,Giles,Ardmore
38449,35.080509,-86.889332,TN,Giles,Dellrose
38450,35.150728,-87.703441,TN,Wayne,Collinwood
38451,35.462279,-86.991892,TN,Maury,Culleoka
38452,35.057191,-87.795538,TN,Wayne,Cypress Inn
38453,35.154174,-87.09031,TN,Lincoln,Ardmore
38453,35.154174,-87.09031,TN,Lincoln,Dellrose
38454,35.696303,-87.340851,TN,Hickman,Duck River
38455,35.083297,-86.888381,TN,Giles,Elkton
38456,35.323472,-87.305069,TN,Lawrence,Ethridge
38457,35.027318,-87.284586,TN,Lawrence,Five Points
38459,35.172609,-86.775948,TN,Lincoln,Frankewing
38460,35.126635,-87.143747,TN,Giles,Goodspring
38461,35.586677,-87.357491,TN,Maury,Hampshire
38462,35.553087,-87.546132,TN,Lewis,Hohenwald
38462,35.553087,-87.546132,TN,Lewis,Kimmins
38463,35.018253,-87.582288,TN,Lawrence,Iron City
38464,35.246888,-87.327981,TN,Lawrence,Lawrenceburg
38468,35.22973,-87.339983,TN,Lawrence,Leoma
38469,35.079612,-87.436064,TN,Lawrence,Loretto
38471,35.120142,-87.905568,TN,Wayne,Lutts
38472,35.387148,-86.996972,TN,Giles,Lynnville
38473,35.048358,-87.154937,TN,Giles,Minor Hill
38474,35.53687,-87.207199,TN,Maury,Mount Pleasant
38474,35.53687,-87.207199,TN,Maury,Mt Pleasant
38475,35.271532,-88.040542,TN,Hardin,Olivehill
38476,35.837001,-87.239841,TN,Williamson,Primm Springs
38477,35.051581,-87.009633,TN,Giles,Prospect
38478,35.190505,-87.02677,TN,Giles,Pulaski
38481,35.039736,-87.505697,TN,Lawrence,Saint Joseph
38481,35.039736,-87.505697,TN,Lawrence,St Joseph
38482,35.756828,-87.16711,TN,Maury,Santa Fe
38483,35.43301,-87.336384,TN,Lawrence,Summertown
38485,35.317202,-87.759589,TN,Wayne,Waynesboro
38486,35.154544,-87.533952,TN,Lawrence,Westpoint
38487,35.646374,-87.23431,TN,Maury,Williamsport
38488,35.051918,-86.68127,TN,Lincoln,Taft
38501,36.19962,-85.52274,TN,Putnam,Algood
38501,36.19962,-85.52274,TN,Putnam,Cookeville
38502,36.161052,-85.499438,TN,Putnam,Cookeville
38503,36.156672,-85.506357,TN,Putnam,Cookeville
38504,36.368347,-84.811613,TN,Fentress,Allardt
38505,36.182099,-85.461511,TN,Putnam,Cookeville
38506,36.146202,-85.52744,TN,Putnam,Cookeville
38506,36.146202,-85.52744,TN,Putnam,Cookevl
38506,36.146202,-85.52744,TN,Putnam,Cookevle
38541,36.49125,-85.317823,TN,Overton,Allons
38542,36.366955,-85.19445,TN,Overton,Allred
38543,36.366464,-85.148902,TN,Overton,Alpine
38544,36.156092,-85.640158,TN,Putnam,Baxter
38545,36.343846,-85.651469,TN,Putnam,Blmngton Spgs
38545,36.343846,-85.651469,TN,Putnam,Bloomington Springs
38547,36.125275,-86.0207,TN,Smith,Brush Creek
38548,36.182066,-85.756226,TN,Putnam,Buffalo Valley
38548,36.182066,-85.756226,TN,Putnam,Buffalo Vly
38549,36.573617,-85.140037,TN,Pickett,Byrdstown
38550,35.713,-85.603449,TN,Warren,Campaign
38551,36.619354,-85.431418,TN,Clay,Celina
38552,36.187343,-85.842629,TN,Smith,Chestnut Mnd
38552,36.187343,-85.842629,TN,Smith,Chestnut Mound
38553,36.217167,-84.966493,TN,Fentress,Clarkrange
38554,36.248188,-85.188903,TN,Overton,Crawford
38555,35.95122,-85.02978,TN,Cumberland,Crossville
38555,35.95122,-85.02978,TN,Cumberland,Fairfield
38555,35.95122,-85.02978,TN,Cumberland,Fairfield Glade
38555,35.95122,-85.02978,TN,Cumberland,Fairfld Glde
38556,36.411279,-84.937606,TN,Fentress,Jamestown
38557,35.978972,-84.970658,TN,Cumberland,Crossville
38558,35.951652,-85.022011,TN,Cumberland,Crossville
38558,35.951652,-85.022011,TN,Cumberland,Crossvl
38558,35.951652,-85.022011,TN,Cumberland,Crossvle
38558,35.951652,-85.022011,TN,Cumberland,Fairfield
38558,35.951652,-85.022011,TN,Cumberland,Fairfield Glade
38558,35.951652,-85.022011,TN,Cumberland,Fairfld Glade
38559,35.866079,-85.496926,TN,White,Doyle
38560,36.241881,-85.883125,TN,Smith,Elmwood
38562,36.357388,-85.653151,TN,Jackson,Gainesboro
38563,36.172586,-85.931293,TN,Smith,Gordonsville
38563,36.172586,-85.931293,TN,Smith,New Middleton
38564,36.280031,-85.746245,TN,Jackson,Granville
38565,36.255506,-85.030665,TN,Fentress,Grimsley
38567,36.106232,-85.908114,TN,Smith,Hickman
38568,36.403331,-85.439307,TN,Overton,Hilham
38569,36.09831,-85.847416,TN,Smith,Lancaster
38570,36.388366,-85.321465,TN,Overton,Livingston
38571,35.957067,-84.971996,TN,Cumberland,Crossville
38572,35.958592,-84.971393,TN,Cumberland,Crossville
38573,36.453959,-85.201425,TN,Overton,Monroe
38574,36.13853,-85.26596,TN,Putnam,Monterey
38575,36.599606,-85.688062,TN,Clay,Moss
38577,36.570466,-84.950492,TN,Fentress,Pall Mall
38578,35.981599,-85.202413,TN,Cumberland,Pleasant Hill
38579,35.834444,-85.548236,TN,White,Quebeck
38580,36.301898,-85.388794,TN,Overton,Rickman
38581,35.73084,-85.65018,TN,Warren,Bone Cave
38581,35.73084,-85.65018,TN,Warren,Rock Island
38582,36.10207,-85.749169,TN,Putnam,Silver Point
38583,35.931616,-85.469699,TN,White,Ravenscroft
38583,35.931616,-85.469699,TN,White,Riverwatch
38583,35.931616,-85.469699,TN,White,Sparta
38585,35.703319,-85.414206,TN,Van Buren,Spencer
38587,35.930222,-85.474463,TN,White,Walling
38588,36.48357,-85.707587,TN,Jackson,Whitleyville
38589,36.26719,-85.088335,TN,Overton,Wilder
