76544,31.16718,-97.7727,TX,Bell,Clear Creek
76544,31.16718,-97.7727,TX,Bell,Fort Hood
76544,31.16718,-97.7727,TX,Bell,Killeen
76544,31.16718,-97.7727,TX,Bell,McNair Village
76544,31.16718,-97.7727,TX,Bell,Montague Village
76545,31.11783,-97.728138,TX,Bell,Fort Hood 1st Cavlry Div
76545,31.11783,-97.728138,TX,Bell,Killeen
76546,31.118017,-97.727072,TX,Bell,Fort Hood 2nd Armrd Div
76546,31.118017,-97.727072,TX,Bell,Killeen
76547,31.118935,-97.726595,TX,Bell,Killeen
76548,31.116944,-97.7275,TX,Bell,Harker Heights
76548,31.116944,-97.7275,TX,Bell,Harker Hts
76548,31.116944,-97.7275,TX,Bell,Killeen
76549,31.119841,-97.72972,TX,Bell,Killeen
76550,31.066265,-98.180696,TX,Lampasas,Lake Victor
76550,31.066265,-98.180696,TX,Lampasas,Lampasas
76550,31.066265,-98.180696,TX,Lampasas,Naruna
76550,31.066265,-98.180696,TX,Lampasas,Nix
76550,31.066265,-98.180696,TX,Lampasas,Watson
76554,30.98862,-97.36578,TX,Bell,Academy
76554,30.98862,-97.36578,TX,Bell,Little River Academy
76554,30.98862,-97.36578,TX,Bell,Ltl Rvr Acad
76556,30.73578,-96.807,TX,Milam,Milano
76557,31.26978,-97.37952,TX,McLennan,Meador Grove
76557,31.26978,-97.37952,TX,McLennan,Moody
76557,31.26978,-97.37952,TX,McLennan,Stampede
76557,31.26978,-97.37952,TX,McLennan,White Hall
76557,31.26978,-97.37952,TX,McLennan,Whitson
76557,31.26978,-97.37952,TX,McLennan,Willow Grove
76558,31.307996,-97.569666,TX,Coryell,Mound
76559,31.077418,-97.601807,TX,Bell,Nolanville
76561,31.453052,-97.567079,TX,Coryell,Cavitt
76561,31.453052,-97.567079,TX,Coryell,Oglesby
76561,31.453052,-97.567079,TX,Coryell,Pecangrove
76564,31.156371,-97.255613,TX,Bell,Pendleton
76565,31.685832,-98.358306,TX,Hamilton,Pottsville
76566,31.466689,-97.904546,TX,Coryell,Purmela
76566,31.466689,-97.904546,TX,Coryell,South Purmela
76567,30.657577,-97.009947,TX,Milam,Minerva
76567,30.657577,-97.009947,TX,Milam,Praesel
76567,30.657577,-97.009947,TX,Milam,Rockdale
76567,30.657577,-97.009947,TX,Milam,Salty
76569,30.92633,-97.230983,TX,Bell,Edgeworth
76569,30.92633,-97.230983,TX,Bell,Leedale
76569,30.92633,-97.230983,TX,Bell,Red Ranger
76569,30.92633,-97.230983,TX,Bell,Rogers
76570,31.073808,-96.972971,TX,Falls,Baileyville
76570,31.073808,-96.972971,TX,Falls,Briary
76570,31.073808,-96.972971,TX,Falls,Cedar Springs
76570,31.073808,-96.972971,TX,Falls,New Clarkson
76570,31.073808,-96.972971,TX,Falls,Rosebud
76570,31.073808,-96.972971,TX,Falls,Terrys Chapel
76570,31.073808,-96.972971,TX,Falls,Wilderville
76570,31.073808,-96.972971,TX,Falls,Zipperlenville
76571,30.944482,-97.516912,TX,Bell,Prairie Dell
76571,30.944482,-97.516912,TX,Bell,Salado
76573,30.722403,-97.434814,TX,Williamson,Schwertner
76574,30.575729,-97.415968,TX,Williamson,Frame Switch
76574,30.575729,-97.415968,TX,Williamson,Hare
76574,30.575729,-97.415968,TX,Williamson,Hoxie
76574,30.575729,-97.415968,TX,Williamson,Laneport
76574,30.575729,-97.415968,TX,Williamson,Noack
76574,30.575729,-97.415968,TX,Williamson,Normans Crossing
76574,30.575729,-97.415968,TX,Williamson,Rices Crossing
76574,30.575729,-97.415968,TX,Williamson,Sandoval
76574,30.575729,-97.415968,TX,Williamson,Taylor
76574,30.575729,-97.415968,TX,Williamson,Waterloo
76577,30.60744,-97.17672,TX,Milam,Detmold
76577,30.60744,-97.17672,TX,Milam,Gano
76577,30.60744,-97.17672,TX,Milam,Lilac
76577,30.60744,-97.17672,TX,Milam,Nile
76577,30.60744,-97.17672,TX,Milam,San Gabriel
76577,30.60744,-97.17672,TX,Milam,Thorndale
76578,30.588909,-97.293903,TX,Williamson,Thrall
76579,31.204456,-97.308221,TX,Bell,Belfalls
76579,31.204456,-97.308221,TX,Bell,Troy
76596,31.489084,-97.737219,TX,Coryell,Gatesville
76596,31.489084,-97.737219,TX,Coryell,Lane Murray Prison
76597,31.434052,-97.746657,TX,Coryell,Alfred P Hughes Unit
76597,31.434052,-97.746657,TX,Coryell,Gatesville
76598,31.445596,-97.743272,TX,Coryell,Gatesville
76598,31.445596,-97.743272,TX,Coryell,Hilltop Unit Tdc
76599,31.47463,-97.739824,TX,Coryell,Gatesville
76599,31.47463,-97.739824,TX,Coryell,Gatesville Facility Tdc
76621,31.90008,-97.07418,TX,Hill,Abbott
76621,31.90008,-97.07418,TX,Hill,Menlow
76622,31.868513,-97.206051,TX,Hill,Aquilla
76623,32.309699,-96.795874,TX,Ellis,Avalon
76624,31.6731,-96.98178,TX,McLennan,Axtell
76624,31.6731,-96.98178,TX,McLennan,Billington
76624,31.6731,-96.98178,TX,McLennan,Elk
76626,32.093811,-96.720007,TX,Navarro,Blooming Grove
76626,32.093811,-96.720007,TX,Navarro,Blooming Grv
76627,32.105518,-97.378381,TX,Hill,Blum
76628,32.047616,-97.103411,TX,Hill,Brandon
76629,31.1493,-96.67632,TX,Robertson,Bremond
76629,31.1493,-96.67632,TX,Robertson,Hammond
76629,31.1493,-96.67632,TX,Robertson,Petteway
76629,31.1493,-96.67632,TX,Robertson,Tidwell Prairie
76630,31.331159,-97.249823,TX,McLennan,Bruceville
76630,31.331159,-97.249823,TX,McLennan,Bruceville Eddy
76631,31.985653,-96.968659,TX,Hill,Bynum
76632,31.300172,-97.10983,TX,Falls,Chilton
76632,31.300172,-97.10983,TX,Falls,Mooresville
76632,31.300172,-97.10983,TX,Falls,North Prairie
76633,31.642621,-97.294158,TX,McLennan,China Spring
76634,31.8117,-97.49082,TX,Bosque,Clifton
76634,31.8117,-97.49082,TX,Bosque,Hurst Springs
76634,31.8117,-97.49082,TX,Bosque,Laguna Park
76634,31.8117,-97.49082,TX,Bosque,Lakewood Harbor
76634,31.8117,-97.49082,TX,Bosque,Norse
76634,31.8117,-97.49082,TX,Bosque,Smiths Bend
76634,31.8117,-97.49082,TX,Bosque,Womack
76635,31.7427,-96.67242,TX,Limestone,Coolidge
76635,31.7427,-96.67242,TX,Limestone,Echols
76635,31.7427,-96.67242,TX,Limestone,Mustang
76636,32.159516,-97.250808,TX,Hill,Covington
76637,31.78287,-97.766797,TX,Bosque,Cranfills Gap
76638,31.57164,-97.38222,TX,McLennan,Crawford
76638,31.57164,-97.38222,TX,McLennan,Ocee
76639,31.89312,-96.7041,TX,Navarro,Dawson
76639,31.89312,-96.7041,TX,Navarro,Springhill
76640,31.672519,-97.09784,TX,McLennan,Elm Mott
76641,32.029561,-96.778412,TX,Navarro,Emmett
76641,32.029561,-96.778412,TX,Navarro,Frost
76642,31.5462,-96.52908,TX,Limestone,Box Church
76642,31.5462,-96.52908,TX,Limestone,Groesbeck
76642,31.5462,-96.52908,TX,Limestone,Thelma
76643,31.460339,-97.196015,TX,McLennan,Hewitt
76644,31.858882,-97.376822,TX,Bosque,Clifton
76644,31.858882,-97.376822,TX,Bosque,Laguna Park
76645,32.01474,-97.10886,TX,Hill,Chat
76645,32.01474,-97.10886,TX,Hill,Hillsboro
76645,32.01474,-97.10886,TX,Hill,Lovelace
76645,32.01474,-97.10886,TX,Hill,Peoria
76645,32.01474,-97.10886,TX,Hill,Vaughan
76645,32.01474,-97.10886,TX,Hill,Winslow
76645,32.01474,-97.10886,TX,Hill,Woodbury
76648,31.846845,-96.799912,TX,Hill,Hubbard
76648,31.846845,-96.799912,TX,Hill,Pelham
76649,31.973779,-97.869839,TX,Bosque,Iredell
76650,31.989969,-96.871536,TX,Hill,Irene
76651,32.181612,-96.885798,TX,Ellis,Italy
76652,32.121465,-97.581963,TX,Bosque,Brazos Point
76652,32.121465,-97.581963,TX,Bosque,Eulogy
76652,32.121465,-97.581963,TX,Bosque,Kimball
76652,32.121465,-97.581963,TX,Bosque,Kopperl
76653,31.31478,-96.621,TX,Limestone,Alto Springs
76653,31.31478,-96.621,TX,Limestone,Denny
76653,31.31478,-96.621,TX,Limestone,Headsville
76653,31.31478,-96.621,TX,Limestone,Kosse
76654,31.655482,-96.979211,TX,McLennan,Leroy
76655,31.42212,-97.23792,TX,McLennan,Golinda
76655,31.42212,-97.23792,TX,McLennan,Levi
76655,31.42212,-97.23792,TX,McLennan,Lorena
76655,31.42212,-97.23792,TX,McLennan,Rosenthal
76656,31.076389,-97.109167,TX,Falls,Barclay
76656,31.076389,-97.109167,TX,Falls,Durango
76656,31.076389,-97.109167,TX,Falls,Goodville
76656,31.076389,-97.109167,TX,Falls,Lott
76656,31.076389,-97.109167,TX,Falls,Travis
76656,31.076389,-97.109167,TX,Falls,Westphalia
76657,31.438425,-97.399576,TX,McLennan,Mc Gregor
76657,31.438425,-97.399576,TX,McLennan,McGregor
76660,31.934685,-96.885797,TX,Hill,Malone
76661,31.310786,-96.891028,TX,Falls,Marlin
76661,31.310786,-96.891028,TX,Falls,McClanahan
76661,31.310786,-96.891028,TX,Falls,Rocky Hill
76664,31.548099,-96.837534,TX,McLennan,Ben Hur
76664,31.548099,-96.837534,TX,McLennan,Kirk
76664,31.548099,-96.837534,TX,McLennan,Mart
76664,31.548099,-96.837534,TX,McLennan,Watt
76665,31.9239,-97.656966,TX,Bosque,Meridian
76666,32.024409,-96.897306,TX,Hill,Mertens
76667,31.680599,-96.478818,TX,Limestone,Fallon
76667,31.680599,-96.478818,TX,Limestone,Forest Glade
76667,31.680599,-96.478818,TX,Limestone,Mexia
76667,31.680599,-96.478818,TX,Limestone,Point Enterprise
76667,31.680599,-96.478818,TX,Limestone,Prairie Grove
76667,31.680599,-96.478818,TX,Limestone,Shiloh
76670,32.142009,-96.958075,TX,Ellis,Iverson
76670,32.142009,-96.958075,TX,Ellis,Milford
76671,32.020833,-97.493611,TX,Bosque,Lakeside Village
76671,32.020833,-97.493611,TX,Bosque,Morgan
76671,32.020833,-97.493611,TX,Bosque,Poesville
76673,31.762263,-96.911319,TX,Hill,Birome
76673,31.762263,-96.911319,TX,Hill,Mount Calm
76676,31.855369,-96.943156,TX,Hill,Penelope
76678,31.651957,-96.786893,TX,Limestone,Prairie Hill
76679,31.949322,-96.573146,TX,Navarro,Jester
76679,31.949322,-96.573146,TX,Navarro,Navarro Mills
76679,31.949322,-96.573146,TX,Navarro,Purdon
76679,31.949322,-96.573146,TX,Navarro,Pursley
76679,31.949322,-96.573146,TX,Navarro,Silver City
76680,31.238487,-96.754011,TX,Falls,Eloise
76680,31.238487,-96.754011,TX,Falls,Reagan
76681,31.879527,-96.446943,TX,Navarro,Richland
76682,31.473889,-96.920114,TX,McLennan,Otto
76682,31.473889,-96.920114,TX,McLennan,Perry
76682,31.473889,-96.920114,TX,McLennan,Riesel
76684,31.669367,-97.100626,TX,McLennan,Ross
76685,31.29971,-97.11234,TX,Falls,Satin
76686,31.687428,-96.510048,TX,Limestone,Tehuacana
76687,31.402692,-96.489597,TX,Limestone,Bighill
76687,31.402692,-96.489597,TX,Limestone,Davis Prairie
76687,31.402692,-96.489597,TX,Limestone,Odds
76687,31.402692,-96.489597,TX,Limestone,Old Union
76687,31.402692,-96.489597,TX,Limestone,Oletha
76687,31.402692,-96.489597,TX,Limestone,Thornton
76689,31.67412,-97.5093,TX,Bosque,Mosheim
76689,31.67412,-97.5093,TX,Bosque,Valley Mills
76690,32.0649,-97.76358,TX,Bosque,Walnut Spgs
76690,32.0649,-97.76358,TX,Bosque,Walnut Springs
76691,31.77546,-97.10406,TX,McLennan,Rogers Hill
76691,31.77546,-97.10406,TX,McLennan,Tours
76691,31.77546,-97.10406,TX,McLennan,West
76692,31.950379,-97.316515,TX,Hill,Whitney
76693,31.784137,-96.463313,TX,Freestone,Currie
76693,31.784137,-96.463313,TX,Freestone,Wortham
76701,31.551963,-97.136548,TX,McLennan,Waco
76702,31.544973,-97.142627,TX,McLennan,Waco
76703,31.558118,-97.127509,TX,McLennan,Waco
76704,31.58208,-97.125,TX,McLennan,Bellmead
76704,31.58208,-97.125,TX,McLennan,Waco
76705,31.57938,-97.13568,TX,McLennan,Bellmead
76705,31.57938,-97.13568,TX,McLennan,Gholson
76705,31.57938,-97.13568,TX,McLennan,Hallsburg
76705,31.57938,-97.13568,TX,McLennan,Lacy Lakeview
76705,31.57938,-97.13568,TX,McLennan,Northcrest
76705,31.57938,-97.13568,TX,McLennan,Waco
76706,31.48032,-97.11588,TX,McLennan,Robinson
76706,31.48032,-97.11588,TX,McLennan,Waco
76707,31.554463,-97.158932,TX,McLennan,Waco
76708,31.6095,-97.21344,TX,McLennan,Bosqueville
76708,31.6095,-97.21344,TX,McLennan,Rock Creek
76708,31.6095,-97.21344,TX,McLennan,Waco
76710,31.54176,-97.1847,TX,McLennan,Speegleville
76710,31.54176,-97.1847,TX,McLennan,Waco
76711,31.512973,-97.16358,TX,McLennan,Beverly Hills
76711,31.512973,-97.16358,TX,McLennan,Waco
76712,31.491114,-97.225849,TX,McLennan,Waco
76712,31.491114,-97.225849,TX,McLennan,Woodway
76714,31.528528,-97.19454,TX,McLennan,Waco
76715,31.603053,-97.081317,TX,McLennan,Waco
76716,31.456986,-97.096657,TX,McLennan,Waco
76795,31.568647,-97.183437,TX,McLennan,Waco
76795,31.568647,-97.183437,TX,McLennan,Word Record Bus Reply
76797,31.532449,-97.190218,TX,McLennan,Amer Income Life Ins
76797,31.532449,-97.190218,TX,McLennan,Waco
76798,31.45549,-97.098132,TX,McLennan,Waco
76799,31.531269,-97.19223,TX,McLennan,V A Regional Office
76799,31.531269,-97.19223,TX,McLennan,Waco
76801,31.6887,-98.96772,TX,Brown,Brownwood
76801,31.6887,-98.96772,TX,Brown,Grosvenor
76801,31.6887,-98.96772,TX,Brown,Indian Creek
76801,31.6887,-98.96772,TX,Brown,Lake Brownwood
76801,31.6887,-98.96772,TX,Brown,Lake Shore
76801,31.6887,-98.96772,TX,Brown,Shamrock Shores
76801,31.6887,-98.96772,TX,Brown,Thrifty
76802,31.753994,-98.924325,TX,Brown,Brownwood
76802,31.753994,-98.924325,TX,Brown,Early
76803,31.717112,-98.976776,TX,Brown,Brownwood
76804,31.605035,-99.017479,TX,Brown,Brownwood
76820,30.773207,-99.068384,TX,Mason,Art
76821,31.73412,-99.9615,TX,Runnels,Ballinger
76821,31.73412,-99.9615,TX,Runnels,Bethel
76821,31.73412,-99.9615,TX,Runnels,Blanton
76821,31.73412,-99.9615,TX,Runnels,Pony
76823,31.715094,-99.126441,TX,Brown,Bangs
76824,31.083168,-98.500007,TX,San Saba,Bend
76825,31.39071,-99.38431,TX,McCulloch,Brady
76825,31.39071,-99.38431,TX,McCulloch,Calf Creek
76825,31.39071,-99.38431,TX,McCulloch,Fife
76825,31.39071,-99.38431,TX,McCulloch,Katemcy
76827,31.519708,-99.137923,TX,Brown,Brookesmith
76828,32.008116,-99.31107,TX,Coleman,Burkett
76831,30.694716,-98.923327,TX,Llano,Castell
76832,30.976993,-98.713025,TX,San Saba,Cherokee
76834,31.8336,-99.4155,TX,Coleman,Coleman
76834,31.8336,-99.4155,TX,Coleman,Echo
76834,31.8336,-99.4155,TX,Coleman,Fisk
76834,31.8336,-99.4155,TX,Coleman,Mozelle
76834,31.8336,-99.4155,TX,Coleman,Silver Valley
76836,31.415361,-99.551339,TX,McCulloch,Doole
76837,31.213843,-99.833002,TX,Concho,Eden
76841,30.930384,-99.828136,TX,Menard,Fort Mc Kavett
76841,30.930384,-99.828136,TX,Menard,Fort McKavett
76842,30.914652,-99.13844,TX,Mason,Fredonia
76844,31.4388,-98.57514,TX,Mills,Caradan
76844,31.4388,-98.57514,TX,Mills,Goldthwaite
76845,31.513687,-99.531879,TX,Coleman,Gouldbusk
76848,30.882662,-99.543216,TX,Menard,Hext
76849,30.46284,-99.71004,TX,Kimble,Junction
76849,30.46284,-99.71004,TX,Kimble,Segovia
76852,31.340312,-99.380947,TX,McCulloch,Lohn
76852,31.340312,-99.380947,TX,McCulloch,Pear Valley
76852,31.340312,-99.380947,TX,McCulloch,Waldrip
76853,31.20997,-98.398425,TX,Lampasas,Lometa
76853,31.20997,-98.398425,TX,Lampasas,Scallorn
76854,30.624246,-99.65854,TX,Kimble,London
76855,31.44989,-100.059135,TX,Concho,Lowake
76856,30.7371,-99.2274,TX,Mason,Mason
76856,30.7371,-99.2274,TX,Mason,Streeter
76857,31.977693,-98.996483,TX,Brown,May
76858,31.140851,-99.521319,TX,McCulloch,Melvin
76859,30.908626,-99.787372,TX,Menard,Menard
76861,31.595322,-100.184718,TX,Runnels,Miles
76862,31.45021,-99.708549,TX,Concho,Millersview
76864,31.572787,-98.700643,TX,Mills,Mullin
76865,31.888355,-100.132829,TX,Runnels,Norton
76866,31.499721,-99.896856,TX,Concho,Paint Rock
76869,30.875755,-99.020982,TX,Mason,Pontotoc
76870,31.691993,-98.504331,TX,Mills,Priddy
76871,31.304072,-98.817416,TX,San Saba,Richland Spgs
76871,31.304072,-98.817416,TX,San Saba,Richland Springs
76872,31.328255,-99.142167,TX,McCulloch,Rochelle
76873,31.488285,-99.372601,TX,Coleman,Rockwood
76874,30.547687,-99.958726,TX,Kimble,Roosevelt
76875,31.636478,-99.966581,TX,Runnels,Rowena
76877,31.19561,-98.725363,TX,San Saba,Algerita
76877,31.19561,-98.725363,TX,San Saba,Harkeyville
76877,31.19561,-98.725363,TX,San Saba,San Saba
76878,31.49038,-99.30694,TX,Coleman,Santa Anna
76878,31.49038,-99.30694,TX,Coleman,Whon
76880,31.479071,-98.414538,TX,Mills,Star
76882,31.779442,-99.663049,TX,Coleman,Talpa
76883,30.336485,-99.983284,TX,Edwards,Telegraph
76884,31.772003,-99.543672,TX,Coleman,Valera
76885,30.838374,-98.843426,TX,Llano,Valley Spring
76886,31.352852,-100.495041,TX,Tom Green,Veribest
76887,30.984719,-99.147972,TX,McCulloch,Voca
76888,31.567778,-99.672778,TX,Coleman,Leaday
76888,31.567778,-99.672778,TX,Coleman,Valera
76888,31.567778,-99.672778,TX,Coleman,Voss
76890,31.654972,-98.832717,TX,Brown,Zephyr
76901,31.465353,-100.493525,TX,Tom Green,Grape Creek
76901,31.465353,-100.493525,TX,Tom Green,San Angelo
76902,31.453553,-100.424771,TX,Tom Green,San Angelo
76903,31.467826,-100.436224,TX,Tom Green,San Angelo
76904,31.418391,-100.478565,TX,Tom Green,San Angelo
76905,31.463731,-100.392259,TX,Tom Green,San Angelo
76906,31.46009,-100.436751,TX,Tom Green,San Angelo
76908,31.387191,-100.562725,TX,Tom Green,Goodfellow AFB
76908,31.387191,-100.562725,TX,Tom Green,Goodfelow AFB
76908,31.387191,-100.562725,TX,Tom Green,San Angelo
76909,31.446944,-100.450967,TX,Tom Green,Angelo State University
76909,31.446944,-100.450967,TX,Tom Green,San Angelo
76930,31.190776,-101.192246,TX,Irion,Barnhart
76932,31.212019,-101.46334,TX,Reagan,Best
76932,31.212019,-101.46334,TX,Reagan,Big Lake
76932,31.212019,-101.46334,TX,Reagan,Texon
76933,31.886888,-100.294029,TX,Coke,Bronte
76934,31.591803,-100.711528,TX,Tom Green,Carlsbad
76935,31.198516,-100.534953,TX,Tom Green,Christoval
76936,30.861414,-100.591893,TX,Schleicher,Eldorado
76936,30.861414,-100.591893,TX,Schleicher,Eldorado AFS
76937,31.450555,-100.058489,TX,Concho,Eola
76939,31.267109,-100.624006,TX,Tom Green,Knickerbocker
76940,31.487707,-100.181602,TX,Tom Green,Mereta
76941,31.29168,-100.86018,TX,Irion,Mertzon
76941,31.29168,-100.86018,TX,Irion,Sherwood
76943,30.71096,-101.211744,TX,Crockett,Ozona
76945,31.896228,-100.482117,TX,Coke,Robert Lee
76949,32.041663,-100.681797,TX,Coke,Silver
76950,30.568862,-100.642173,TX,Sutton,Sonora
76951,31.836769,-100.98102,TX,Sterling,Sterling City
76953,31.739252,-100.288223,TX,Coke,Tennyson
76955,31.223551,-100.208379,TX,Tom Green,Vancourt
76957,31.31522,-100.334746,TX,Tom Green,Wall
76958,31.66677,-100.716389,TX,Tom Green,Water Valley
77001,29.720395,-95.222061,TX,Harris,Houston
77002,29.757918,-95.361884,TX,Harris,Clutch City
77002,29.757918,-95.361884,TX,Harris,Houston
77003,29.749706,-95.346364,TX,Harris,Houston
77004,29.728205,-95.366222,TX,Harris,Houston
77005,29.718966,-95.421416,TX,Harris,Houston
77005,29.718966,-95.421416,TX,Harris,Southside Place
77005,29.718966,-95.421416,TX,Harris,W Univ Pl
77005,29.718966,-95.421416,TX,Harris,West University Place
77006,29.742676,-95.390925,TX,Harris,Houston
77007,29.772971,-95.402249,TX,Harris,Houston
77008,29.796325,-95.417235,TX,Harris,Heights
77008,29.796325,-95.417235,TX,Harris,Houston
77008,29.796325,-95.417235,TX,Harris,Houston Heights
77009,29.796922,-95.368503,TX,Harris,Houston
77010,29.754759,-95.361326,TX,Harris,Houston
77011,29.742104,-95.305993,TX,Harris,Houston
77012,29.718212,-95.201945,TX,Harris,Houston
77013,29.795292,-95.23979,TX,Harris,Houston
77014,29.981923,-95.468159,TX,Harris,Houston
77015,29.770126,-95.173187,TX,Harris,Cloverleaf
77015,29.770126,-95.173187,TX,Harris,Greens Bayou
77015,29.770126,-95.173187,TX,Harris,Houston
77016,29.856433,-95.303513,TX,Harris,Houston
77017,29.681768,-95.258078,TX,Harris,Houston
77018,29.827979,-95.426715,TX,Harris,Houston
77019,29.754852,-95.415733,TX,Harris,Houston
77020,29.772705,-95.312443,TX,Harris,Houston
77021,29.698994,-95.355219,TX,Harris,Houston
77022,29.829065,-95.374595,TX,Harris,Houston
77023,29.722464,-95.322941,TX,Harris,Houston
77024,29.76444,-95.50962,TX,Harris,Bunker Hill Village
77024,29.76444,-95.50962,TX,Harris,Hedwig Village
77024,29.76444,-95.50962,TX,Harris,Houston
77024,29.76444,-95.50962,TX,Harris,Hunters Creek Village
77024,29.76444,-95.50962,TX,Harris,Memorial Park
77024,29.76444,-95.50962,TX,Harris,Piney Point
77024,29.76444,-95.50962,TX,Harris,Spring Valley
77025,29.690087,-95.433831,TX,Harris,Astrodome
77025,29.690087,-95.433831,TX,Harris,Astroworld
77025,29.690087,-95.433831,TX,Harris,Houston
77026,29.791713,-95.332479,TX,Harris,Houston
77027,29.738237,-95.446438,TX,Harris,Houston
77028,29.826296,-95.287438,TX,Harris,Houston
77028,29.826296,-95.287438,TX,Harris,Sheldon
77029,29.767222,-95.233611,TX,Harris,Houston
77030,29.70926,-95.400851,TX,Harris,Houston
77030,29.70926,-95.400851,TX,Harris,V A Hospital
77031,29.655163,-95.546135,TX,Harris,Houston
77032,29.940786,-95.345853,TX,Harris,Houston
77033,29.663012,-95.339493,TX,Harris,Houston
77034,29.612502,-95.2009,TX,Harris,Houston
77035,29.651703,-95.479871,TX,Harris,Houston
77036,29.701008,-95.536659,TX,Harris,Houston
77036,29.701008,-95.536659,TX,Harris,Sharpstown
77037,29.888126,-95.390473,TX,Harris,Houston
77038,29.917841,-95.439728,TX,Harris,Houston
77039,29.909223,-95.334826,TX,Harris,Aldine
77039,29.909223,-95.334826,TX,Harris,Houston
77040,29.89416,-95.57934,TX,Harris,Bammel
77040,29.89416,-95.57934,TX,Harris,Houston
77040,29.89416,-95.57934,TX,Harris,Jersey Village
77040,29.89416,-95.57934,TX,Harris,Jersey Vlg
77040,29.89416,-95.57934,TX,Harris,Kohrville
77040,29.89416,-95.57934,TX,Harris,Satsuma
77041,29.857122,-95.572778,TX,Harris,Houston
77041,29.857122,-95.572778,TX,Harris,Jersey Village
77041,29.857122,-95.572778,TX,Harris,Jersey Vlg
77042,29.746724,-95.559671,TX,Harris,Houston
77043,29.804733,-95.560006,TX,Harris,Houston
77044,29.899678,-95.180002,TX,Harris,Houston
77045,29.632758,-95.42406,TX,Harris,Houston
77045,29.632758,-95.42406,TX,Harris,Trammells
77046,29.73738,-95.393776,TX,Harris,Greenway Plaza
77046,29.73738,-95.393776,TX,Harris,Houston
77047,29.604738,-95.386165,TX,Harris,Houston
77048,29.620649,-95.330504,TX,Harris,Houston
77049,29.836704,-95.149474,TX,Harris,Houston
77050,29.899585,-95.270162,TX,Harris,Houston
77051,29.651308,-95.379997,TX,Harris,Houston
77052,29.756932,-95.358959,TX,Harris,Houston
77053,29.59564,-95.454151,TX,Fort Bend,Houston
77054,29.682326,-95.40041,TX,Harris,Gridiron
77054,29.682326,-95.40041,TX,Harris,Houston
77055,29.797867,-95.497137,TX,Harris,Hilshire Village
77055,29.797867,-95.497137,TX,Harris,Houston
77056,29.748168,-95.467449,TX,Harris,Houston
77057,29.745957,-95.490821,TX,Harris,Houston
77058,29.553866,-95.095044,TX,Harris,Clear Lake City
77058,29.553866,-95.095044,TX,Harris,Houston
77058,29.553866,-95.095044,TX,Harris,Lyndon B Johnson Space Cen
77058,29.553866,-95.095044,TX,Harris,Nassau Bay
77059,29.608785,-95.114041,TX,Harris,Houston
77060,29.926865,-95.395351,TX,Harris,Houston
77061,29.659716,-95.284114,TX,Harris,Houston
77062,29.577603,-95.138853,TX,Harris,Houston
77063,29.73219,-95.521538,TX,Harris,Houston
77064,29.917765,-95.555032,TX,Harris,Houston
77065,29.930003,-95.605601,TX,Harris,Houston
77065,29.930003,-95.605601,TX,Harris,Jersey Village
77065,29.930003,-95.605601,TX,Harris,Jersey Vlg
77066,29.958349,-95.50021,TX,Harris,Houston
77067,29.954058,-95.455417,TX,Harris,Houston
77068,30.002024,-95.486495,TX,Harris,Houston
77069,29.985545,-95.522847,TX,Harris,Houston
77070,29.972794,-95.577432,TX,Harris,Houston
77071,29.645598,-95.523668,TX,Harris,Houston
77072,29.697439,-95.587015,TX,Harris,Houston
77073,30.005562,-95.399856,TX,Harris,Houston
77074,29.678125,-95.519229,TX,Harris,Houston
77075,29.620035,-95.268602,TX,Harris,Houston
77076,29.859606,-95.384462,TX,Harris,Houston
77077,29.750197,-95.611073,TX,Harris,Houston
77078,29.858532,-95.255477,TX,Harris,Houston
77079,29.781784,-95.602535,TX,Harris,Addicks
77079,29.781784,-95.602535,TX,Harris,Houston
77080,29.81684,-95.522482,TX,Harris,Houston
77081,29.713931,-95.479494,TX,Harris,Houston
77082,29.720866,-95.627625,TX,Harris,Houston
77083,29.690885,-95.651136,TX,Harris,Houston
77084,29.82114,-95.640017,TX,Harris,Addicks Barker
77084,29.82114,-95.640017,TX,Harris,Houston
77085,29.623765,-95.493777,TX,Harris,Houston
77086,29.921015,-95.493478,TX,Harris,Houston
77087,29.682888,-95.30484,TX,Harris,Houston
77088,29.880263,-95.453243,TX,Harris,Houston
77089,29.586462,-95.220419,TX,Harris,Houston
77090,30.011863,-95.446521,TX,Harris,Houston
77091,29.853167,-95.436756,TX,Harris,Houston
77092,29.83355,-95.473861,TX,Harris,Houston
77093,29.86261,-95.339011,TX,Harris,Houston
77094,29.757352,-95.680631,TX,Harris,Houston
77095,29.906371,-95.655232,TX,Harris,Houston
77096,29.671906,-95.479578,TX,Harris,Houston
77097,29.765688,-95.361916,TX,Harris,Houston
77098,29.736613,-95.41868,TX,Harris,Houston
77099,29.670332,-95.586361,TX,Harris,Houston
77201,29.763934,-95.363754,TX,Harris,Houston
77201,29.763934,-95.363754,TX,Harris,U S P S Official
77202,29.758072,-95.36555,TX,Harris,Houston
77203,29.758943,-95.367728,TX,Harris,Houston
77204,29.765745,-95.389271,TX,Harris,Houston
77204,29.765745,-95.389271,TX,Harris,University of Houston
77205,29.955096,-95.335741,TX,Harris,Houston
77206,29.827129,-95.426254,TX,Harris,Houston
77207,29.687816,-95.301088,TX,Harris,Houston
77208,29.758968,-95.36594,TX,Harris,Houston
77209,29.620069,-95.190018,TX,Harris,Ellington Field
77209,29.620069,-95.190018,TX,Harris,Houston
77210,29.757742,-95.363878,TX,Harris,Houston
77212,29.763737,-95.365297,TX,Harris,Chase Bank
77212,29.763737,-95.365297,TX,Harris,Houston
77213,29.794698,-95.240665,TX,Harris,Houston
77215,29.736504,-95.521168,TX,Harris,Houston
77216,29.615732,-95.216522,TX,Harris,Chase Bank Texas
77216,29.615732,-95.216522,TX,Harris,Houston
77217,29.702057,-95.266235,TX,Harris,Houston
77218,29.828144,-95.653044,TX,Harris,Houston
77219,29.75716,-95.411957,TX,Harris,Houston
77220,29.772371,-95.31509,TX,Harris,Houston
77221,29.701556,-95.352515,TX,Harris,Houston
77222,29.829642,-95.372234,TX,Harris,Houston
77223,29.727156,-95.320928,TX,Harris,Houston
77224,29.771587,-95.516816,TX,Harris,Houston
77224,29.771587,-95.516816,TX,Harris,Memorial Park
77225,29.693106,-95.416462,TX,Harris,Houston
77226,29.801613,-95.328864,TX,Harris,Houston
77227,29.736978,-95.447271,TX,Harris,Houston
77228,29.874659,-95.260396,TX,Harris,Houston
77229,29.764959,-95.269432,TX,Harris,Houston
77230,29.698082,-95.384159,TX,Harris,Astrodome
77230,29.698082,-95.384159,TX,Harris,Houston
77231,29.654326,-95.475403,TX,Harris,Houston
77233,29.655059,-95.358217,TX,Harris,Houston
77234,29.618205,-95.19113,TX,Harris,Houston
77235,29.654102,-95.481116,TX,Harris,Houston
77236,29.707243,-95.497967,TX,Harris,Houston
77237,29.734098,-95.498638,TX,Harris,Houston
77238,29.920983,-95.443148,TX,Harris,Houston
77240,29.876306,-95.525353,TX,Harris,Houston
77241,29.858836,-95.537055,TX,Harris,Houston
77242,29.732567,-95.559784,TX,Harris,Houston
77243,29.796788,-95.491971,TX,Harris,Houston
77244,29.77755,-95.603263,TX,Harris,Houston
77245,29.640355,-95.435857,TX,Harris,Houston
77246,29.640355,-95.435857,TX,Harris,Houston
77247,29.640355,-95.435857,TX,Harris,Houston
77248,29.799923,-95.417313,TX,Harris,Houston
77249,29.804629,-95.375621,TX,Harris,Houston
77250,29.7631,-95.3631,TX,Harris,Houston
77251,29.702599,-95.538992,TX,Harris,Houston
77252,29.759003,-95.366897,TX,Harris,Houston
77253,29.756169,-95.368198,TX,Harris,Houston
77254,29.732223,-95.413869,TX,Harris,Houston
77255,29.804405,-95.49623,TX,Harris,Houston
77256,29.738334,-95.436312,TX,Harris,Houston
77257,29.74458,-95.486171,TX,Harris,Houston
77258,29.571123,-95.079244,TX,Harris,Houston
77258,29.571123,-95.079244,TX,Harris,Nassau Bay
77259,29.574345,-95.141093,TX,Harris,Houston
77260,29.7631,-95.3631,TX,Harris,Houston
77261,29.675671,-95.244406,TX,Harris,Houston
77262,29.723146,-95.27893,TX,Harris,Houston
77263,29.728564,-95.519201,TX,Harris,Houston
77265,29.71984,-95.430807,TX,Harris,Houston
77266,29.746626,-95.391501,TX,Harris,Houston
77267,29.953948,-95.444857,TX,Harris,Houston
77268,30.007153,-95.486701,TX,Harris,Houston
77269,29.978817,-95.568207,TX,Harris,Houston
77270,29.798454,-95.41901,TX,Harris,Houston
77271,29.659656,-95.526379,TX,Harris,Houston
77272,29.699844,-95.582693,TX,Harris,Houston
77273,30.000875,-95.398266,TX,Harris,Houston
77274,29.687989,-95.516437,TX,Harris,Houston
77275,29.757451,-95.366785,TX,Harris,Houston
77276,29.640355,-95.435857,TX,Harris,Houston
77277,29.716725,-95.42814,TX,Harris,Houston
77278,29.640355,-95.435857,TX,Harris,Houston
77279,29.768115,-95.510337,TX,Harris,Houston
77279,29.768115,-95.510337,TX,Harris,Memorial Park
77280,29.860314,-95.585484,TX,Harris,Houston
77282,29.745408,-95.613335,TX,Harris,Houston
77284,29.755455,-95.367866,TX,Harris,Houston
77285,29.640355,-95.435857,TX,Harris,Houston
77286,29.640355,-95.435857,TX,Harris,Houston
77287,29.674496,-95.247573,TX,Harris,Houston
77288,29.726969,-95.361707,TX,Harris,Houston
77289,29.606322,-95.128467,TX,Harris,Houston
77290,29.984528,-95.466634,TX,Harris,Houston
77291,29.872287,-95.415915,TX,Harris,Houston
77292,29.826185,-95.428773,TX,Harris,Houston
77293,29.861517,-95.343954,TX,Harris,Houston
77294,29.640355,-95.435857,TX,Harris,Houston
77296,29.640355,-95.435857,TX,Harris,Houston
77297,29.762572,-95.364143,TX,Harris,Chase Bank of TX
77297,29.762572,-95.364143,TX,Harris,Houston
77298,29.755794,-95.3597,TX,Harris,Houston
77298,29.755794,-95.3597,TX,Harris,Ncnb
77299,29.770633,-95.414819,TX,Harris,Houston
77299,29.770633,-95.414819,TX,Harris,Ncnb
77301,30.311394,-95.433846,TX,Montgomery,Beach
77301,30.311394,-95.433846,TX,Montgomery,Camp Strake
77301,30.311394,-95.433846,TX,Montgomery,Conroe
77301,30.311394,-95.433846,TX,Montgomery,Lakeland
77301,30.311394,-95.433846,TX,Montgomery,Tamina
77302,30.244988,-95.403556,TX,Montgomery,Conroe
77302,30.244988,-95.403556,TX,Montgomery,Grangerland
77303,30.36051,-95.414641,TX,Montgomery,Conroe
77303,30.36051,-95.414641,TX,Montgomery,Cut and Shoot
77304,30.34284,-95.47788,TX,Montgomery,Conroe
77304,30.34284,-95.47788,TX,Montgomery,Panorama Village
77304,30.34284,-95.47788,TX,Montgomery,Panorama Vlg
77305,30.322008,-95.462195,TX,Montgomery,Conroe
77306,30.32332,-95.471373,TX,Montgomery,Conroe
77306,30.32332,-95.471373,TX,Montgomery,Cut and Shoot
77315,29.929363,-95.317465,TX,Harris,North Houston
77316,30.321767,-95.68558,TX,Montgomery,Montgomery
77318,30.452396,-95.537675,TX,Montgomery,Panorama Village
77318,30.452396,-95.537675,TX,Montgomery,Willis
77320,30.81913,-95.578507,TX,Walker,Huntsville
77325,30.06828,-95.21628,TX,Harris,Humble
77325,30.06828,-95.21628,TX,Harris,Kingwood
77326,30.520029,-94.810503,TX,Polk,Ace
77327,30.33804,-95.02362,TX,Liberty,Clark
77327,30.33804,-95.02362,TX,Liberty,Cleveland
77327,30.33804,-95.02362,TX,Liberty,Evergreen
77327,30.33804,-95.02362,TX,Liberty,Everitt
77327,30.33804,-95.02362,TX,Liberty,Midline
77327,30.33804,-95.02362,TX,Liberty,North Cleveland
77327,30.33804,-95.02362,TX,Liberty,Plum Grove
77327,30.33804,-95.02362,TX,Liberty,Rayburn
77327,30.33804,-95.02362,TX,Liberty,Security
77327,30.33804,-95.02362,TX,Liberty,Tarkington Prairie
77328,30.341748,-95.086861,TX,Liberty,Cleveland
77331,30.59838,-95.11452,TX,San Jacinto,Camilla
77331,30.59838,-95.11452,TX,San Jacinto,Coldspring
77331,30.59838,-95.11452,TX,San Jacinto,Stephen Creek
77331,30.59838,-95.11452,TX,San Jacinto,Willow Springs
77332,30.626197,-94.630939,TX,Polk,Dallardsville
77333,30.367215,-95.772479,TX,Montgomery,Bobville
77333,30.367215,-95.772479,TX,Montgomery,Dobbin
77334,30.744321,-95.396593,TX,Walker,Dodge
77335,30.551965,-94.877464,TX,Polk,Goodrich
77336,30.043878,-95.101533,TX,Harris,Huffman
77337,30.122113,-95.593231,TX,Harris,Hufsmith
77337,30.122113,-95.593231,TX,Harris,Tomball
77338,30.003446,-95.277832,TX,Harris,Bordersville
77338,30.003446,-95.277832,TX,Harris,Humble
77339,30.0528,-95.22072,TX,Harris,Humble
77339,30.0528,-95.22072,TX,Harris,Kingwood
77340,30.6885,-95.57238,TX,Walker,Crabbs Prairie
77340,30.6885,-95.57238,TX,Walker,Huntsville
77340,30.6885,-95.57238,TX,Walker,Phelps
77341,30.714355,-95.543506,TX,Walker,Huntsville
77341,30.714355,-95.543506,TX,Walker,Sam Houston Sta University
77342,30.722392,-95.531478,TX,Walker,Huntsville
77343,30.722802,-95.548721,TX,Walker,Huntsville
77343,30.722802,-95.548721,TX,Walker,Tx State Prison
77344,30.722043,-95.552789,TX,Walker,Huntsville
77344,30.722043,-95.552789,TX,Walker,Tx State Prison
77345,30.055815,-95.169196,TX,Harris,Humble
77345,30.055815,-95.169196,TX,Harris,Kingwood
77346,30.033333,-95.25,TX,Harris,Atascocita
77346,30.033333,-95.25,TX,Harris,Humble
77346,30.033333,-95.25,TX,Harris,Kingwood
77347,29.991455,-95.251652,TX,Harris,Humble
77348,30.722858,-95.553325,TX,Walker,Huntsville
77348,30.722858,-95.553325,TX,Walker,Tx State Prison
77349,30.721806,-95.55114,TX,Walker,Huntsville
77349,30.721806,-95.55114,TX,Walker,Tx State Prison
77350,30.817983,-94.870287,TX,Polk,Leggett
77350,30.817983,-94.870287,TX,Polk,Seven Oaks
77351,30.57717,-94.68621,TX,Polk,Ala Coushatta Ind Res
77351,30.57717,-94.68621,TX,Polk,Livingston
77351,30.57717,-94.68621,TX,Polk,Segno
77353,30.21166,-95.75701,TX,Montgomery,Magnolia
77354,30.221346,-95.67672,TX,Montgomery,Magnolia
77355,30.151734,-95.743252,TX,Montgomery,Decker Prairie
77355,30.151734,-95.743252,TX,Montgomery,Magnolia
77356,30.457345,-95.673436,TX,Montgomery,Montgomery
77357,30.13446,-95.1807,TX,Montgomery,New Caney
77357,30.13446,-95.1807,TX,Montgomery,Roman Forest
77357,30.13446,-95.1807,TX,Montgomery,Woodbranch
77358,30.548896,-95.49357,TX,Walker,New Waverly
77359,30.699015,-95.300239,TX,San Jacinto,Oakhurst
77360,30.806106,-95.117992,TX,Polk,Onalaska
77362,30.1631,-95.682001,TX,Montgomery,Pinehurst
77363,30.269093,-95.86593,TX,Grimes,Plantersville
77364,30.767519,-95.251998,TX,San Jacinto,Pointblank
77365,30.105908,-95.260353,TX,Montgomery,Dogwood Acres
77365,30.105908,-95.260353,TX,Montgomery,Porter
77365,30.105908,-95.260353,TX,Montgomery,Sorters
77365,30.105908,-95.260353,TX,Montgomery,Timberlane Acres
77365,30.105908,-95.260353,TX,Montgomery,Woody Acres
77367,30.843263,-95.370764,TX,Walker,Riverside
77368,30.448695,-94.843557,TX,Liberty,Romayor
77369,30.450867,-94.765224,TX,Liberty,Rye
77371,30.479972,-94.991246,TX,San Jacinto,Shepherd
77372,30.220286,-95.158358,TX,Montgomery,Patton
77372,30.220286,-95.158358,TX,Montgomery,Splendora
77373,30.05463,-95.382975,TX,Harris,Rayford
77373,30.05463,-95.382975,TX,Harris,Spring
77374,30.397106,-94.629621,TX,Hardin,Thicket
77375,30.081648,-95.615932,TX,Harris,Rose Hill
77375,30.081648,-95.615932,TX,Harris,Tomball
77376,30.436867,-94.675073,TX,Hardin,Votaw
77377,30.098706,-95.614258,TX,Harris,Tomball
77378,30.417704,-95.408157,TX,Montgomery,Willis
77379,30.027227,-95.529294,TX,Harris,Klein
77379,30.027227,-95.529294,TX,Harris,Spring
77380,30.140487,-95.471451,TX,Montgomery,Shenandoah
77380,30.140487,-95.471451,TX,Montgomery,Spring
77380,30.140487,-95.471451,TX,Montgomery,The Woodlands
77381,30.16848,-95.48964,TX,Montgomery,Panther Creek
77381,30.16848,-95.48964,TX,Montgomery,Shenandoah
77381,30.16848,-95.48964,TX,Montgomery,Spring
77381,30.16848,-95.48964,TX,Montgomery,The Woodlands
77382,30.22938,-95.51082,TX,Montgomery,Panther Creek
77382,30.22938,-95.51082,TX,Montgomery,Spring
77382,30.22938,-95.51082,TX,Montgomery,The Woodlands
77383,30.074289,-95.42279,TX,Harris,Spring
77384,30.230149,-95.490453,TX,Montgomery,Conroe
77384,30.230149,-95.490453,TX,Montgomery,Shenandoah
77384,30.230149,-95.490453,TX,Montgomery,The Woodlands
77385,30.185643,-95.428944,TX,Montgomery,Conroe
77385,30.185643,-95.428944,TX,Montgomery,Shenandoah
77385,30.185643,-95.428944,TX,Montgomery,The Woodlands
77386,30.131735,-95.416441,TX,Montgomery,Spring
77386,30.131735,-95.416441,TX,Montgomery,The Woodlands
77387,30.077102,-95.417741,TX,Montgomery,Spring
77387,30.077102,-95.417741,TX,Montgomery,The Woodlands
77388,30.050527,-95.465969,TX,Harris,Spring
77389,30.0475,-95.532222,TX,Harris,Klein
77389,30.0475,-95.532222,TX,Harris,Spring
77391,30.021537,-95.569341,TX,Harris,Klein
77391,30.021537,-95.569341,TX,Harris,Spring
77393,30.175872,-95.504233,TX,Montgomery,Panther Creek
77393,30.175872,-95.504233,TX,Montgomery,Spring
77393,30.175872,-95.504233,TX,Montgomery,The Woodlands
77396,29.952397,-95.268704,TX,Harris,Humble
77399,30.713086,-94.935409,TX,Polk,Escapees
77399,30.713086,-94.935409,TX,Polk,Escapees Rv Club
77399,30.713086,-94.935409,TX,Polk,Livingston
77401,29.705063,-95.458755,TX,Harris,Bellaire
77402,29.706618,-95.475338,TX,Harris,Bellaire
77404,28.83214,-95.67105,TX,Matagorda,Bay City
77404,28.83214,-95.67105,TX,Matagorda,Sargent
77406,29.62271,-95.647993,TX,Fort Bend,Richmond
77410,29.972663,-95.696811,TX,Harris,Cypress
77411,29.730802,-95.592618,TX,Harris,Alief
77411,29.730802,-95.592618,TX,Harris,Howellville
77412,29.640974,-96.510571,TX,Colorado,Altair
77413,29.770634,-95.702302,TX,Harris,Barker
77414,28.963849,-95.94808,TX,Matagorda,Bay City
77414,28.963849,-95.94808,TX,Matagorda,Buckeye
77414,28.963849,-95.94808,TX,Matagorda,Cedar Lake
77414,28.963849,-95.94808,TX,Matagorda,Clemville
77414,28.963849,-95.94808,TX,Matagorda,Sargent
77415,28.945698,-95.735313,TX,Matagorda,Cedar Lane
77417,29.47458,-95.97132,TX,Fort Bend,Beasley
77418,29.98968,-96.25404,TX,Austin,Bellview
77418,29.98968,-96.25404,TX,Austin,Bellville
77418,29.98968,-96.25404,TX,Austin,Bellvue
77418,29.98968,-96.25404,TX,Austin,Buckhorn
77418,29.98968,-96.25404,TX,Austin,Burleigh
77418,29.98968,-96.25404,TX,Austin,Cochran
77418,29.98968,-96.25404,TX,Austin,Nelsonville
77418,29.98968,-96.25404,TX,Austin,Raccoon Bend
77419,28.851796,-96.229757,TX,Matagorda,Blessing
77420,29.26716,-95.94432,TX,Wharton,Boling
77420,29.26716,-95.94432,TX,Wharton,Iago
77422,29.043342,-95.567119,TX,Brazoria,Brazoria
77422,29.043342,-95.567119,TX,Brazoria,Old Brazoria
77422,29.043342,-95.567119,TX,Brazoria,Wild Peach Village
77423,29.79894,-95.962284,TX,Waller,Brookshire
77423,29.79894,-95.962284,TX,Waller,Pattison
77423,29.79894,-95.962284,TX,Waller,Sunny Side
77426,30.052487,-96.20676,TX,Washington,Chappell Hill
77428,28.723708,-96.176127,TX,Matagorda,Collegeport
77429,29.991106,-95.669038,TX,Harris,Cypress
77430,29.288027,-95.684691,TX,Brazoria,Damon
77431,29.169311,-95.811747,TX,Brazoria,Danciger
77432,29.078906,-96.175303,TX,Wharton,Danevang
77433,29.914176,-95.734253,TX,Harris,Cypress
77434,29.59128,-96.34044,TX,Colorado,Eagle Lake
77434,29.59128,-96.34044,TX,Colorado,Elm Grove
77435,29.527948,-96.061715,TX,Wharton,Chesterville
77435,29.527948,-96.061715,TX,Wharton,East Bernard
77435,29.527948,-96.061715,TX,Wharton,Tavener
77436,29.404861,-96.239193,TX,Wharton,Egypt
77437,29.198562,-96.272851,TX,Wharton,El Campo
77437,29.198562,-96.272851,TX,Wharton,Hillje
77437,29.198562,-96.272851,TX,Wharton,Jones Creek
77437,29.198562,-96.272851,TX,Wharton,New Taiton
77437,29.198562,-96.272851,TX,Wharton,Sandy Corner
77437,29.198562,-96.272851,TX,Wharton,Taiton
77437,29.198562,-96.272851,TX,Wharton,West End
77437,29.198562,-96.272851,TX,Wharton,West Payne
77440,28.831003,-96.120733,TX,Matagorda,Elmaton
77441,29.680355,-95.926739,TX,Fort Bend,Fulshear
77442,29.448898,-96.397286,TX,Colorado,Garwood
77443,29.344945,-96.19128,TX,Wharton,Glen Flora
77444,29.31218,-95.787708,TX,Fort Bend,Guy
77445,30.07212,-96.08124,TX,Waller,Hempstead
77445,30.07212,-96.08124,TX,Waller,Monaville
77446,30.081335,-95.992865,TX,Waller,Prairie View
77447,30.028362,-95.81942,TX,Harris,Hockley
77447,30.028362,-95.81942,TX,Harris,Hockley Mine
77448,29.310181,-96.097046,TX,Wharton,Hungerford
77449,29.819538,-95.75226,TX,Harris,Katy
77449,29.819538,-95.75226,TX,Harris,Park Row
77450,29.768276,-95.743065,TX,Harris,Katy
77450,29.768276,-95.743065,TX,Harris,Park Row
77451,29.447929,-96.001002,TX,Fort Bend,Kendleton
77451,29.447929,-96.001002,TX,Fort Bend,Powell Point
77452,30.046541,-96.319009,TX,Austin,Kenney
77453,29.21535,-96.019905,TX,Wharton,Haid
77453,29.21535,-96.019905,TX,Wharton,Lane City
77454,29.554125,-96.22632,TX,Wharton,Lissie
77455,29.16408,-96.4068,TX,Wharton,Louise
77455,29.16408,-96.4068,TX,Wharton,Provident City
77456,28.964731,-96.090617,TX,Matagorda,Markham
77457,28.696251,-95.970671,TX,Matagorda,Matagorda
77458,28.941692,-96.241579,TX,Matagorda,Midfield
77459,29.525902,-95.531735,TX,Fort Bend,Missouri City
77460,29.401396,-96.386737,TX,Colorado,Nada
77461,29.394555,-95.817313,TX,Fort Bend,Fairchilds
77461,29.394555,-95.817313,TX,Fort Bend,Long Point
77461,29.394555,-95.817313,TX,Fort Bend,Needville
77463,29.07739,-95.748242,TX,Brazoria,Old Ocean
77464,29.602928,-95.9654,TX,Fort Bend,Orchard
77465,28.709508,-96.218574,TX,Matagorda,Palacios
77466,29.815251,-95.987036,TX,Waller,Pattison
77467,29.236892,-96.198326,TX,Wharton,Pierce
77468,29.17845,-95.907313,TX,Matagorda,Pledger
77469,29.590019,-95.752785,TX,Fort Bend,Booth
77469,29.590019,-95.752785,TX,Fort Bend,Clodine
77469,29.590019,-95.752785,TX,Fort Bend,Crabb
77469,29.590019,-95.752785,TX,Fort Bend,Pleak
77469,29.590019,-95.752785,TX,Fort Bend,Richmond
77469,29.590019,-95.752785,TX,Fort Bend,Rosenberg
77470,29.53175,-96.574977,TX,Colorado,Rock Island
77471,29.55237,-95.852714,TX,Fort Bend,Rosenberg
77473,29.792743,-96.091014,TX,Austin,San Felipe
77474,29.783576,-96.158093,TX,Austin,Frydek
77474,29.783576,-96.158093,TX,Austin,Millheim
77474,29.783576,-96.158093,TX,Austin,Peters
77474,29.783576,-96.158093,TX,Austin,Sealy
77475,29.494031,-96.668751,TX,Colorado,Sheridan
77476,29.683333,-95.966667,TX,Fort Bend,Simonton
77476,29.683333,-95.966667,TX,Fort Bend,Valley Lodge
77477,29.621316,-95.562225,TX,Fort Bend,Meadows Place
77477,29.621316,-95.562225,TX,Fort Bend,Stafford
77478,29.627645,-95.635597,TX,Fort Bend,Sugar Land
77479,29.576266,-95.629289,TX,Fort Bend,Dewalt
77479,29.576266,-95.629289,TX,Fort Bend,Sugar Land
77480,29.059338,-95.705377,TX,Brazoria,Ashwood
77480,29.059338,-95.705377,TX,Brazoria,Sugar Valley
77480,29.059338,-95.705377,TX,Brazoria,Sweeny
77481,29.488833,-95.595741,TX,Fort Bend,Thompsons
77482,29.025542,-95.885096,TX,Matagorda,Van Vleck
77483,28.578493,-96.04494,TX,Matagorda,Wadsworth
77484,30.075392,-95.890763,TX,Harris,Waller
77485,29.605967,-96.028147,TX,Austin,Wallis
77486,29.14206,-95.66556,TX,Brazoria,East Columbia
77486,29.14206,-95.66556,TX,Brazoria,West Columbia
77487,29.618596,-95.636871,TX,Fort Bend,Sugar Land
77488,29.32968,-96.0612,TX,Wharton,Burr
77488,29.32968,-96.0612,TX,Wharton,Crescent
77488,29.32968,-96.0612,TX,Wharton,Dinsmore
77488,29.32968,-96.0612,TX,Wharton,Mackay
77488,29.32968,-96.0612,TX,Wharton,Magnet
77488,29.32968,-96.0612,TX,Wharton,Spanish Camp
77488,29.32968,-96.0612,TX,Wharton,Wharton
77489,29.596601,-95.516014,TX,Fort Bend,Missouri City
77491,29.786079,-95.82084,TX,Harris,Katy
77491,29.786079,-95.82084,TX,Harris,Park Row
77492,29.747025,-95.821656,TX,Harris,Katy
77493,29.810252,-95.806907,TX,Harris,Katy
77493,29.810252,-95.806907,TX,Harris,Park Row
77494,29.753968,-95.810176,TX,Fort Bend,Katy
77494,29.753968,-95.810176,TX,Fort Bend,Park Row
77496,29.620202,-95.637753,TX,Fort Bend,Sugar Land
77497,29.615581,-95.554671,TX,Fort Bend,Stafford
77501,29.684464,-95.1698,TX,Harris,Pasadena
77502,29.679942,-95.19844,TX,Harris,Pasadena
77503,29.691128,-95.162613,TX,Harris,Golden Acres
77503,29.691128,-95.162613,TX,Harris,Pasadena
77504,29.649003,-95.182296,TX,Harris,Pasadena
77505,29.654184,-95.149733,TX,Harris,Pasadena
77506,29.705414,-95.201839,TX,Harris,Pasadena
77507,29.625223,-95.057353,TX,Harris,Pasadena
77508,29.66381,-95.148185,TX,Harris,Pasadena
77510,29.372127,-95.087892,TX,Galveston,Alta Loma
77510,29.372127,-95.087892,TX,Galveston,Santa Fe
77511,29.4,-95.23944,TX,Brazoria,Alvin
77512,29.421732,-95.24786,TX,Brazoria,Alvin
77514,29.768783,-94.665834,TX,Chambers,Anahuac
77514,29.768783,-94.665834,TX,Chambers,Monroe City
77515,29.168122,-95.425065,TX,Brazoria,Anchor
77515,29.168122,-95.425065,TX,Brazoria,Angleton
77515,29.168122,-95.425065,TX,Brazoria,Baileys Prairie
77515,29.168122,-95.425065,TX,Brazoria,Bonney
77515,29.168122,-95.425065,TX,Brazoria,McBeth
77516,29.168838,-95.431359,TX,Brazoria,Angleton
77517,29.383481,-95.127808,TX,Galveston,Arcadia
77517,29.383481,-95.127808,TX,Galveston,Santa Fe
77518,29.503662,-94.988266,TX,Galveston,Bacliff
77519,30.232867,-94.603365,TX,Hardin,Batson
77520,29.77254,-94.94484,TX,Harris,Baytown
77520,29.77254,-94.94484,TX,Harris,Bayway
77520,29.77254,-94.94484,TX,Harris,Beach City
77520,29.77254,-94.94484,TX,Harris,Cedar Point
77520,29.77254,-94.94484,TX,Harris,Cove
77520,29.77254,-94.94484,TX,Harris,Garth
77520,29.77254,-94.94484,TX,Harris,Lakewood
77520,29.77254,-94.94484,TX,Harris,Lynchburg
77520,29.77254,-94.94484,TX,Harris,McNair
77520,29.77254,-94.94484,TX,Harris,Mont Belvieu
77520,29.77254,-94.94484,TX,Harris,Old River-Winfree
77520,29.77254,-94.94484,TX,Harris,Old Rvr-Wnfre
77520,29.77254,-94.94484,TX,Harris,Stewart Heights
77521,29.795863,-94.973054,TX,Harris,Baytown
77522,29.756389,-94.96837,TX,Harris,Baytown
77530,29.789616,-95.120167,TX,Harris,Channelview
77531,29.04606,-95.40216,TX,Brazoria,Clute
77531,29.04606,-95.40216,TX,Brazoria,Richwood
77532,29.925886,-95.070322,TX,Harris,Crosby
77533,30.115927,-94.643055,TX,Liberty,Daisetta
77534,29.224819,-95.335793,TX,Brazoria,Danbury
77535,29.99778,-94.91832,TX,Liberty,Dayton
77535,29.99778,-94.91832,TX,Liberty,Eastgate
77535,29.99778,-94.91832,TX,Liberty,Kenefick
77535,29.99778,-94.91832,TX,Liberty,Mont Belvieu
77535,29.99778,-94.91832,TX,Liberty,Old River-Winfree
77535,29.99778,-94.91832,TX,Liberty,Old Rvr-Wnfre
77536,29.696919,-95.112428,TX,Harris,Deer Park
77538,29.992347,-94.529977,TX,Liberty,Devers
77539,29.469,-95.01438,TX,Galveston,Dickinson
77539,29.469,-95.01438,TX,Galveston,San Leon
77541,28.95198,-95.36628,TX,Brazoria,Freeport
77541,28.95198,-95.36628,TX,Brazoria,Jones Creek
77541,28.95198,-95.36628,TX,Brazoria,Oyster Creek
77541,28.95198,-95.36628,TX,Brazoria,Quintana
77541,28.95198,-95.36628,TX,Brazoria,Surfside Bch
77541,28.95198,-95.36628,TX,Brazoria,Surfside Beach
77542,28.95116,-95.363282,TX,Brazoria,Freeport
77545,29.547428,-95.46898,TX,Fort Bend,Fresno
77546,29.517354,-95.201259,TX,Galveston,Friendswood
77547,29.739015,-95.234217,TX,Harris,Galena Park
77549,29.530347,-95.201732,TX,Galveston,Friendswood
77550,29.30124,-94.78842,TX,Galveston,Galveston
77550,29.30124,-94.78842,TX,Galveston,Island
77550,29.30124,-94.78842,TX,Galveston,Jamaica Beach
77550,29.30124,-94.78842,TX,Galveston,Virginia Point
77551,29.277415,-94.838382,TX,Galveston,Galveston
77552,29.280987,-94.815438,TX,Galveston,Galveston
77553,29.213993,-94.934063,TX,Galveston,Galveston
77554,29.207422,-94.965163,TX,Galveston,Galveston
77554,29.207422,-94.965163,TX,Galveston,Jamaica Beach
77554,29.207422,-94.965163,TX,Galveston,Tiki Island
77554,29.207422,-94.965163,TX,Galveston,West Galveston
77555,29.311767,-94.782331,TX,Galveston,Galveston
77555,29.311767,-94.782331,TX,Galveston,U of T Med Br at Galveston
77560,29.875851,-94.57842,TX,Chambers,Hankamer
77560,29.875851,-94.57842,TX,Chambers,Haukanier
77561,30.152624,-94.735691,TX,Liberty,Hardin
77562,29.819654,-95.046222,TX,Harris,Highlands
77563,29.342457,-95.001043,TX,Galveston,Bayou Vista
77563,29.342457,-95.001043,TX,Galveston,Hitchcock
77564,30.135928,-94.652305,TX,Liberty,Hull
77565,29.540679,-95.030712,TX,Galveston,Clear Lake Shores
77565,29.540679,-95.030712,TX,Galveston,Clear Lk Shrs
77565,29.540679,-95.030712,TX,Galveston,Kemah
77566,29.041532,-95.444189,TX,Brazoria,Lake Jackson
77566,29.041532,-95.444189,TX,Brazoria,Richwood
77568,29.365073,-94.974666,TX,Galveston,La Marque
77571,29.658283,-95.049187,TX,Harris,La Porte
77571,29.658283,-95.049187,TX,Harris,Lomax
77571,29.658283,-95.049187,TX,Harris,Morgans Point
77571,29.658283,-95.049187,TX,Harris,Shoreacres
77571,29.658283,-95.049187,TX,Harris,Sylvan Beach
77572,29.664261,-95.004094,TX,Harris,La Porte
77573,29.503872,-95.092521,TX,Galveston,League City
77574,29.513134,-95.058105,TX,Galveston,League City
77575,30.067839,-94.789652,TX,Liberty,Ames
77575,30.067839,-94.789652,TX,Liberty,Liberty
77575,30.067839,-94.789652,TX,Liberty,Moss Bluff
77575,30.067839,-94.789652,TX,Liberty,Moss Hill
77577,29.272215,-95.255614,TX,Brazoria,Liverpool
77578,29.478816,-95.352086,TX,Brazoria,Manvel
77580,29.873761,-94.855727,TX,Chambers,Mont Belvieu
77581,29.560076,-95.275452,TX,Brazoria,Brookside Village
77581,29.560076,-95.275452,TX,Brazoria,Brookside Vl
77581,29.560076,-95.275452,TX,Brazoria,Pearland
77582,30.041095,-94.674384,TX,Liberty,Raywood
77583,29.408146,-95.441666,TX,Brazoria,Arcola
77583,29.408146,-95.441666,TX,Brazoria,Iowa Colony
77583,29.408146,-95.441666,TX,Brazoria,Rosharon
77583,29.408146,-95.441666,TX,Brazoria,Sandy Point
77584,29.544998,-95.329534,TX,Brazoria,Pearland
77585,30.358816,-94.559529,TX,Hardin,Saratoga
77586,29.57712,-95.02122,TX,Harris,El Lago
77586,29.57712,-95.02122,TX,Harris,Seabrook
77586,29.57712,-95.02122,TX,Harris,Taylor Lake Village
77586,29.57712,-95.02122,TX,Harris,Taylor Lk Vlg
77586,29.57712,-95.02122,TX,Harris,Timber Cove
77586,29.57712,-95.02122,TX,Harris,Tod
77587,29.664258,-95.234301,TX,Harris,South Houston
77588,29.55315,-95.273774,TX,Brazoria,Pearland
77590,29.39692,-94.920831,TX,Galveston,Meskill
77590,29.39692,-94.920831,TX,Galveston,Texas City
77590,29.39692,-94.920831,TX,Galveston,West Texas City
77591,29.386598,-94.987485,TX,Galveston,Texas City
77591,29.386598,-94.987485,TX,Galveston,West Texas City
77592,29.508754,-95.145277,TX,Galveston,Texas City
77597,29.864771,-94.692485,TX,Chambers,Wallisville
77598,29.540073,-95.142762,TX,Harris,Fondren
77598,29.540073,-95.142762,TX,Harris,Webster
77611,30.029508,-93.839065,TX,Orange,Bridge City
77612,30.293933,-94.085399,TX,Jasper,Buna
77613,30.050864,-94.306407,TX,Jefferson,China
77614,30.493512,-93.745014,TX,Newton,Deweyville
77615,30.353312,-94.074008,TX,Jasper,Evadale
77616,30.608112,-94.186829,TX,Tyler,Fred
77617,29.511982,-94.490314,TX,Galveston,Caplen
77617,29.511982,-94.490314,TX,Galveston,Gilchrist
77619,29.942831,-93.913486,TX,Jefferson,Groves
77619,29.942831,-93.913486,TX,Jefferson,Steeltown
77622,29.879658,-94.31297,TX,Jefferson,Hamshire
77623,29.569042,-94.396675,TX,Galveston,High Island
77624,30.68346,-94.411035,TX,Tyler,Hillister
77625,30.3139,-94.284907,TX,Hardin,Honey Island
77625,30.3139,-94.284907,TX,Hardin,Kountze
77626,30.202072,-93.88464,TX,Orange,Mauriceville
77627,29.975858,-93.995675,TX,Jefferson,Nederland
77629,30.045115,-94.37432,TX,Jefferson,Nome
77630,30.081944,-93.758056,TX,Orange,Orange
77630,30.081944,-93.758056,TX,Orange,West Orange
77631,30.092765,-93.73204,TX,Orange,Orange
77632,30.16299,-93.783644,TX,Orange,Orange
77639,30.053212,-93.856171,TX,Orange,Orangefield
77640,29.895365,-93.955602,TX,Jefferson,Griffing
77640,29.895365,-93.955602,TX,Jefferson,Griffing Park
77640,29.895365,-93.955602,TX,Jefferson,Lakeview
77640,29.895365,-93.955602,TX,Jefferson,Pear Ridge
77640,29.895365,-93.955602,TX,Jefferson,Port Acres
77640,29.895365,-93.955602,TX,Jefferson,Port Arthur
77640,29.895365,-93.955602,TX,Jefferson,Pt Acres
77640,29.895365,-93.955602,TX,Jefferson,Sabine
77640,29.895365,-93.955602,TX,Jefferson,West Port Arthur
77641,29.792326,-93.934019,TX,Jefferson,Port Arthur
77642,29.920768,-93.931982,TX,Jefferson,Port Arthur
77643,29.90075,-93.931943,TX,Jefferson,Port Arthur
77650,29.449643,-94.635997,TX,Galveston,Bolivar
77650,29.449643,-94.635997,TX,Galveston,Crystal Beach
77650,29.449643,-94.635997,TX,Galveston,Port Bolivar
77651,29.980985,-93.961475,TX,Jefferson,Port Neches
77655,29.725616,-93.888258,TX,Jefferson,Sabine Pass
77656,30.319984,-94.189246,TX,Hardin,Silsbee
77657,30.249112,-94.191872,TX,Hardin,Beaumont
77657,30.249112,-94.191872,TX,Hardin,Lumberton
77659,30.1647,-94.35096,TX,Hardin,Grayburg
77659,30.1647,-94.35096,TX,Hardin,Sour Lake
77660,30.726667,-94.171785,TX,Tyler,Spurger
77661,29.788782,-94.382618,TX,Chambers,Figridge
77661,29.788782,-94.382618,TX,Chambers,Stowell
77662,30.145872,-94.010918,TX,Orange,Lakeview
77662,30.145872,-94.010918,TX,Orange,North Vidor
77662,30.145872,-94.010918,TX,Orange,Pine Forest
77662,30.145872,-94.010918,TX,Orange,Rose City
77662,30.145872,-94.010918,TX,Orange,Vidor
77663,30.5,-94.4,TX,Hardin,Village Mills
77663,30.5,-94.4,TX,Hardin,Wildwood
77664,30.636053,-94.381639,TX,Tyler,Warren
77665,29.797771,-94.35119,TX,Chambers,Winnie
77670,30.12173,-94.012004,TX,Orange,Vidor
77701,30.071367,-94.103219,TX,Jefferson,Beaumont
77702,30.085202,-94.133166,TX,Jefferson,Beaumont
77703,30.111926,-94.118168,TX,Jefferson,Beaumont
77704,30.072586,-94.103117,TX,Jefferson,Beaumont
77705,29.9694,-94.1553,TX,Jefferson,Beaumont
77705,29.9694,-94.1553,TX,Jefferson,Cheek
77705,29.9694,-94.1553,TX,Jefferson,Fannett
77706,30.094918,-94.167107,TX,Jefferson,Beaumont
77707,30.068757,-94.173922,TX,Jefferson,Beaumont
77707,30.068757,-94.173922,TX,Jefferson,Lamar University
77708,30.146229,-94.170262,TX,Jefferson,Beaumont
77709,30.174154,-94.197448,TX,Jefferson,Beaumont
77710,30.06887,-94.099348,TX,Jefferson,Beaumont
77713,30.146443,-94.222869,TX,Jefferson,Beaumont
77720,30.035549,-94.159229,TX,Jefferson,Beaumont
77725,30.087905,-94.101933,TX,Jefferson,Beaumont
77726,30.091114,-94.145957,TX,Jefferson,Beaumont
77801,30.88972,-96.29445,TX,Brazos,Benchley
77801,30.88972,-96.29445,TX,Brazos,Bryan
77801,30.88972,-96.29445,TX,Brazos,Edge
77801,30.88972,-96.29445,TX,Brazos,Law
77801,30.88972,-96.29445,TX,Brazos,Reliance
77801,30.88972,-96.29445,TX,Brazos,Steep Hollow
77801,30.88972,-96.29445,TX,Brazos,Tabor
77802,30.660096,-96.332343,TX,Brazos,Bryan
77803,30.681235,-96.376593,TX,Brazos,Bryan
77805,30.672945,-96.34302,TX,Brazos,Bryan
77806,30.675908,-96.368282,TX,Brazos,Bryan
77807,30.622933,-96.385176,TX,Brazos,Bryan
77808,30.704715,-96.335583,TX,Brazos,Bryan
77830,30.55632,-96.01908,TX,Grimes,Anderson
77830,30.55632,-96.01908,TX,Grimes,Carlos
77831,30.747332,-95.921935,TX,Grimes,Bedias
77831,30.747332,-95.921935,TX,Grimes,Singleton
77833,30.21684,-96.39642,TX,Washington,Brenham
77833,30.21684,-96.39642,TX,Washington,Gay Hill
77833,30.21684,-96.39642,TX,Washington,Independence
77834,30.168111,-96.397823,TX,Washington,Brenham
77835,30.176176,-96.609965,TX,Washington,Burton
77836,30.565402,-96.749186,TX,Burleson,Caldwell
77837,30.97617,-96.667791,TX,Robertson,Calvert
77838,30.600084,-96.772451,TX,Burleson,Chriesman
77840,30.603583,-96.311081,TX,Brazos,College Sta
77840,30.603583,-96.311081,TX,Brazos,College Station
77841,30.572808,-96.326388,TX,Brazos,College Sta
77841,30.572808,-96.326388,TX,Brazos,College Station
77842,30.62996,-96.333212,TX,Brazos,College Sta
77842,30.62996,-96.333212,TX,Brazos,College Station
77843,30.611331,-96.348373,TX,Brazos,College Sta
77843,30.611331,-96.348373,TX,Brazos,College Station
77843,30.611331,-96.348373,TX,Brazos,Tx A & M University
77844,30.610719,-96.354731,TX,Brazos,Aggieland
77844,30.610719,-96.354731,TX,Brazos,College Sta
77844,30.610719,-96.354731,TX,Brazos,College Station
77845,30.583511,-96.294277,TX,Brazos,College Sta
77845,30.583511,-96.294277,TX,Brazos,College Station
77850,31.25732,-96.117089,TX,Leon,Concord
77852,30.431374,-96.757176,TX,Burleson,Deanville
77853,30.170413,-96.9797,TX,Lee,Dime Box
77855,31.149791,-96.124432,TX,Leon,Flynn
77856,31.029518,-96.48534,TX,Robertson,Franklin
77856,31.029518,-96.48534,TX,Robertson,Ridge
77857,30.78383,-96.722237,TX,Milam,Gause
77859,30.876381,-96.596524,TX,Robertson,Astin
77859,30.876381,-96.596524,TX,Robertson,Hearne
77861,30.676001,-96.13081,TX,Grimes,Iola
77862,30.784754,-96.265159,TX,Brazos,Kurten
77863,30.387313,-96.561285,TX,Burleson,Lyons
77864,30.97554,-95.9007,TX,Madison,Connor
77864,30.97554,-95.9007,TX,Madison,Madisonville
77865,31.220641,-96.236902,TX,Leon,Marquez
77865,31.220641,-96.236902,TX,Leon,Vanetia
77866,30.465939,-96.203773,TX,Brazos,Millican
77867,30.731767,-96.565295,TX,Robertson,Mumford
77868,30.388874,-96.084543,TX,Grimes,Navasota
77868,30.388874,-96.084543,TX,Grimes,White Hall
77869,30.387423,-96.087182,TX,Brazos,Navasota
77869,30.387423,-96.087182,TX,Brazos,Texas Dept of Correction
77870,31.049013,-96.425612,TX,Robertson,New Baden
77871,31.08882,-96.1533,TX,Leon,Hilltop Lakes
77871,31.08882,-96.1533,TX,Leon,Normangee
77872,30.95352,-96.09042,TX,Madison,Cottonwood
77872,30.95352,-96.09042,TX,Madison,North Zulch
77873,30.548688,-95.86284,TX,Grimes,Richards
77875,30.583507,-95.941256,TX,Grimes,Anderson
77875,30.583507,-95.941256,TX,Grimes,Roans Prairie
77876,30.614572,-95.886899,TX,Grimes,Shiro
77878,30.488286,-96.46453,TX,Burleson,Snook
77879,30.335725,-96.57142,TX,Burleson,Somerville
77880,30.332626,-96.22606,TX,Washington,Washington
77881,30.536561,-96.301446,TX,Brazos,Wellborn
77882,30.897142,-96.390924,TX,Robertson,Wheelock
77901,28.70675,-97.18143,TX,Victoria,Cologne
77901,28.70675,-97.18143,TX,Victoria,Da Costa
77901,28.70675,-97.18143,TX,Victoria,Guadalupe
77901,28.70675,-97.18143,TX,Victoria,Mission Valley
77901,28.70675,-97.18143,TX,Victoria,Victoria
77902,28.783592,-96.996184,TX,Victoria,Victoria
77903,28.79488,-97.004106,TX,Victoria,Victoria
77904,28.855498,-97.003146,TX,Victoria,Victoria
77905,28.884742,-97.170923,TX,Victoria,Raisin
77905,28.884742,-97.170923,TX,Victoria,Victoria
77950,28.395158,-96.973139,TX,Refugio,Austwell
77951,28.648992,-96.893563,TX,Victoria,Bloomington
77954,29.10342,-97.2813,TX,De Witt,Arneckeville
77954,29.10342,-97.2813,TX,De Witt,Cheapside
77954,29.10342,-97.2813,TX,De Witt,Concrete
77954,29.10342,-97.2813,TX,De Witt,Cuero
77954,29.10342,-97.2813,TX,De Witt,Edgar
77954,29.10342,-97.2813,TX,De Witt,Lindenau
77954,29.10342,-97.2813,TX,De Witt,Stratton
77957,28.97418,-96.64992,TX,Jackson,Cordele
77957,28.97418,-96.64992,TX,Jackson,Edna
77957,28.97418,-96.64992,TX,Jackson,El Toro
77957,28.97418,-96.64992,TX,Jackson,Morales
77960,28.65621,-97.422517,TX,Goliad,Fannin
77961,28.817096,-96.445206,TX,Jackson,Francitas
77962,29.038785,-96.513009,TX,Jackson,Ganado
77963,28.75746,-97.42068,TX,Goliad,Ander
77963,28.75746,-97.42068,TX,Goliad,Charco
77963,28.75746,-97.42068,TX,Goliad,Goliad
77963,28.75746,-97.42068,TX,Goliad,Sarco
77963,28.75746,-97.42068,TX,Goliad,Schroeder
77963,28.75746,-97.42068,TX,Goliad,Weser
77964,29.24861,-96.70334,TX,Lavaca,Breslau
77964,29.24861,-96.70334,TX,Lavaca,Ezzell
77964,29.24861,-96.70334,TX,Lavaca,Hallettsville
77964,29.24861,-96.70334,TX,Lavaca,Kinkler
77964,29.24861,-96.70334,TX,Lavaca,Koerth
77964,29.24861,-96.70334,TX,Lavaca,Rabbs
77964,29.24861,-96.70334,TX,Lavaca,Speaks
77964,29.24861,-96.70334,TX,Lavaca,Vienna
77964,29.24861,-96.70334,TX,Lavaca,Wied
77964,29.24861,-96.70334,TX,Lavaca,Worthing
77967,29.241199,-97.069618,TX,De Witt,Hochheim
77968,28.877985,-96.832224,TX,Victoria,Inez
77969,29.014273,-96.683801,TX,Jackson,La Salle
77970,28.818428,-96.442505,TX,Jackson,La Ward
77971,28.817071,-96.440565,TX,Jackson,Lolita
77973,28.720049,-97.048372,TX,Victoria,Mc Faddin
77973,28.720049,-97.048372,TX,Victoria,McFaddin
77974,28.929757,-97.302624,TX,De Witt,Meyersville
77975,29.5689,-97.08558,TX,Lavaca,Moulton
77975,29.5689,-97.08558,TX,Lavaca,Novohrad
77975,29.5689,-97.08558,TX,Lavaca,Old Moulton
77975,29.5689,-97.08558,TX,Lavaca,Witting
77976,28.951978,-96.983533,TX,Victoria,Nursery
77977,28.695758,-96.826746,TX,Victoria,Placedo
77978,28.678919,-96.556383,TX,Calhoun,Point Comfort
77979,28.617499,-96.633202,TX,Calhoun,Clarks
77979,28.617499,-96.633202,TX,Calhoun,Green Lake
77979,28.617499,-96.633202,TX,Calhoun,Indianola
77979,28.617499,-96.633202,TX,Calhoun,Kamey
77979,28.617499,-96.633202,TX,Calhoun,Long Mott
77979,28.617499,-96.633202,TX,Calhoun,Magnolia Beach
77979,28.617499,-96.633202,TX,Calhoun,Olivia
77979,28.617499,-96.633202,TX,Calhoun,Port Alto
77979,28.617499,-96.633202,TX,Calhoun,Port Lavaca
77979,28.617499,-96.633202,TX,Calhoun,Weedhaven
77982,28.22533,-96.643456,TX,Calhoun,Port O Connor
77982,28.22533,-96.643456,TX,Calhoun,Port O' Connor
77983,28.401205,-96.657487,TX,Calhoun,Seadrift
77984,29.432036,-97.17542,TX,Lavaca,Dreyer
77984,29.432036,-97.17542,TX,Lavaca,Glaze City
77984,29.432036,-97.17542,TX,Lavaca,Henkhaus
77984,29.432036,-97.17542,TX,Lavaca,Mount Olive
77984,29.432036,-97.17542,TX,Lavaca,Shiner
77986,29.397544,-96.823783,TX,Lavaca,Sublime
77987,29.240475,-97.068106,TX,Lavaca,Sweet Home
77988,28.849598,-96.887206,TX,Victoria,Telferner
77989,29.096799,-97.190375,TX,De Witt,Thomaston
77990,28.457266,-96.89607,TX,Refugio,Tivoli
77991,29.009568,-96.684356,TX,Jackson,Vanderbilt
77993,28.654748,-97.426186,TX,Goliad,Weesatche
77994,29.080804,-97.358612,TX,De Witt,Westhoff
77995,29.3208,-97.12536,TX,Lavaca,Fordtran
77995,29.3208,-97.12536,TX,Lavaca,Hope
77995,29.3208,-97.12536,TX,Lavaca,Pearl City
77995,29.3208,-97.12536,TX,Lavaca,Petersville
77995,29.3208,-97.12536,TX,Lavaca,Terryville
77995,29.3208,-97.12536,TX,Lavaca,Yoakum
78001,28.280605,-99.282621,TX,La Salle,Artesia Wells
78001,28.280605,-99.282621,TX,La Salle,Cotulla
78002,29.287174,-98.733294,TX,Bexar,Atascosa
78003,29.735076,-99.04007,TX,Bandera,Bandera
78004,29.841567,-98.582498,TX,Kendall,Bergheim
78005,29.214864,-98.7088,TX,Frio,Bigfoot
78006,29.71803,-98.651343,TX,Kendall,Boerne
78006,29.71803,-98.651343,TX,Kendall,Fair Oaks
78006,29.71803,-98.651343,TX,Kendall,Fair Oaks Ranch
78006,29.71803,-98.651343,TX,Kendall,Sisterdale
78007,28.345836,-98.421438,TX,McMullen,Calliham
78008,28.792111,-98.245657,TX,Atascosa,Campbellton
78008,28.792111,-98.245657,TX,Atascosa,Fashing
78009,29.348707,-98.887254,TX,Medina,Castroville
78010,29.93562,-99.01002,TX,Kerr,Camp Verde
78010,29.93562,-99.01002,TX,Kerr,Center Point
78011,28.818671,-98.711561,TX,Atascosa,Charlotte
78012,28.793868,-98.512593,TX,Atascosa,Christine
78013,29.984861,-98.839637,TX,Kendall,Comfort
78014,28.424112,-99.237016,TX,La Salle,Cotulla
78014,28.424112,-99.237016,TX,La Salle,Los Angeles
78015,29.801349,-98.741246,TX,Kendall,Boerne
78015,29.801349,-98.741246,TX,Kendall,Fair Oaks
78015,29.801349,-98.741246,TX,Kendall,Fair Oaks Ranch
78016,29.146284,-98.910239,TX,Medina,Devine
78017,28.68912,-99.19656,TX,Frio,Derby
78017,28.68912,-99.19656,TX,Frio,Dilley
78017,28.68912,-99.19656,TX,Frio,Divot
78019,28.038753,-99.353485,TX,La Salle,Encinal
78021,28.530703,-98.832454,TX,La Salle,Fowlerton
78022,28.328968,-98.118165,TX,Live Oak,George West
78023,29.592512,-98.715028,TX,Bexar,Grey Forest
78023,29.592512,-98.715028,TX,Bexar,Helotes
78024,30.075707,-99.324584,TX,Kerr,Hunt
78025,30.085405,-99.243167,TX,Kerr,Ingram
78026,28.918592,-98.54152,TX,Atascosa,Jourdanton
78027,29.941569,-98.50591,TX,Kendall,Kendalia
78028,30.038845,-99.151308,TX,Kerr,Kerrville
78029,30.061153,-99.156092,TX,Kerr,Kerrville
78039,29.316965,-98.832569,TX,Medina,La Coste
78040,27.512693,-99.488193,TX,Webb,Laredo
78041,27.549459,-99.488974,TX,Webb,Laredo
78042,27.505646,-99.507523,TX,Webb,Laredo
78043,27.49191,-99.47171,TX,Webb,Laredo
78043,27.49191,-99.47171,TX,Webb,Rio Bravo
78044,27.460208,-99.488931,TX,Webb,Laredo
78045,27.594073,-99.51285,TX,Webb,Laredo
78046,27.43465,-99.473074,TX,Webb,El Cenizo
78046,27.43465,-99.473074,TX,Webb,Laredo
78049,27.532778,-99.467816,TX,Webb,Laredo
78049,27.532778,-99.467816,TX,Webb,Xerox Corporation
78050,29.072213,-98.485195,TX,Atascosa,Leming
78052,29.223945,-98.788386,TX,Atascosa,Lytle
78054,29.324013,-98.693558,TX,Bexar,Macdona
78055,29.938918,-99.226717,TX,Bandera,Medina
78056,29.57964,-98.87496,TX,Medina,Castroville
78056,29.57964,-98.87496,TX,Medina,Mico
78057,29.000816,-98.936703,TX,Frio,Moore
78058,30.238758,-99.349106,TX,Kerr,Mountain Home
78059,29.18564,-98.853745,TX,Medina,Natalia
78060,28.46,-98.182222,TX,Live Oak,Oakville
78060,28.46,-98.182222,TX,Live Oak,Three Rivers
78061,28.891692,-99.095347,TX,Frio,Frio Town
78061,28.891692,-99.095347,TX,Frio,Pearsall
78062,28.741105,-98.177857,TX,Atascosa,Peggy
78063,29.6568,-98.90754,TX,Bandera,Lake Hills
78063,29.6568,-98.90754,TX,Bandera,Lakehills
78063,29.6568,-98.90754,TX,Bandera,Medina Lake
78063,29.6568,-98.90754,TX,Bandera,Pipe Creek
78064,28.968189,-98.487854,TX,Atascosa,Pleasanton
78065,29.13128,-98.534502,TX,Atascosa,Poteet
78066,29.500765,-98.869143,TX,Medina,Rio Medina
78067,27.038421,-99.425687,TX,Zapata,San Ygnacio
78069,29.197679,-98.675868,TX,Bexar,Somerset
78070,29.839116,-98.409301,TX,Comal,Spring Branch
78071,28.356491,-98.135804,TX,Live Oak,Three Rivers
78072,28.347668,-98.653364,TX,McMullen,Tilden
78073,29.254866,-98.613495,TX,Bexar,Von Ormy
78074,29.821529,-98.752234,TX,Kendall,Waring
78075,28.633889,-98.271667,TX,Live Oak,Whitsett
78076,26.896429,-99.262993,TX,Zapata,Zapata
78101,29.349505,-98.223103,TX,Bexar,Adkins
78102,28.403356,-97.749054,TX,Bee,Beeville
78104,28.41083,-97.760692,TX,Bee,Beeville
78107,28.532318,-97.588001,TX,Goliad,Berclair
78108,29.568245,-98.229209,TX,Guadalupe,Cibolo
78109,29.478932,-98.274069,TX,Bexar,Converse
78111,29.046111,-97.751111,TX,Karnes,Ecleto
78111,29.046111,-97.751111,TX,Karnes,Gillett
78112,29.226523,-98.36697,TX,Bexar,Elmendorf
78112,29.226523,-98.36697,TX,Bexar,Saspamco
78113,28.931521,-98.063035,TX,Karnes,Cestohowa
78113,28.931521,-98.063035,TX,Karnes,Falls City
78113,28.931521,-98.063035,TX,Karnes,McCoy
78113,28.931521,-98.063035,TX,Karnes,Pawelekville
78114,29.1601,-98.179706,TX,Wilson,Floresville
78115,29.610238,-98.02557,TX,Guadalupe,Geronimo
78116,29.076588,-97.791088,TX,Karnes,Gillett
78117,28.936255,-97.982346,TX,Karnes,Hobson
78118,28.891304,-97.900158,TX,Karnes,Coy City
78118,28.891304,-97.900158,TX,Karnes,Karnes City
78119,28.813002,-97.849725,TX,Karnes,Kenedy
78121,29.336135,-98.095702,TX,Wilson,La Vernia
78121,29.336135,-98.095702,TX,Wilson,Lavernia
78122,29.404362,-97.744031,TX,Gonzales,Leesville
78123,29.605956,-98.034172,TX,Guadalupe,Mc Queeney
78123,29.605956,-98.034172,TX,Guadalupe,McQueeney
78124,29.574239,-98.150612,TX,Guadalupe,Marion
78125,28.55032,-97.903107,TX,Bee,Kenedy
78125,28.55032,-97.903107,TX,Bee,Mineral
78130,29.71962,-98.0808,TX,Comal,Canyon Lake
78130,29.71962,-98.0808,TX,Comal,New Braunfels
78130,29.71962,-98.0808,TX,Comal,Solms
78131,29.71498,-98.143724,TX,Comal,New Braunfels
78132,29.77722,-98.15298,TX,Comal,Canyon Lake
78132,29.77722,-98.15298,TX,Comal,Hunter
78132,29.77722,-98.15298,TX,Comal,New Braunfels
78132,29.77722,-98.15298,TX,Comal,Sattler
78132,29.77722,-98.15298,TX,Comal,Startzville
78133,29.8809,-98.2152,TX,Comal,Canyon Lake
78133,29.8809,-98.2152,TX,Comal,New Braunfels
78133,29.8809,-98.2152,TX,Comal,Sattler
78133,29.8809,-98.2152,TX,Comal,Startzville
78135,29.703865,-98.117523,TX,Comal,Checks in the Mail
78135,29.703865,-98.117523,TX,Comal,New Braunfels
78140,29.272127,-97.765242,TX,Gonzales,Nixon
78141,28.898681,-97.563751,TX,De Witt,Nordheim
78142,28.530161,-97.783158,TX,Bee,Normanna
78143,29.246576,-97.834339,TX,Wilson,Pandora
78144,28.95585,-97.896534,TX,Karnes,Panna Maria
78145,28.654255,-98.001202,TX,Bee,Pawnee
78146,28.614976,-97.80304,TX,Bee,Pettus
78147,29.035954,-98.100932,TX,Wilson,Poth
78147,29.035954,-98.100932,TX,Wilson,Recycle
78148,29.551704,-98.302464,TX,Bexar,Live Oak
78148,29.551704,-98.302464,TX,Bexar,Randolph A F B
78148,29.551704,-98.302464,TX,Bexar,Randolph AFB
78148,29.551704,-98.302464,TX,Bexar,Randolph Air Force Base
78148,29.551704,-98.302464,TX,Bexar,Universal City
78148,29.551704,-98.302464,TX,Bexar,Universal Cty
78150,29.527918,-98.274563,TX,Bexar,Randolph A F B
78150,29.527918,-98.274563,TX,Bexar,Randolph AFB
78150,29.527918,-98.274563,TX,Bexar,Randolph AIR
78150,29.527918,-98.274563,TX,Bexar,Randolph Air Force Base
78150,29.527918,-98.274563,TX,Bexar,Universal City
78150,29.527918,-98.274563,TX,Bexar,Universal Cty
78151,28.87635,-97.704928,TX,Karnes,Runge
78152,29.436023,-98.201979,TX,Bexar,Saint Hedwig
78154,29.587509,-98.288298,TX,Guadalupe,Live Oak
78154,29.587509,-98.288298,TX,Guadalupe,Schertz
78154,29.587509,-98.288298,TX,Guadalupe,Selma
78155,29.56666,-97.965413,TX,Guadalupe,Seguin
78156,29.567321,-97.930858,TX,Guadalupe,Seguin
78159,29.241001,-97.593291,TX,Gonzales,Smiley
78160,29.232249,-97.963196,TX,Wilson,Denhawken
78160,29.232249,-97.963196,TX,Wilson,Stockdale
78161,29.263031,-98.06752,TX,Wilson,Sutherland Springs
78161,29.263031,-98.06752,TX,Wilson,Sutherlnd Spg
78162,28.571375,-97.796871,TX,Bee,Tuleta
78163,29.679028,-98.411488,TX,Comal,Bulverde
78163,29.679028,-98.411488,TX,Comal,Spring Branch
78164,28.980914,-97.505632,TX,De Witt,Yorktown
78201,29.46724,-98.530042,TX,Bexar,Balcones Heights
78201,29.46724,-98.530042,TX,Bexar,Balcones Hts
78201,29.46724,-98.530042,TX,Bexar,San Antonio
78202,29.421825,-98.465817,TX,Bexar,San Antonio
78203,29.414826,-98.462021,TX,Bexar,San Antonio
78204,29.396742,-98.499996,TX,Bexar,San Antonio
78205,29.423472,-98.487398,TX,Bexar,San Antonio
78206,29.416807,-98.498525,TX,Bexar,San Antonio
78207,29.421586,-98.523179,TX,Bexar,San Antonio
78208,29.438357,-98.457025,TX,Bexar,San Antonio
78209,29.484722,-98.465556,TX,Bexar,Alamo Heights
78209,29.484722,-98.465556,TX,Bexar,San Antonio
78209,29.484722,-98.465556,TX,Bexar,Terrell Hills
78210,29.399131,-98.47039,TX,Bexar,San Antonio
78211,29.357305,-98.559866,TX,Bexar,San Antonio
78212,29.478611,-98.487222,TX,Bexar,Olmos Park
78212,29.478611,-98.487222,TX,Bexar,San Antonio
78213,29.512114,-98.523892,TX,Bexar,Castle Hills
78213,29.512114,-98.523892,TX,Bexar,San Antonio
78214,29.365513,-98.487443,TX,Bexar,San Antonio
78215,29.437563,-98.481061,TX,Bexar,San Antonio
78216,29.533684,-98.489444,TX,Bexar,San Antonio
78217,29.543976,-98.419822,TX,Bexar,San Antonio
78218,29.5013,-98.397733,TX,Bexar,San Antonio
78219,29.44692,-98.38098,TX,Bexar,Kirby
78219,29.44692,-98.38098,TX,Bexar,San Antonio
78220,29.411125,-98.40384,TX,Bexar,San Antonio
78221,29.319342,-98.49625,TX,Bexar,San Antonio
78222,29.386912,-98.391814,TX,Bexar,San Antonio
78223,29.321261,-98.409516,TX,Bexar,San Antonio
78224,29.31201,-98.539722,TX,Bexar,San Antonio
78225,29.388465,-98.531438,TX,Bexar,San Antonio
78226,29.396389,-98.546677,TX,Bexar,Kelly USA
78226,29.396389,-98.546677,TX,Bexar,San Antonio
78227,29.41514,-98.635627,TX,Bexar,Kelly Usa Br
78227,29.41514,-98.635627,TX,Bexar,San Antonio
78228,29.459623,-98.574755,TX,Bexar,San Antonio
78229,29.501242,-98.573979,TX,Bexar,San Antonio
78230,29.539652,-98.551914,TX,Bexar,San Antonio
78230,29.539652,-98.551914,TX,Bexar,Shavano Park
78231,29.5884,-98.54991,TX,Bexar,San Antonio
78231,29.5884,-98.54991,TX,Bexar,Shavano Park
78232,29.584537,-98.475424,TX,Bexar,Hill Country Village
78232,29.584537,-98.475424,TX,Bexar,Hl Cntry Vlg
78232,29.584537,-98.475424,TX,Bexar,Hollywood Park
78232,29.584537,-98.475424,TX,Bexar,Hollywood Pk
78232,29.584537,-98.475424,TX,Bexar,San Antonio
78233,29.565,-98.336111,TX,Bexar,Live Oak
78233,29.565,-98.336111,TX,Bexar,San Antonio
78234,29.457977,-98.493044,TX,Bexar,Fort Sam Houston
78234,29.457977,-98.493044,TX,Bexar,Ft Sm Houston
78234,29.457977,-98.493044,TX,Bexar,San Antonio
78235,29.341979,-98.442498,TX,Bexar,Brooks AFB
78235,29.341979,-98.442498,TX,Bexar,Brooks AFB Branch
78235,29.341979,-98.442498,TX,Bexar,Brooks Cb
78235,29.341979,-98.442498,TX,Bexar,Brooks City Base
78235,29.341979,-98.442498,TX,Bexar,San Antonio
78236,29.404744,-98.61264,TX,Bexar,Kelly USA
78236,29.404744,-98.61264,TX,Bexar,Lackland
78236,29.404744,-98.61264,TX,Bexar,Lackland A F B
78236,29.404744,-98.61264,TX,Bexar,Lackland AFB
78236,29.404744,-98.61264,TX,Bexar,San Antonio
78236,29.404744,-98.61264,TX,Bexar,Security Svc
78236,29.404744,-98.61264,TX,Bexar,Wilford Hall
78236,29.404744,-98.61264,TX,Bexar,Wilford Hall USAF Hosp
78237,29.422667,-98.565747,TX,Bexar,San Antonio
78238,29.47999,-98.61033,TX,Bexar,Leon Valley
78238,29.47999,-98.61033,TX,Bexar,San Antonio
78239,29.511329,-98.367675,TX,Bexar,San Antonio
78239,29.511329,-98.367675,TX,Bexar,Windcrest
