53001,43.622721,-87.956471,WI,Sheboygan,Adell
53002,43.458494,-88.359486,WI,Washington,Allenton
53003,43.213134,-88.51695,WI,Dodge,Ashippun
53004,43.498221,-87.860708,WI,Ozaukee,Belgium
53005,43.064855,-88.104493,WI,Waukesha,Brookfield
53006,43.6152,-88.51698,WI,Dodge,Brownsville
53006,43.6152,-88.51698,WI,Dodge,Byron
53006,43.6152,-88.51698,WI,Dodge,South Byron
53007,43.106178,-88.070608,WI,Waukesha,Butler
53008,43.06199,-88.109637,WI,Waukesha,Brookfield
53010,43.610388,-88.277922,WI,Fond du Lac,Campbellsport
53011,43.659276,-88.033207,WI,Sheboygan,Cascade
53012,43.312977,-88.043817,WI,Ozaukee,Cedarburg
53013,43.571376,-87.844404,WI,Sheboygan,Cedar Grove
53014,44.030916,-88.19326,WI,Calumet,Chilton
53015,43.918804,-87.767648,WI,Manitowoc,Cleveland
53016,43.313962,-88.722855,WI,Dodge,Clyman
53017,43.204933,-88.2432,WI,Washington,Colgate
53018,43.063198,-88.40258,WI,Waukesha,Delafield
53019,43.695123,-88.338784,WI,Fond du Lac,Eden
53020,43.829547,-88.01815,WI,Sheboygan,Elkhart Lake
53021,43.4985,-88.00572,WI,Ozaukee,Fredonia
53021,43.4985,-88.00572,WI,Ozaukee,Waubeka
53022,43.224428,-88.145134,WI,Washington,Germantown
53022,43.224428,-88.145134,WI,Washington,Rockfield
53023,43.792158,-88.078669,WI,Sheboygan,Glenbeulah
53024,43.32656,-87.930502,WI,Ozaukee,Grafton
53026,43.778693,-88.080218,WI,Sheboygan,Greenbush
53027,43.300873,-88.364442,WI,Washington,Hartford
53029,43.106382,-88.351136,WI,Waukesha,Chenequa
53029,43.106382,-88.351136,WI,Waukesha,Hartland
53031,43.639932,-87.919809,WI,Sheboygan,Hingham
53032,43.450498,-88.630976,WI,Dodge,Horicon
53033,43.233131,-88.248081,WI,Washington,Hubertus
53034,43.343769,-88.602485,WI,Dodge,Hustisford
53035,43.394704,-88.534239,WI,Dodge,Iron Ridge
53036,43.135872,-88.583574,WI,Jefferson,Ixonia
53037,43.319801,-88.162627,WI,Washington,Jackson
53038,43.072467,-88.776005,WI,Jefferson,Johnson Creek
53039,43.395816,-88.684251,WI,Dodge,Juneau
53040,43.510597,-88.204941,WI,Washington,Kewaskum
53042,43.925523,-87.986674,WI,Manitowoc,Kiel
53044,43.740624,-87.785575,WI,Sheboygan,Kohler
53045,43.061327,-88.155393,WI,Waukesha,Brookfield
53046,43.152352,-88.167487,WI,Waukesha,Lannon
53047,43.191925,-88.719413,WI,Dodge,Lebanon
53048,43.590376,-88.447118,WI,Dodge,Knowles
53048,43.590376,-88.447118,WI,Dodge,Lomira
53049,43.84475,-88.345131,WI,Fond du Lac,Malone
53050,43.499689,-88.546329,WI,Dodge,Mayville
53051,43.145602,-88.115779,WI,Waukesha,Menomonee Falls
53051,43.145602,-88.115779,WI,Waukesha,Menomonee Fls
53052,43.178003,-88.119438,WI,Waukesha,Menomonee Falls
53052,43.178003,-88.119438,WI,Waukesha,Menomonee Fls
53056,43.147758,-88.307088,WI,Waukesha,Merton
53057,43.822404,-88.246314,WI,Fond du Lac,Mount Calvary
53058,43.112049,-88.405116,WI,Waukesha,Chenequa
53058,43.112049,-88.405116,WI,Waukesha,Nashotah
53059,43.311909,-88.525006,WI,Dodge,Neosho
53060,43.430905,-88.045708,WI,Washington,Newburg
53061,43.947588,-88.089299,WI,Calumet,New Holstein
53062,43.947498,-88.101978,WI,Calumet,New Holstein
53062,43.947498,-88.101978,WI,Calumet,Salvatorian Center
53062,43.947498,-88.101978,WI,Calumet,Salvtrian Ctr
53062,43.947498,-88.101978,WI,Calumet,Society of the Divine Savior
53063,43.969789,-87.794434,WI,Manitowoc,Newton
53064,43.160497,-88.371653,WI,Waukesha,North Lake
53065,43.684255,-88.546863,WI,Fond du Lac,Oakfield
53066,43.105369,-88.479152,WI,Waukesha,Oconomowoc
53069,43.113593,-88.443741,WI,Waukesha,Okauchee
53070,43.627466,-87.792764,WI,Sheboygan,Oostburg
53072,43.078937,-88.256368,WI,Waukesha,Pewaukee
53073,43.750559,-87.979314,WI,Sheboygan,Plymouth
53074,43.421132,-87.876731,WI,Ozaukee,Port Washington
53074,43.421132,-87.876731,WI,Ozaukee,Prt Washingtn
53075,43.553924,-87.951651,WI,Sheboygan,Random Lake
53076,43.268248,-88.218877,WI,Washington,Richfield
53078,43.326045,-88.424348,WI,Dodge,Rubicon
53079,43.795101,-88.175712,WI,Fond du Lac,Saint Cloud
53080,43.387123,-87.967557,WI,Ozaukee,Saukville
53081,43.741822,-87.728355,WI,Sheboygan,Sheboygan
53082,43.765755,-87.76871,WI,Sheboygan,Sheboygan
53083,43.80234,-87.7698,WI,Sheboygan,Haven
53083,43.80234,-87.7698,WI,Sheboygan,Howards Grove
53083,43.80234,-87.7698,WI,Sheboygan,Howards Grove Br #4
53083,43.80234,-87.7698,WI,Sheboygan,Sheboygan
53085,43.731424,-87.816063,WI,Sheboygan,Sheboygan Falls
53085,43.731424,-87.816063,WI,Sheboygan,Sheboygan Fls
53086,43.330414,-88.278981,WI,Washington,Slinger
53088,44.075694,-88.303086,WI,Calumet,Stockbridge
53089,43.153034,-88.234855,WI,Waukesha,Lisbon
53089,43.153034,-88.234855,WI,Waukesha,Sussex
53090,43.449492,-88.171297,WI,Washington,W Bend
53090,43.449492,-88.171297,WI,Washington,West Bend
53090,43.449492,-88.171297,WI,Washington,Westbend
53091,43.516681,-88.453725,WI,Dodge,Theresa
53092,43.22148,-87.95052,WI,Ozaukee,Mequon
53092,43.22148,-87.95052,WI,Ozaukee,Thiensville
53093,43.676495,-87.941985,WI,Sheboygan,Waldo
53094,43.187721,-88.723178,WI,Jefferson,Watertown
53095,43.390226,-88.167388,WI,Washington,West Bend
53095,43.390226,-88.167388,WI,Washington,Westbend
53097,43.23648,-87.9846,WI,Ozaukee,Mequon
53097,43.23648,-87.9846,WI,Ozaukee,Thiensville
53098,43.205791,-88.721802,WI,Dodge,Watertown
53099,43.366744,-88.517082,WI,Dodge,Woodland
53101,42.538597,-88.227841,WI,Kenosha,Bassett
53102,42.50437,-88.07726,WI,Kenosha,Benet Lake
53102,42.50437,-88.07726,WI,Kenosha,Bristol
53102,42.50437,-88.07726,WI,Kenosha,Trevor
53103,42.878515,-88.217994,WI,Waukesha,Big Bend
53104,42.541955,-88.045185,WI,Kenosha,Bristol
53105,42.677953,-88.26588,WI,Racine,Burlington
53108,42.827165,-87.93608,WI,Racine,Caledonia
53109,42.540942,-88.140019,WI,Kenosha,Camp Lake
53110,42.947125,-87.861954,WI,Milwaukee,Cudahy
53114,42.601566,-88.704996,WI,Walworth,Darien
53115,42.613597,-88.628941,WI,Walworth,Delavan
53118,42.976521,-88.480955,WI,Waukesha,Dousman
53119,42.87712,-88.468233,WI,Waukesha,Eagle
53120,42.803402,-88.415506,WI,Walworth,East Troy
53121,42.682649,-88.539027,WI,Walworth,Elkhorn
53122,43.048854,-88.086552,WI,Waukesha,Elm Grove
53125,42.54314,-88.56693,WI,Walworth,Fontana
53126,42.779997,-87.960272,WI,Racine,Franksville
53127,42.971014,-88.371705,WI,Waukesha,Genesee Depot
53128,42.536232,-88.294642,WI,Walworth,Genoa City
53129,42.938162,-87.995124,WI,Milwaukee,Greendale
53130,42.939685,-88.050138,WI,Milwaukee,Hales Corners
53132,42.88728,-88.00956,WI,Milwaukee,Franklin
53132,42.88728,-88.00956,WI,Milwaukee,Hales Corners
53137,43.057252,-88.69454,WI,Jefferson,Helenville
53138,42.745569,-88.305445,WI,Walworth,Honey Creek
53139,42.700056,-88.127065,WI,Racine,Kansasville
53140,42.577888,-87.830792,WI,Kenosha,Kenosha
53141,42.583868,-87.822442,WI,Kenosha,Kenosha
53142,42.573269,-87.880354,WI,Kenosha,Kenosha
53142,42.573269,-87.880354,WI,Kenosha,Pleasant Prairie
53143,42.544106,-87.837568,WI,Kenosha,Kenosha
53143,42.544106,-87.837568,WI,Kenosha,Pleasant Prairie
53144,42.64996,-87.869149,WI,Kenosha,Kenosha
53146,42.971531,-88.157905,WI,Waukesha,New Berlin
53146,42.971531,-88.157905,WI,Waukesha,Waukesha
53147,42.590378,-88.43964,WI,Walworth,Lake Geneva
53148,42.649186,-88.355887,WI,Walworth,Lyons
53149,42.867284,-88.337814,WI,Waukesha,Mukwonago
53150,42.891978,-88.124961,WI,Waukesha,Muskego
53151,42.976655,-88.098995,WI,Waukesha,New Berlin
53151,42.976655,-88.098995,WI,Waukesha,Waukesha
53152,42.577244,-88.226018,WI,Kenosha,New Munster
53153,42.945745,-88.424589,WI,Waukesha,North Prairie
53154,42.88606,-87.903062,WI,Milwaukee,Oak Creek
53156,42.875121,-88.58522,WI,Jefferson,Palmyra
53157,42.541376,-88.354927,WI,Walworth,Pell Lake
53158,42.551177,-87.931552,WI,Kenosha,Kenosha
53158,42.551177,-87.931552,WI,Kenosha,Pleasant Pr
53158,42.551177,-87.931552,WI,Kenosha,Pleasant Prairie
53159,42.553163,-88.293993,WI,Kenosha,Powers Lake
53167,42.742634,-88.225342,WI,Racine,Rochester
53168,42.57864,-88.13664,WI,Kenosha,Paddock Lake
53168,42.57864,-88.13664,WI,Kenosha,Salem
53170,42.553742,-88.170522,WI,Kenosha,Silver Lake
53171,42.636099,-87.90979,WI,Kenosha,Somers
53172,42.909971,-87.866551,WI,Milwaukee,S Milwaukee
53172,42.909971,-87.866551,WI,Milwaukee,South Milwaukee
53176,42.64327,-88.41224,WI,Walworth,Springfield
53177,42.697861,-87.91746,WI,Racine,Sturtevant
53178,43.010733,-88.599899,WI,Jefferson,Sullivan
53179,42.517117,-88.134016,WI,Kenosha,Trevor
53181,42.519397,-88.254983,WI,Kenosha,Twin Lakes
53182,42.703188,-88.038888,WI,Racine,Union Grove
53183,43.004463,-88.378948,WI,Waukesha,Wales
53184,42.532266,-88.599572,WI,Walworth,Walworth
53185,42.78714,-88.20648,WI,Racine,Waterford
53185,42.78714,-88.20648,WI,Racine,Wind Lake
53186,43.013231,-88.214586,WI,Waukesha,Vernon
53186,43.013231,-88.214586,WI,Waukesha,Waukesha
53187,43.00888,-88.221398,WI,Waukesha,Waukesha
53188,43.016203,-88.267858,WI,Waukesha,Vernon
53188,43.016203,-88.267858,WI,Waukesha,Waukesha
53189,43.013819,-88.228571,WI,Waukesha,Waukesha
53190,42.820613,-88.729455,WI,Walworth,Whitewater
53191,42.57913,-88.536213,WI,Walworth,Williams Bay
53192,42.513487,-88.209516,WI,Kenosha,Wilmot
53194,42.562811,-88.072225,WI,Kenosha,Woodworth
53195,42.512623,-88.481385,WI,Walworth,Zenda
53199,42.553742,-88.170522,WI,Kenosha,Silver Lake
53201,43.036178,-87.916956,WI,Milwaukee,Milwaukee
53202,43.048572,-87.89628,WI,Milwaukee,Milwaukee
53203,43.03535,-87.915098,WI,Milwaukee,Milwaukee
53204,43.017316,-87.924759,WI,Milwaukee,Milwaukee
53205,43.053463,-87.933809,WI,Milwaukee,Milwaukee
53206,43.074967,-87.932138,WI,Milwaukee,Milwaukee
53207,42.980668,-87.892825,WI,Milwaukee,Bay View
53207,42.980668,-87.892825,WI,Milwaukee,Bayview
53207,42.980668,-87.892825,WI,Milwaukee,Milwaukee
53207,42.980668,-87.892825,WI,Milwaukee,Saint Francis
53207,42.980668,-87.892825,WI,Milwaukee,St Francis
53208,43.048166,-87.964638,WI,Milwaukee,Milwaukee
53208,43.048166,-87.964638,WI,Milwaukee,Wauwatosa
53209,43.12592,-87.946764,WI,Milwaukee,Brown Deer
53209,43.12592,-87.946764,WI,Milwaukee,Glendale
53209,43.12592,-87.946764,WI,Milwaukee,Milwaukee
53209,43.12592,-87.946764,WI,Milwaukee,River Hills
53210,43.068996,-87.978957,WI,Milwaukee,Milwaukee
53210,43.068996,-87.978957,WI,Milwaukee,Wauwatosa
53210,43.068996,-87.978957,WI,Milwaukee,Wawatosa
53211,43.082534,-87.884406,WI,Milwaukee,Glendale
53211,43.082534,-87.884406,WI,Milwaukee,Milwaukee
53211,43.082534,-87.884406,WI,Milwaukee,Shorewood
53211,43.082534,-87.884406,WI,Milwaukee,Whitefish Bay
53212,43.070633,-87.906171,WI,Milwaukee,Glendale
53212,43.070633,-87.906171,WI,Milwaukee,Milwaukee
53213,43.049511,-88.005322,WI,Milwaukee,Milwaukee
53213,43.049511,-88.005322,WI,Milwaukee,Wauwatosa
53213,43.049511,-88.005322,WI,Milwaukee,Wawatosa
53214,43.020816,-88.017337,WI,Milwaukee,Milwaukee
53214,43.020816,-88.017337,WI,Milwaukee,W Milwaukee
53214,43.020816,-88.017337,WI,Milwaukee,West Allis
53214,43.020816,-88.017337,WI,Milwaukee,West Milwaukee
53215,42.997687,-87.942662,WI,Milwaukee,Milwaukee
53215,42.997687,-87.942662,WI,Milwaukee,W Milwaukee
53215,42.997687,-87.942662,WI,Milwaukee,West Milwaukee
53216,43.089739,-87.975948,WI,Milwaukee,Milwaukee
53217,43.150112,-87.911181,WI,Milwaukee,Bayside
53217,43.150112,-87.911181,WI,Milwaukee,Fox Point
53217,43.150112,-87.911181,WI,Milwaukee,Glendale
53217,43.150112,-87.911181,WI,Milwaukee,Milwaukee
53217,43.150112,-87.911181,WI,Milwaukee,River Hills
53217,43.150112,-87.911181,WI,Milwaukee,Whitefish Bay
53218,43.113642,-87.991022,WI,Milwaukee,Milwaukee
53219,42.994394,-87.991356,WI,Milwaukee,Greenfield
53219,42.994394,-87.991356,WI,Milwaukee,Milwaukee
53219,42.994394,-87.991356,WI,Milwaukee,W Milwaukee
53219,42.994394,-87.991356,WI,Milwaukee,West Allis
53219,42.994394,-87.991356,WI,Milwaukee,West Milwaukee
53220,42.961389,-88.0125,WI,Milwaukee,Greenfield
53220,42.961389,-88.0125,WI,Milwaukee,Milwaukee
53221,42.947637,-87.944575,WI,Milwaukee,Greenfield
53221,42.947637,-87.944575,WI,Milwaukee,Milwaukee
53222,43.084153,-88.036961,WI,Milwaukee,Milwaukee
53222,43.084153,-88.036961,WI,Milwaukee,Wauwatosa
53222,43.084153,-88.036961,WI,Milwaukee,Wawatosa
53223,43.158245,-87.989707,WI,Milwaukee,Brown Deer
53223,43.158245,-87.989707,WI,Milwaukee,Milwaukee
53224,43.156957,-88.044018,WI,Milwaukee,Milwaukee
53225,43.113789,-88.04076,WI,Milwaukee,Milwaukee
53225,43.113789,-88.04076,WI,Milwaukee,Wauwatosa
53226,43.047262,-88.044347,WI,Milwaukee,Milwaukee
53226,43.047262,-88.044347,WI,Milwaukee,Wauwatosa
53226,43.047262,-88.044347,WI,Milwaukee,Wawatosa
53227,42.994705,-88.042267,WI,Milwaukee,Greenfield
53227,42.994705,-88.042267,WI,Milwaukee,Milwaukee
53227,42.994705,-88.042267,WI,Milwaukee,West Allis
53228,42.966203,-88.043196,WI,Milwaukee,Greenfield
53228,42.966203,-88.043196,WI,Milwaukee,Milwaukee
53233,43.036985,-87.932408,WI,Milwaukee,Milwaukee
53234,43.001743,-87.970753,WI,Milwaukee,Milwaukee
53235,42.969046,-87.871317,WI,Milwaukee,Bayview
53235,42.969046,-87.871317,WI,Milwaukee,Milwaukee
53235,42.969046,-87.871317,WI,Milwaukee,Saint Francis
53235,42.969046,-87.871317,WI,Milwaukee,St Francis
53237,42.942625,-87.911853,WI,Milwaukee,Milwaukee
53244,42.942625,-87.911853,WI,Milwaukee,Milwaukee
53259,43.03629,-87.912848,WI,Milwaukee,First Bank Milwaukee
53259,43.03629,-87.912848,WI,Milwaukee,Milwaukee
53263,43.084119,-88.035945,WI,Milwaukee,J C Penney
53263,43.084119,-88.035945,WI,Milwaukee,JC Penney
53263,43.084119,-88.035945,WI,Milwaukee,Milwaukee
53267,43.043798,-87.909801,WI,Milwaukee,Bank One Bankcard Associates
53267,43.043798,-87.909801,WI,Milwaukee,Milwaukee
53268,43.040756,-87.911157,WI,Milwaukee,Bank One
53268,43.040756,-87.911157,WI,Milwaukee,Milwaukee
53274,43.040271,-87.907473,WI,Milwaukee,Milwaukee
53274,43.040271,-87.907473,WI,Milwaukee,Wisconsin Child Support
53278,43.03945,-87.900295,WI,Milwaukee,Firstar Bank
53278,43.03945,-87.900295,WI,Milwaukee,Milwaukee
53288,43.043453,-87.912413,WI,Milwaukee,M and I Bank
53288,43.043453,-87.912413,WI,Milwaukee,Marshall and Ilsley Bank
53288,43.043453,-87.912413,WI,Milwaukee,Milwaukee
53290,43.036612,-87.912064,WI,Milwaukee,Milwaukee
53290,43.036612,-87.912064,WI,Milwaukee,Wisconsin Electric Power Co
53293,43.042193,-87.92019,WI,Milwaukee,Milwaukee
53293,43.042193,-87.92019,WI,Milwaukee,Wisconsin Dept Transport
53295,43.016381,-87.979711,WI,Milwaukee,Milwaukee
53295,43.016381,-87.979711,WI,Milwaukee,VA Medical Center
53401,42.691955,-87.814781,WI,Racine,Racine
53402,42.7978,-87.832227,WI,Racine,Racine
53403,42.704176,-87.80658,WI,Racine,Racine
53404,42.740654,-87.809611,WI,Racine,Racine
53405,42.716356,-87.823291,WI,Racine,Racine
53406,42.72572,-87.856436,WI,Racine,Racine
53407,42.726079,-87.783375,WI,Racine,Racine
53408,42.725298,-87.808915,WI,Racine,Racine
53501,42.602616,-89.068462,WI,Rock,Afton
53502,42.730426,-89.443626,WI,Green,Albany
53503,43.141048,-89.946926,WI,Iowa,Arena
53504,42.704144,-89.901971,WI,Lafayette,Argyle
53505,42.687981,-88.810568,WI,Rock,Avalon
53506,43.190183,-90.317873,WI,Iowa,Avoca
53507,43.008512,-89.897707,WI,Iowa,Barneveld
53508,42.881803,-89.560741,WI,Dane,Belleville
53510,42.729527,-90.330139,WI,Lafayette,Belmont
53511,42.5589,-89.08734,WI,Rock,Beloit
53512,42.507644,-89.032201,WI,Rock,Beloit
53515,43.127067,-89.742349,WI,Dane,Black Earth
53516,42.78401,-89.902654,WI,Lafayette,Blanchardville
53516,42.78401,-89.902654,WI,Lafayette,Blanchardvlle
53517,43.005538,-89.821569,WI,Dane,Blue Mounds
53518,43.185758,-90.552858,WI,Grant,Blue River
53520,42.621933,-89.373581,WI,Green,Brodhead
53521,42.86849,-89.389756,WI,Green,Brooklyn
53522,42.576493,-89.795722,WI,Green,Browntown
53523,42.978962,-89.047633,WI,Dane,Cambridge
53525,42.560436,-88.867865,WI,Rock,Clinton
53526,42.963001,-90.333272,WI,Iowa,Cobb
53527,43.070701,-89.198254,WI,Dane,Cottage Grove
53528,43.12081,-89.638208,WI,Dane,Cross Plains
53529,43.235421,-89.525588,WI,Dane,Dane
53530,42.690879,-90.105208,WI,Lafayette,Darlington
53531,43.05239,-89.097446,WI,Dane,Deerfield
53532,43.236225,-89.333063,WI,Dane,De Forest
53533,42.963649,-90.134169,WI,Iowa,Dodgeville
53534,42.822805,-89.063685,WI,Rock,Edgerton
53535,42.969874,-90.262851,WI,Iowa,Edmund
53535,42.969874,-90.262851,WI,Iowa,Linden
53536,42.770303,-89.271419,WI,Rock,Evansville
53537,42.670296,-89.213228,WI,Rock,Footville
53538,42.924206,-88.840777,WI,Jefferson,Fort Atkinson
53540,43.222224,-90.292434,WI,Richland,Gotham
53541,42.585999,-90.019817,WI,Lafayette,Gratiot
53542,42.63262,-89.165667,WI,Rock,Hanover
53543,43.042113,-90.363424,WI,Iowa,Highland
53544,42.905916,-89.832037,WI,Iowa,Hollandale
53545,42.689826,-89.050644,WI,Rock,Janesville
53546,42.670071,-88.994997,WI,Rock,Janesville
53547,42.705031,-89.006424,WI,Rock,Janesville
53548,42.67823,-89.016451,WI,Rock,Janesville
53549,43.005551,-88.804618,WI,Jefferson,Jefferson
53550,42.502945,-89.510157,WI,Green,Juda
53551,43.079375,-88.910122,WI,Jefferson,Lake Mills
53553,42.918177,-90.27686,WI,Iowa,Linden
53554,42.898732,-90.456658,WI,Grant,Livingston
53555,43.328456,-89.563763,WI,Columbia,Lodi
53556,43.182834,-90.198719,WI,Richland,Lone Rock
53557,43.339451,-88.816525,WI,Dodge,Lowell
53558,43.007217,-89.296558,WI,Dane,Mc Farland
53559,43.175384,-89.075712,WI,Dane,Marshall
53560,43.188047,-89.758253,WI,Dane,Mazomanie
53561,43.374059,-89.674731,WI,Sauk,Merrimac
53562,43.11528,-89.52492,WI,Dane,Madison
53562,43.11528,-89.52492,WI,Dane,Middleton
53563,42.777048,-88.953704,WI,Rock,Milton
53565,42.862371,-90.182008,WI,Iowa,Mineral Point
53566,42.596735,-89.640073,WI,Green,Monroe
53569,42.991221,-90.475978,WI,Grant,Montfort
53570,42.747446,-89.592433,WI,Green,Monticello
53571,43.277632,-89.357662,WI,Dane,Morrisonville
53572,42.981166,-89.729689,WI,Dane,Mount Horeb
53573,43.16406,-90.468805,WI,Grant,Muscoda
53574,42.812386,-89.639376,WI,Green,New Glarus
53575,42.931421,-89.389758,WI,Dane,Fitchburg
53575,42.931421,-89.389758,WI,Dane,Oregon
53576,42.623722,-89.244316,WI,Rock,Orfordville
53577,43.278134,-90.043068,WI,Sauk,Plain
53578,43.289654,-89.736826,WI,Sauk,Pr du Sac
53578,43.289654,-89.736826,WI,Sauk,Prairie du Sac
53579,43.303699,-88.844663,WI,Dodge,Reeseville
53580,42.842708,-90.393117,WI,Iowa,Rewey
53581,43.35114,-90.38994,WI,Richland,Boaz
53581,43.35114,-90.38994,WI,Richland,Richland Center
53581,43.35114,-90.38994,WI,Richland,Richland Ctr
53582,42.998132,-89.996343,WI,Iowa,Ridgeway
53583,43.273674,-89.737229,WI,Sauk,Sauk City
53584,43.281665,-90.292672,WI,Richland,Sextonville
53585,42.506463,-88.727832,WI,Walworth,Sharon
53586,42.577863,-90.225429,WI,Lafayette,Shullsberg
53586,42.577863,-90.225429,WI,Lafayette,Shullsburg
53587,42.588101,-89.902503,WI,Lafayette,South Wayne
53588,43.185995,-90.078999,WI,Sauk,Spring Green
53589,42.930347,-89.214312,WI,Dane,Stoughton
53590,43.189901,-89.219791,WI,Dane,Sun Prairie
53593,42.9926,-89.57011,WI,Dane,Fitchburg
53593,42.9926,-89.57011,WI,Dane,Madison
53593,42.9926,-89.57011,WI,Dane,Verona
53594,43.177186,-88.982394,WI,Jefferson,Waterloo
53595,42.96748,-90.132036,WI,Iowa,Dodgeville
53595,42.96748,-90.132036,WI,Iowa,Lands End
53596,43.195587,-89.264013,WI,Dane,General Casualty Co
53596,43.195587,-89.264013,WI,Dane,Sun Prairie
53597,43.181072,-89.450204,WI,Dane,Waunakee
53597,43.181072,-89.450204,WI,Dane,Westport
53598,43.211584,-89.345542,WI,Dane,Lake Windsor
53598,43.211584,-89.345542,WI,Dane,Windsor
53599,42.649996,-89.862141,WI,Lafayette,Woodford
53701,43.072838,-89.379278,WI,Dane,Madison
53702,43.074862,-89.380795,WI,Dane,Madison
53702,43.074862,-89.380795,WI,Dane,State Capitol
53703,43.079239,-89.37722,WI,Dane,Madison
53704,43.117217,-89.335082,WI,Dane,Madison
53704,43.117217,-89.335082,WI,Dane,Maple Bluff
53705,43.075083,-89.459898,WI,Dane,Madison
53705,43.075083,-89.459898,WI,Dane,Shorewood Hills
53706,43.072821,-89.410573,WI,Dane,Madison
53707,43.098563,-89.311125,WI,Dane,Madison
53708,43.100954,-89.312327,WI,Dane,Madison
53711,43.030573,-89.444075,WI,Dane,Fitchburg
53711,43.030573,-89.444075,WI,Dane,Madison
53713,43.032823,-89.394847,WI,Dane,Fitchburg
53713,43.032823,-89.394847,WI,Dane,Madison
53713,43.032823,-89.394847,WI,Dane,Monona
53714,43.099135,-89.3127,WI,Dane,Madison
53714,43.099135,-89.3127,WI,Dane,Monona
53715,43.063624,-89.394312,WI,Dane,Madison
53716,43.065869,-89.312254,WI,Dane,Madison
53716,43.065869,-89.312254,WI,Dane,Monona
53716,43.065869,-89.312254,WI,Dane,Monona Grove
53717,43.070985,-89.51216,WI,Dane,Madison
53718,43.147068,-89.406946,WI,Dane,Madison
53719,43.032837,-89.498129,WI,Dane,Fitchburg
53719,43.032837,-89.498129,WI,Dane,Madison
53725,43.050369,-89.397499,WI,Dane,Madison
53726,43.073535,-89.395574,WI,Dane,Madison
53744,43.015628,-89.414521,WI,Dane,Madison
53774,43.072549,-89.402181,WI,Dane,Madison
53774,43.072549,-89.402181,WI,Dane,Wisconsin Lottery
53777,43.107649,-89.339418,WI,Dane,American Family Ins Co
53777,43.107649,-89.339418,WI,Dane,Madison
53778,43.096424,-89.322479,WI,Dane,Madison
53778,43.096424,-89.322479,WI,Dane,Swiss Colony
53779,43.095268,-89.32641,WI,Dane,Madison
53779,43.095268,-89.32641,WI,Dane,Swiss Colony
53782,43.063213,-89.315194,WI,Dane,Madison
53782,43.063213,-89.315194,WI,Dane,The Wi Cheeseman
53783,43.159291,-89.283709,WI,Dane,American Family Ins Co
53783,43.159291,-89.283709,WI,Dane,Madison
53784,43.040958,-89.394588,WI,Dane,Electronic Data Systems
53784,43.040958,-89.394588,WI,Dane,Madison
53785,43.075404,-89.383079,WI,Dane,Madison
53785,43.075404,-89.383079,WI,Dane,Wi Dept Revenue BOX 59
53786,43.077126,-89.380448,WI,Dane,Madison
53786,43.077126,-89.380448,WI,Dane,Wi Dept Revenue Box 34
53788,43.075177,-89.3784,WI,Dane,Madison
53788,43.075177,-89.3784,WI,Dane,Madison Gas and Electric
53789,43.077115,-89.384153,WI,Dane,Madison
53789,43.077115,-89.384153,WI,Dane,Wi Dept Ind Labor Human Rel
53790,43.073534,-89.382948,WI,Dane,Madison
53790,43.073534,-89.382948,WI,Dane,Wi Dept Revenue Box 268
53791,43.077245,-89.454359,WI,Dane,Madison
53791,43.077245,-89.454359,WI,Dane,Madison Business Reply Mail
53792,43.076741,-89.433069,WI,Dane,Madison
53792,43.076741,-89.433069,WI,Dane,Univ of Wis Hosp Hlth Sc Ctr
53793,43.098357,-89.325603,WI,Dane,Madison
53793,43.098357,-89.325603,WI,Dane,Swiss Colony Bus Reply
53794,43.098373,-89.324921,WI,Dane,Madison
53794,43.098373,-89.324921,WI,Dane,Swiss Colony
53801,42.923562,-91.056053,WI,Grant,Bagley
53801,42.923562,-91.056053,WI,Grant,Wyalusing
53802,42.761754,-90.891946,WI,Grant,Beetown
53803,42.559118,-90.367335,WI,Lafayette,Benton
53804,42.874775,-90.912124,WI,Grant,Bloomington
53805,43.117895,-90.678798,WI,Grant,Boscobel
53806,42.738574,-90.94294,WI,Grant,Cassville
53807,42.598203,-90.509698,WI,Grant,Cuba City
53808,42.625866,-90.593685,WI,Grant,Dickeyville
53809,42.990107,-90.64726,WI,Grant,Fennimore
53810,42.821307,-90.991171,WI,Grant,Glen Haven
53811,42.535981,-90.509343,WI,Grant,Hazel Green
53812,42.580498,-90.597992,WI,Grant,Kieler
53813,42.844351,-90.710641,WI,Grant,Lancaster
53816,42.971007,-90.844711,WI,Grant,Mount Hope
53817,42.942923,-90.97433,WI,Grant,Patch Grove
53818,42.747092,-90.496206,WI,Grant,Platteville
53820,42.699392,-90.705017,WI,Grant,Potosi
53821,43.04725,-91.135493,WI,Crawford,Pr du Chien
53821,43.04725,-91.135493,WI,Crawford,Prairie du Chien
53824,42.523779,-90.537853,WI,Grant,Sinsinawa
53825,42.91356,-90.588319,WI,Grant,Stitzer
53826,43.11139,-90.851909,WI,Crawford,Wauzeka
53827,43.048813,-90.825159,WI,Grant,Mount Hope
53827,43.048813,-90.825159,WI,Grant,Woodman
53901,43.544357,-89.473269,WI,Columbia,Portage
53910,43.911421,-89.801303,WI,Adams,Adams
53911,43.282786,-89.389648,WI,Columbia,Arlington
53913,43.52592,-89.77404,WI,Sauk,Baraboo
53913,43.52592,-89.77404,WI,Sauk,West Baraboo
53916,43.462045,-88.839358,WI,Dodge,Beaver Dam
53916,43.462045,-88.839358,WI,Dodge,South Beaver Dam
53919,43.733428,-88.78302,WI,Fond du Lac,Brandon
53920,43.6621,-89.616601,WI,Marquette,Briggsville
53922,43.524713,-88.701534,WI,Dodge,Burnett
53923,43.546952,-89.105675,WI,Columbia,Cambria
53924,43.503207,-90.272564,WI,Richland,Cazenovia
53925,43.33727,-89.028562,WI,Columbia,Columbus
53926,43.65505,-89.206388,WI,Green Lake,Dalton
53927,43.984167,-89.938611,WI,Adams,Dellwood
53927,43.984167,-89.938611,WI,Adams,Friendship
53928,43.429315,-89.14958,WI,Columbia,Doylestown
53929,43.746595,-90.267539,WI,Juneau,Elroy
53930,43.715623,-89.468193,WI,Marquette,Endeavor
53931,43.74489,-88.86514,WI,Fond du Lac,Fairwater
53932,43.384756,-89.045623,WI,Columbia,Fall River
53933,43.565132,-88.91353,WI,Dodge,Fox Lake
53934,43.97679,-89.838601,WI,Adams,Friendship
53935,43.589562,-89.067739,WI,Columbia,Friesland
53936,43.855188,-89.732392,WI,Adams,Grand Marsh
53937,43.386342,-90.168476,WI,Sauk,Hillpoint
53939,43.694164,-89.126328,WI,Green Lake,Kingston
53940,43.594441,-89.79713,WI,Sauk,Lake Delton
53941,43.573421,-90.140745,WI,Sauk,La Valle
53942,43.468808,-90.161213,WI,Sauk,Lime Ridge
53943,43.438436,-90.03912,WI,Sauk,Loganville
53944,43.706413,-89.892011,WI,Juneau,Lyndon Sta
53944,43.706413,-89.892011,WI,Juneau,Lyndon Station
53946,43.705413,-88.990142,WI,Green Lake,Manchester
53946,43.705413,-88.990142,WI,Green Lake,Markesan
53947,43.75076,-89.141097,WI,Green Lake,Marquette
53948,43.795494,-90.080098,WI,Juneau,Mauston
53949,43.793929,-89.327626,WI,Marquette,Montello
53950,43.886478,-90.15379,WI,Juneau,New Lisbon
53951,43.429199,-89.850103,WI,Sauk,North Freedom
53952,43.802455,-89.641674,WI,Marquette,Brooks
53952,43.802455,-89.641674,WI,Marquette,Oxford
53953,43.767992,-89.469212,WI,Marquette,Packwaukee
53954,43.531481,-89.316283,WI,Columbia,Pardeeville
53955,43.393535,-89.413257,WI,Columbia,Poynette
53956,43.540343,-88.999032,WI,Dodge,Randolph
53957,43.541272,-89.005699,WI,Columbia,J W Jung Seed Co
53957,43.541272,-89.005699,WI,Columbia,Randolph
53958,43.53216,-90.001703,WI,Sauk,Lands End
53958,43.53216,-90.001703,WI,Sauk,Reedsburg
53959,43.53632,-90.000631,WI,Sauk,Reedsburg
53960,43.444828,-89.251186,WI,Columbia,Rio
53961,43.479574,-89.912377,WI,Sauk,Rock Springs
53962,43.682465,-90.267028,WI,Juneau,Union Center
53963,43.629805,-88.734679,WI,Dodge,Waupun
53964,43.920698,-89.619735,WI,Marquette,Westfield
53965,43.727182,-89.759168,WI,Columbia,Wisc Dells
53965,43.727182,-89.759168,WI,Columbia,Wisconsin Dells
53968,43.654868,-90.220514,WI,Juneau,Wonewoc
53969,43.495865,-89.307819,WI,Columbia,Wyocena
54001,45.306512,-92.356007,WI,Polk,Amery
54001,45.306512,-92.356007,WI,Polk,Deronda
54001,45.306512,-92.356007,WI,Polk,Joel
54001,45.306512,-92.356007,WI,Polk,Little Falls
54001,45.306512,-92.356007,WI,Polk,Range
54001,45.306512,-92.356007,WI,Polk,Wanderoos
54002,44.97462,-92.35032,WI,Saint Croix,Baldwin
54002,44.97462,-92.35032,WI,Saint Croix,Erin Prairie
54002,44.97462,-92.35032,WI,Saint Croix,Hammond
54002,44.97462,-92.35032,WI,Saint Croix,Rush River
54003,44.787574,-92.441735,WI,Pierce,Beldenville
54003,44.787574,-92.441735,WI,Pierce,El Paso
54003,44.787574,-92.441735,WI,Pierce,Ellsworth
54004,45.330762,-92.170455,WI,Polk,Arland
54004,45.330762,-92.170455,WI,Polk,Clayton
54004,45.330762,-92.170455,WI,Polk,Reeve
54004,45.330762,-92.170455,WI,Polk,Richardson
54004,45.330762,-92.170455,WI,Polk,Turtle Lake
54005,45.249537,-92.272632,WI,Polk,Black Brook
54005,45.249537,-92.272632,WI,Polk,Clear Lake
54005,45.249537,-92.272632,WI,Polk,New Haven
54006,45.57312,-92.64888,WI,Polk,Cushing
54006,45.57312,-92.64888,WI,Polk,Laketown
54006,45.57312,-92.64888,WI,Polk,Sterling
54007,45.169996,-92.361717,WI,Saint Croix,Deer Park
54009,45.362975,-92.621521,WI,Polk,Dresser
54009,45.362975,-92.621521,WI,Polk,Sandlake
54009,45.362975,-92.621521,WI,Polk,Ubet
54010,44.730383,-92.468244,WI,Pierce,E Ellsworth
54010,44.730383,-92.468244,WI,Pierce,East Ellsworth
54010,44.730383,-92.468244,WI,Pierce,Ellsworth
54011,44.735213,-92.480939,WI,Pierce,Ellsworth
54011,44.735213,-92.480939,WI,Pierce,Lostcreek
54011,44.735213,-92.480939,WI,Pierce,Moeville
54011,44.735213,-92.480939,WI,Pierce,Trimbelle
54013,45.064774,-92.196624,WI,Saint Croix,Emerald
54013,45.064774,-92.196624,WI,Saint Croix,Glenwood City
54014,44.602849,-92.538909,WI,Pierce,Diamond Bluff
54014,44.602849,-92.538909,WI,Pierce,Hager City
54015,44.964112,-92.465156,WI,Saint Croix,Hammond
54015,44.964112,-92.465156,WI,Saint Croix,Pleasant Valley
54016,44.98188,-92.69082,WI,Saint Croix,Boardman
54016,44.98188,-92.69082,WI,Saint Croix,Burkhardt
54016,44.98188,-92.69082,WI,Saint Croix,Hudson
54016,44.98188,-92.69082,WI,Saint Croix,North Hudson
54017,45.13092,-92.52156,WI,Saint Croix,Alden
54017,45.13092,-92.52156,WI,Saint Croix,Cylon
54017,45.13092,-92.52156,WI,Saint Croix,Erin
54017,45.13092,-92.52156,WI,Saint Croix,Huntington
54017,45.13092,-92.52156,WI,Saint Croix,Jewett
54017,45.13092,-92.52156,WI,Saint Croix,New Johannesburg
54017,45.13092,-92.52156,WI,Saint Croix,New Richmond
54017,45.13092,-92.52156,WI,Saint Croix,Stanton
54020,45.320122,-92.699523,WI,Polk,East Farmington
54020,45.320122,-92.699523,WI,Polk,Nye
54020,45.320122,-92.699523,WI,Polk,Osceola
54021,44.749536,-92.794364,WI,Pierce,Oak Grove
54021,44.749536,-92.794364,WI,Pierce,Prescott
54022,44.88078,-92.63226,WI,Pierce,Clifton
54022,44.88078,-92.63226,WI,Pierce,Kinnickinnic
54022,44.88078,-92.63226,WI,Pierce,River Falls
54022,44.88078,-92.63226,WI,Pierce,Troy
54023,44.9898,-92.56092,WI,Saint Croix,Roberts
54023,44.9898,-92.56092,WI,Saint Croix,Warren
54024,45.412894,-92.633615,WI,Polk,Eureka Center
54024,45.412894,-92.633615,WI,Polk,Saint Croix Falls
54024,45.412894,-92.633615,WI,Polk,St Croix Falls
54024,45.412894,-92.633615,WI,Polk,St Croix Fls
54024,45.412894,-92.633615,WI,Polk,Wolfcreek
54025,45.128445,-92.679907,WI,Saint Croix,Somerset
54026,45.19782,-92.53013,WI,Polk,Star Prairie
54027,44.956333,-92.173468,WI,Saint Croix,Cady
54027,44.956333,-92.173468,WI,Saint Croix,Hersey
54027,44.956333,-92.173468,WI,Saint Croix,Wilson
54028,44.955122,-92.285779,WI,Saint Croix,Eau Galle
54028,44.955122,-92.285779,WI,Saint Croix,Slag Pile
54028,44.955122,-92.285779,WI,Saint Croix,Wildwood
54028,44.955122,-92.285779,WI,Saint Croix,Woodville
54082,45.07476,-92.75406,WI,Saint Croix,Houlton
54082,45.07476,-92.75406,WI,Saint Croix,Hudson
54101,44.784427,-88.046008,WI,Oconto,Abrams
54102,45.496805,-87.929331,WI,Marinette,Amberg
54103,45.667445,-88.447142,WI,Forest,Armstrong Creek
54103,45.667445,-88.447142,WI,Forest,Armstrong Crk
54104,45.460174,-88.241372,WI,Marinette,Athelstane
54104,45.460174,-88.241372,WI,Marinette,Silver Cliff
54106,44.480124,-88.446752,WI,Outagamie,Black Creek
54106,44.480124,-88.446752,WI,Outagamie,Center Valley
54107,44.695751,-88.437835,WI,Shawano,Bonduel
54107,44.695751,-88.437835,WI,Shawano,Navarino
54110,44.174703,-88.065451,WI,Calumet,Brillion
54111,44.810409,-88.449834,WI,Shawano,Cecil
54112,45.036382,-88.139933,WI,Marinette,Coleman
54113,44.268294,-88.309953,WI,Outagamie,Combined Lcks
54113,44.268294,-88.309953,WI,Outagamie,Combined Locks
54114,45.29321,-87.99269,WI,Marinette,Beaver
54114,45.29321,-87.99269,WI,Marinette,Crivitz
54114,45.29321,-87.99269,WI,Marinette,Middle Inlet
54115,44.434457,-88.070098,WI,Brown,De Pere
54119,45.62052,-88.1457,WI,Marinette,Dunbar
54119,45.62052,-88.1457,WI,Marinette,Pembine
54120,45.763549,-88.446898,WI,Florence,Fence
54121,45.921716,-88.250804,WI,Florence,Florence
54123,44.207672,-88.144352,WI,Calumet,Forest Jct
54123,44.207672,-88.144352,WI,Calumet,Forest Junction
54124,44.903377,-88.341021,WI,Oconto,Gillett
54124,44.903377,-88.341021,WI,Oconto,Pulcifer
54124,44.903377,-88.341021,WI,Oconto,Underhill
54125,45.627299,-88.356646,WI,Marinette,Goodman
54126,44.30622,-88.0248,WI,Brown,Greenleaf
54126,44.30622,-88.0248,WI,Brown,Wayside
54127,44.795152,-88.270695,WI,Shawano,Green Valley
54128,44.841941,-88.817707,WI,Shawano,Gresham
54129,44.14689,-88.172336,WI,Calumet,Hilbert
54130,44.291186,-88.273071,WI,Outagamie,Kaukauna
54131,44.386389,-88.288611,WI,Outagamie,Freedom
54131,44.386389,-88.288611,WI,Outagamie,Kaukauna
54135,44.897092,-88.546594,WI,Menominee,Keshena
54136,44.269942,-88.34069,WI,Outagamie,Kimberly
54137,44.764066,-88.228053,WI,Shawano,Krakow
54138,45.322736,-88.486596,WI,Oconto,Lakewood
54139,44.93526,-88.05498,WI,Oconto,Lena
54139,44.93526,-88.05498,WI,Oconto,Stiles
54140,44.283758,-88.309465,WI,Outagamie,Little Chute
54141,44.643255,-88.035252,WI,Oconto,Little Suamico
54141,44.643255,-88.035252,WI,Oconto,Ltl Suamico
54143,45.091002,-87.625627,WI,Marinette,Marinette
54143,45.091002,-87.625627,WI,Marinette,Menekaunee
54149,45.209853,-88.504452,WI,Oconto,Mountain
54150,44.988343,-88.859236,WI,Menominee,Neopit
54151,45.751192,-88.002009,WI,Marinette,Niagara
54152,44.565309,-88.463726,WI,Outagamie,Nichols
54153,44.893296,-87.900009,WI,Oconto,Oconto
54153,44.893296,-87.900009,WI,Oconto,Pensaukee
54154,44.874146,-88.164099,WI,Oconto,Oconto Falls
54154,44.874146,-88.164099,WI,Oconto,Ocontofalls
54155,44.532148,-88.162973,WI,Brown,Oneida
54156,45.61038,-87.9441,WI,Marinette,Beecher
54156,45.61038,-87.9441,WI,Marinette,Pembine
54157,45.05522,-87.758537,WI,Marinette,Peshtigo
54159,45.20508,-87.79518,WI,Marinette,Loomis
54159,45.20508,-87.79518,WI,Marinette,Porterfield
54160,44.119133,-88.096915,WI,Calumet,Potter
54161,45.098136,-88.211847,WI,Marinette,Pound
54162,44.651006,-88.212562,WI,Brown,Angelica
54162,44.651006,-88.212562,WI,Brown,Kunesh
54162,44.651006,-88.212562,WI,Brown,Pulaski
54162,44.651006,-88.212562,WI,Brown,South Chase
54165,44.500193,-88.301344,WI,Outagamie,Hofa Park
54165,44.500193,-88.301344,WI,Outagamie,Isaar
54165,44.500193,-88.301344,WI,Outagamie,Seymour
54166,44.780208,-88.590326,WI,Shawano,Shawano
54166,44.780208,-88.590326,WI,Shawano,Thornton
54169,44.174879,-88.25861,WI,Calumet,Sherwood
54170,44.439937,-88.57801,WI,Outagamie,Shiocton
54171,44.7216,-88.12416,WI,Oconto,Krakow
54171,44.7216,-88.12416,WI,Oconto,Sobieski
54173,44.639018,-88.035848,WI,Brown,Suamico
54174,45.035299,-88.37723,WI,Oconto,Suring
54175,45.315886,-88.616239,WI,Oconto,Townsend
54177,45.360633,-87.911018,WI,Marinette,Wausaukee
54180,44.325104,-88.169588,WI,Brown,Wrightstown
54182,44.733306,-88.358285,WI,Shawano,Bonduel
54182,44.733306,-88.358285,WI,Shawano,Zachow
54201,44.607804,-87.447524,WI,Kewaunee,Algoma
54201,44.607804,-87.447524,WI,Kewaunee,Rio Creek
54202,45.067316,-87.143147,WI,Door,Baileys Harbor
54202,45.067316,-87.143147,WI,Door,Baileys Hbr
54204,44.749355,-87.634647,WI,Door,Brussels
54205,44.554361,-87.624666,WI,Kewaunee,Casco
54207,44.085255,-87.981193,WI,Manitowoc,Collins
54208,44.368075,-87.854079,WI,Brown,Denmark
54208,44.368075,-87.854079,WI,Brown,Langes Corner
54208,44.368075,-87.854079,WI,Brown,Stangelville
54209,45.017597,-87.282895,WI,Door,Egg Harbor
54210,45.261249,-87.042797,WI,Door,Ellison Bay
54211,45.155329,-87.164732,WI,Door,Ephraim
54212,45.105511,-87.217607,WI,Door,Fish Creek
54213,44.703669,-87.502686,WI,Door,Forestville
54214,44.205072,-87.71925,WI,Manitowoc,Francis Creek
54215,44.218693,-87.814613,WI,Manitowoc,Kellnersville
54216,44.451161,-87.514802,WI,Kewaunee,Kewaunee
54217,44.59416,-87.71592,WI,Kewaunee,Dyckesville
54217,44.59416,-87.71592,WI,Kewaunee,Luxemburg
54220,44.095713,-87.71106,WI,Manitowoc,Manitowoc
54221,44.128906,-87.605902,WI,Manitowoc,Manitowoc
54226,44.72423,-87.483531,WI,Door,Maplewood
54227,44.283146,-87.809314,WI,Manitowoc,Maribel
54228,44.264424,-87.649973,WI,Manitowoc,Mishicot
54229,44.559527,-87.833095,WI,Brown,New Franken
54230,44.15139,-87.921245,WI,Manitowoc,Cato
54230,44.15139,-87.921245,WI,Manitowoc,Reedsville
54232,44.00442,-87.92425,WI,Manitowoc,Saint Nazianz
54232,44.00442,-87.92425,WI,Manitowoc,St Nazianz
54234,45.189269,-87.114286,WI,Door,Sister Bay
54235,44.84316,-87.39726,WI,Door,Institute
54235,44.84316,-87.39726,WI,Door,Jacksonport
54235,44.84316,-87.39726,WI,Door,Sevastopol
54235,44.84316,-87.39726,WI,Door,Sturgeon Bay
54235,44.84316,-87.39726,WI,Door,Valmy
54240,44.327519,-87.623779,WI,Manitowoc,Tisch Mills
54241,44.180296,-87.602195,WI,Manitowoc,Two Rivers
54245,44.034289,-87.883227,WI,Manitowoc,Valders
54246,45.370595,-86.902605,WI,Door,Washington Is
54246,45.370595,-86.902605,WI,Door,Washington Island
54247,44.183956,-87.792516,WI,Manitowoc,Branch
54247,44.183956,-87.792516,WI,Manitowoc,Whitelaw
54301,44.4775,-88.016111,WI,Brown,Allouez
54301,44.4775,-88.016111,WI,Brown,Green Bay
54301,44.4775,-88.016111,WI,Brown,Scott
54302,44.505133,-87.971774,WI,Brown,Green Bay
54302,44.505133,-87.971774,WI,Brown,Preble
54303,44.529758,-88.061259,WI,Brown,Green Bay
54303,44.529758,-88.061259,WI,Brown,Howard
54304,44.503211,-88.06735,WI,Brown,Ashwaubenon
54304,44.503211,-88.06735,WI,Brown,Green Bay
54305,44.533152,-88.096245,WI,Brown,Green Bay
54306,44.519509,-88.017667,WI,Brown,Green Bay
54307,44.532127,-88.094902,WI,Brown,Green Bay
54308,44.509218,-87.934095,WI,Brown,Green Bay
54311,44.493458,-87.928499,WI,Brown,Bellevue
54311,44.493458,-87.928499,WI,Brown,Green Bay
54313,44.558732,-88.102722,WI,Brown,Ashwaubenon
54313,44.558732,-88.102722,WI,Brown,Green Bay
54313,44.558732,-88.102722,WI,Brown,Hobart
54313,44.558732,-88.102722,WI,Brown,Howard
54313,44.558732,-88.102722,WI,Brown,Suamico
54324,44.479479,-88.021349,WI,Brown,Green Bay
54324,44.479479,-88.021349,WI,Brown,Hansen Road
54344,44.41919,-88.104737,WI,Brown,Employers Health Insure Cos
54344,44.41919,-88.104737,WI,Brown,Employers Hlt Ins Co
54344,44.41919,-88.104737,WI,Brown,Green Bay
54401,44.96054,-89.656218,WI,Marathon,Rib Mountain
54401,44.96054,-89.656218,WI,Marathon,Wausau
54402,45.020657,-89.647204,WI,Marathon,Wausau
54403,44.960699,-89.599298,WI,Marathon,Wausau
54404,44.667961,-90.168447,WI,Wood,Figis Inc
54404,44.667961,-90.168447,WI,Wood,Marshfield
54405,44.948218,-90.321911,WI,Clark,Abbotsford
54406,44.424411,-89.318885,WI,Portage,Amherst
54407,44.518339,-89.294289,WI,Portage,Amherst Jct
54407,44.518339,-89.294289,WI,Portage,Amherst Junction
54407,44.518339,-89.294289,WI,Portage,Lake Emily
54408,45.045303,-89.291462,WI,Marathon,Aniwa
54408,45.045303,-89.291462,WI,Marathon,Hogarty
54409,45.137836,-89.151432,WI,Langlade,Antigo
54410,44.542991,-90.047517,WI,Wood,Arpin
54410,44.542991,-90.047517,WI,Wood,Bethel
54411,45.034525,-90.084577,WI,Marathon,Athens
54411,45.034525,-90.084577,WI,Marathon,Hamburg
54411,45.034525,-90.084577,WI,Marathon,Milan
54411,45.034525,-90.084577,WI,Marathon,Weurtsburg
54412,44.636525,-90.00453,WI,Wood,Auburndale
54413,44.28085,-90.112996,WI,Wood,Babcock
54413,44.28085,-90.112996,WI,Wood,Remington
54414,44.932433,-89.211831,WI,Shawano,Birnamwood
54414,44.932433,-89.211831,WI,Shawano,Norrie
54415,44.618384,-89.918069,WI,Wood,Blenker
54416,44.862605,-88.981079,WI,Shawano,Bowler
54417,45.02775,-89.651093,WI,Marathon,Brokaw
54418,45.22032,-88.96866,WI,Langlade,Bryant
54418,45.22032,-88.96866,WI,Langlade,Deerbrook
54418,45.22032,-88.96866,WI,Langlade,Polar
54420,44.574394,-90.3003,WI,Clark,Chili
54421,44.912425,-90.319914,WI,Clark,Colby
54422,44.953643,-90.433401,WI,Clark,Curtiss
54422,44.953643,-90.433401,WI,Clark,Hoard
54423,44.582844,-89.419872,WI,Portage,Custer
54423,44.582844,-89.419872,WI,Portage,Polonia
54424,45.24245,-89.15616,WI,Langlade,Deerbrook
54424,45.24245,-89.15616,WI,Langlade,Kempster
54424,45.24245,-89.15616,WI,Langlade,Neva Corners
54425,45.006873,-90.331133,WI,Clark,Dorchester
54426,44.892081,-89.992307,WI,Marathon,Edgar
54426,44.892081,-89.992307,WI,Marathon,Fenwood
54426,44.892081,-89.992307,WI,Marathon,Poniatowski
54426,44.892081,-89.992307,WI,Marathon,Rib Falls
54427,44.821512,-89.266141,WI,Marathon,Eland
54428,45.45876,-89.11014,WI,Langlade,Elcho
54428,45.45876,-89.11014,WI,Langlade,Post Lake
54429,44.782305,-89.246015,WI,Marathon,Elderon
54430,45.150241,-88.895219,WI,Langlade,Elton
54432,44.76738,-89.21604,WI,Marathon,Galloway
54432,44.76738,-89.21604,WI,Marathon,Wittenberg
54433,45.214708,-90.818461,WI,Taylor,Donald
54433,45.214708,-90.818461,WI,Taylor,Gilman
54433,45.214708,-90.818461,WI,Taylor,Polley
54434,45.329087,-90.74286,WI,Taylor,Gilman
54434,45.329087,-90.74286,WI,Taylor,Jump River
54435,45.400965,-89.462214,WI,Lincoln,Bloomville
54435,45.400965,-89.462214,WI,Lincoln,Gleason
54435,45.400965,-89.462214,WI,Lincoln,Harrison
54435,45.400965,-89.462214,WI,Lincoln,Jeffris
54435,45.400965,-89.462214,WI,Lincoln,Parrish
54435,45.400965,-89.462214,WI,Lincoln,Summit
54436,44.569207,-90.452286,WI,Clark,Granton
54436,44.569207,-90.452286,WI,Clark,Lynn
54436,44.569207,-90.452286,WI,Clark,York
54437,44.768935,-90.603954,WI,Clark,Eaton
54437,44.768935,-90.603954,WI,Clark,Greenwood
54439,45.242751,-90.740469,WI,Taylor,Hannibal
54440,44.822844,-89.379647,WI,Marathon,Bevent
54440,44.822844,-89.379647,WI,Marathon,Hatley
54441,44.642149,-90.103456,WI,Wood,Hewitt
54441,44.642149,-90.103456,WI,Wood,Marshfield
54442,45.423722,-89.692568,WI,Lincoln,Birch
54442,45.423722,-89.692568,WI,Lincoln,Irma
54442,45.423722,-89.692568,WI,Lincoln,Skanawan
54443,44.604785,-89.748588,WI,Portage,Carson
54443,44.604785,-89.748588,WI,Portage,Eau Pleine
54443,44.604785,-89.748588,WI,Portage,Junction City
54446,44.736705,-90.493341,WI,Clark,Loyal
54446,44.736705,-90.493341,WI,Clark,Spokeville
54447,45.122508,-90.693652,WI,Taylor,Lublin
54448,44.930712,-89.834421,WI,Marathon,Little Chicago
54448,44.930712,-89.834421,WI,Marathon,Ltl Chicago
54448,44.930712,-89.834421,WI,Marathon,Marathon
54448,44.930712,-89.834421,WI,Marathon,Marathon City
54449,44.6121,-90.18792,WI,Wood,Bakerville
54449,44.6121,-90.18792,WI,Wood,Lindsey
54449,44.6121,-90.18792,WI,Wood,Marshfield
54449,44.6121,-90.18792,WI,Wood,McMillan
54450,45.005716,-89.042156,WI,Shawano,Mattoon
54451,45.17028,-90.37074,WI,Taylor,Chelsea
54451,45.17028,-90.37074,WI,Taylor,Esadore Lake
54451,45.17028,-90.37074,WI,Taylor,Goodrich
54451,45.17028,-90.37074,WI,Taylor,Little Black
54451,45.17028,-90.37074,WI,Taylor,Medford
54451,45.17028,-90.37074,WI,Taylor,Perkinstown
54451,45.17028,-90.37074,WI,Taylor,Whittlesey
54452,45.182325,-89.694701,WI,Lincoln,Corning
54452,45.182325,-89.694701,WI,Lincoln,Harding
54452,45.182325,-89.694701,WI,Lincoln,Merrill
54452,45.182325,-89.694701,WI,Lincoln,Schley
54454,44.602472,-89.883051,WI,Wood,Milladore
54454,44.602472,-89.883051,WI,Wood,Sherry
54455,44.788648,-89.687985,WI,Marathon,Ashley
54455,44.788648,-89.687985,WI,Marathon,Dancy
54455,44.788648,-89.687985,WI,Marathon,Halder
54455,44.788648,-89.687985,WI,Marathon,Knowlton
54455,44.788648,-89.687985,WI,Marathon,Kronenwetter
54455,44.788648,-89.687985,WI,Marathon,Moon
54455,44.788648,-89.687985,WI,Marathon,Mosinee
54455,44.788648,-89.687985,WI,Marathon,Peplin
54456,44.563991,-90.593555,WI,Clark,Christie
54456,44.563991,-90.593555,WI,Clark,Neillsville
54457,44.25192,-89.86104,WI,Wood,Nekoosa
54457,44.25192,-89.86104,WI,Wood,Rome
54458,44.493237,-89.311107,WI,Portage,Nelsonville
54459,45.43596,-90.242894,WI,Price,Ogema
54460,44.947848,-90.563733,WI,Clark,Atwood
54460,44.947848,-90.563733,WI,Clark,Green Grove
54460,44.947848,-90.563733,WI,Clark,Owen
54462,45.388277,-89.085985,WI,Langlade,Pearson
54463,45.502399,-89.159806,WI,Oneida,Pelican Lake
54464,45.049754,-89.016863,WI,Langlade,Phlox
54465,45.374025,-88.89595,WI,Langlade,Pickerel
54466,44.4481,-90.177921,WI,Wood,City Point
54466,44.4481,-90.177921,WI,Wood,Dexterville
54466,44.4481,-90.177921,WI,Wood,Pittsville
54466,44.4481,-90.177921,WI,Wood,Pray
54466,44.4481,-90.177921,WI,Wood,Veedum
54467,44.43981,-89.544706,WI,Portage,Buena Vista
54467,44.43981,-89.544706,WI,Portage,Coddington
54467,44.43981,-89.544706,WI,Portage,Plover
54469,44.350304,-89.868238,WI,Wood,Port Edwards
54470,45.320557,-90.194188,WI,Taylor,Rib Lake
54471,44.896444,-89.426641,WI,Marathon,Ringle
54472,44.662245,-90.175187,WI,Wood,FIGIS
54472,44.662245,-90.175187,WI,Wood,Marshfield
54473,44.630777,-89.318589,WI,Portage,Alban
54473,44.630777,-89.318589,WI,Portage,Rosholt
54474,44.933333,-89.6,WI,Marathon,Rothschild
54474,44.933333,-89.6,WI,Marathon,Weston
54475,44.479985,-89.802355,WI,Wood,Rudolph
54476,44.906068,-89.571594,WI,Marathon,Kelly
54476,44.906068,-89.571594,WI,Marathon,Schofield
54476,44.906068,-89.571594,WI,Marathon,Weston
54479,44.756325,-90.297794,WI,Marathon,Riplinger
54479,44.756325,-90.297794,WI,Marathon,Spencer
54480,45.078102,-90.315158,WI,Taylor,Deer Creek
54480,45.078102,-90.315158,WI,Taylor,Stetsonville
54481,44.54298,-89.56446,WI,Portage,Arnott
54481,44.54298,-89.56446,WI,Portage,Dewey
54481,44.54298,-89.56446,WI,Portage,Ellis
54481,44.54298,-89.56446,WI,Portage,Hull
54481,44.54298,-89.56446,WI,Portage,Jordan
54481,44.54298,-89.56446,WI,Portage,Linwood
54481,44.54298,-89.56446,WI,Portage,Park Ridge
54481,44.54298,-89.56446,WI,Portage,Stevens Point
54481,44.54298,-89.56446,WI,Portage,Stockton
54481,44.54298,-89.56446,WI,Portage,Whiting
54484,44.797647,-90.067948,WI,Marathon,Rozellville
54484,44.797647,-90.067948,WI,Marathon,Stratford
54485,45.364927,-89.187376,WI,Langlade,Summit Lake
54486,44.743866,-89.041687,WI,Shawano,Hunting
54486,44.743866,-89.041687,WI,Shawano,Morris
54486,44.743866,-89.041687,WI,Shawano,Split Rock
54486,44.743866,-89.041687,WI,Shawano,Tigerton
54486,44.743866,-89.041687,WI,Shawano,Whitcomb
54487,45.47452,-89.727183,WI,Lincoln,Bay Mills
54487,45.47452,-89.727183,WI,Lincoln,Jersey City
54487,45.47452,-89.727183,WI,Lincoln,Tannery
54487,45.47452,-89.727183,WI,Lincoln,Tomahawk
54488,44.849654,-90.320639,WI,Marathon,Unity
54489,44.46139,-89.993344,WI,Wood,Altdorf
54489,44.46139,-89.993344,WI,Wood,Hansen
54489,44.46139,-89.993344,WI,Wood,Seneca Corners
54489,44.46139,-89.993344,WI,Wood,Seneca Cors
54489,44.46139,-89.993344,WI,Wood,Vesper
54490,45.332916,-90.359136,WI,Taylor,Westboro
54491,45.1878,-88.7313,WI,Langlade,Hollister
54491,45.1878,-88.7313,WI,Langlade,Lily
54491,45.1878,-88.7313,WI,Langlade,Markton
54491,45.1878,-88.7313,WI,Langlade,White Lake
54492,44.491605,-89.529732,WI,Portage,Herrschners
54492,44.491605,-89.529732,WI,Portage,Stevens Point
54493,44.697478,-90.815604,WI,Clark,Hendren
54493,44.697478,-90.815604,WI,Clark,Willard
54494,44.35332,-89.74872,WI,Wood,Biron
54494,44.35332,-89.74872,WI,Wood,Grand Rapids
54494,44.35332,-89.74872,WI,Wood,Kellner
54494,44.35332,-89.74872,WI,Wood,Lake Wazeecha
54494,44.35332,-89.74872,WI,Wood,Wisc Rapids
54494,44.35332,-89.74872,WI,Wood,Wisconsin Rapids
54495,44.404404,-89.867303,WI,Wood,Wisc Rapids
54495,44.404404,-89.867303,WI,Wood,Wisconsin Rapids
54498,44.953103,-90.595538,WI,Clark,Clark
54498,44.953103,-90.595538,WI,Clark,Longwood
54498,44.953103,-90.595538,WI,Clark,Maplehurst
54498,44.953103,-90.595538,WI,Clark,Redville
54498,44.953103,-90.595538,WI,Clark,Withee
54499,44.825108,-89.169054,WI,Shawano,Franzen
54499,44.825108,-89.169054,WI,Shawano,Shepley
54499,44.825108,-89.169054,WI,Shawano,Wittenberg
54501,45.69132,-89.3496,WI,Oneida,Lake George
54501,45.69132,-89.3496,WI,Oneida,Monico
54501,45.69132,-89.3496,WI,Oneida,Pelican
54501,45.69132,-89.3496,WI,Oneida,Rhinelander
54501,45.69132,-89.3496,WI,Oneida,Starks
54501,45.69132,-89.3496,WI,Oneida,Stella
54501,45.69132,-89.3496,WI,Oneida,Sugar Camp
54501,45.69132,-89.3496,WI,Oneida,Woodboro
54511,45.724974,-88.860373,WI,Forest,Argonne
54511,45.724974,-88.860373,WI,Forest,Cavour
54511,45.724974,-88.860373,WI,Forest,Hiles
54511,45.724974,-88.860373,WI,Forest,Newald
54512,46.096191,-89.653823,WI,Vilas,Boulder Jct
54512,46.096191,-89.653823,WI,Vilas,Boulder Junction
54513,45.569485,-90.125463,WI,Price,Brantwood
54514,46.086253,-90.251505,WI,Ashland,Butternut
54515,45.538877,-90.527494,WI,Price,Catawba
54517,46.269533,-90.90174,WI,Ashland,Clam Lake
54519,46.044005,-89.26851,WI,Vilas,Conover
54520,45.568279,-88.904809,WI,Forest,Crandon
54520,45.568279,-88.904809,WI,Forest,Mole Lake
54520,45.568279,-88.904809,WI,Forest,Nashville
54521,45.9105,-89.2245,WI,Vilas,Clearwater Lake
54521,45.9105,-89.2245,WI,Vilas,Clearwater Lk
54521,45.9105,-89.2245,WI,Vilas,Cloverland
54521,45.9105,-89.2245,WI,Vilas,Eagle River
54521,45.9105,-89.2245,WI,Vilas,Washington
54524,45.875946,-90.41707,WI,Price,Fifield
54525,46.43006,-90.222289,WI,Iron,Gile
54526,45.50478,-90.85962,WI,Rusk,Cedar Rapids
54526,45.50478,-90.85962,WI,Rusk,Glen Flora
54526,45.50478,-90.85962,WI,Rusk,Ingram
54527,46.135765,-90.576088,WI,Ashland,Glidden
54529,45.67302,-89.67156,WI,Oneida,Cassian
54529,45.67302,-89.67156,WI,Oneida,Goodnow
54529,45.67302,-89.67156,WI,Oneida,Harshaw
54530,45.510622,-90.712444,WI,Rusk,Hawkins
54530,45.510622,-90.712444,WI,Rusk,South Fork
54531,45.766734,-89.756601,WI,Oneida,Hazelhurst
54532,45.5472,-89.71518,WI,Lincoln,Heafford Jct
54532,45.5472,-89.71518,WI,Lincoln,Heafford Junction
54532,45.5472,-89.71518,WI,Lincoln,Tomahawk
54534,46.481944,-90.305833,WI,Iron,Carey
54534,46.481944,-90.305833,WI,Iron,Hurley
54534,46.481944,-90.305833,WI,Iron,Kimball
54534,46.481944,-90.305833,WI,Iron,Oma
54536,46.414662,-90.271853,WI,Iron,Iron Belt
54537,45.530331,-90.591477,WI,Price,Kennan
54538,45.966884,-89.889537,WI,Vilas,Lac du Flambeau
54538,45.966884,-89.889537,WI,Vilas,Lac Du Flambu
54539,45.807785,-89.581053,WI,Oneida,Lake Tomahawk
54540,46.159664,-89.313769,WI,Vilas,Land O Lakes
54541,45.55848,-88.66428,WI,Forest,Blackwell
54541,45.55848,-88.66428,WI,Forest,Laona
54542,45.84,-88.66,WI,Florence,Alvin
54542,45.84,-88.66,WI,Florence,Long Lake
54542,45.84,-88.66,WI,Florence,Nelma
54542,45.84,-88.66,WI,Florence,Popple River
54542,45.84,-88.66,WI,Florence,Tipler
54543,45.767082,-89.514971,WI,Oneida,Mc Naughton
54543,45.767082,-89.514971,WI,Oneida,McNaughton
54545,46.088375,-89.821821,WI,Vilas,Manitowish Waters
54545,46.088375,-89.821821,WI,Vilas,Manitowsh Wtr
54546,46.324004,-90.656945,WI,Ashland,Cayuga
54546,46.324004,-90.656945,WI,Ashland,Cosy Valley
54546,46.324004,-90.656945,WI,Ashland,Mellen
54546,46.324004,-90.656945,WI,Ashland,Morse
54547,46.1892,-90.07668,WI,Iron,Mercer
54548,45.862814,-89.759011,WI,Oneida,Minocqua
54550,46.415615,-90.262829,WI,Iron,Montreal
54550,46.415615,-90.262829,WI,Iron,Pence
54552,45.93138,-90.39714,WI,Price,Eisenstein
54552,45.93138,-90.39714,WI,Price,Kaiser
54552,45.93138,-90.39714,WI,Price,Lake
54552,45.93138,-90.39714,WI,Price,Lymantown
54552,45.93138,-90.39714,WI,Price,Park Falls
54552,45.93138,-90.39714,WI,Price,Sherman
54552,45.93138,-90.39714,WI,Price,Springstead
54554,46.063958,-89.06936,WI,Vilas,Phelps
54555,45.691966,-90.401212,WI,Price,Elk
54555,45.691966,-90.401212,WI,Price,Hackett
54555,45.691966,-90.401212,WI,Price,Luger
54555,45.691966,-90.401212,WI,Price,Lugerville
54555,45.691966,-90.401212,WI,Price,Phillips
54555,45.691966,-90.401212,WI,Price,Worcester
54556,45.545892,-90.290937,WI,Price,Prentice
54557,46.22382,-89.75892,WI,Vilas,Presque Isle
54557,46.22382,-89.75892,WI,Vilas,Winchester
54558,45.926415,-89.481221,WI,Vilas,Saint Germain
54558,45.926415,-89.481221,WI,Vilas,St Germain
54559,46.522463,-90.55624,WI,Iron,Cedar
54559,46.522463,-90.55624,WI,Iron,Gurney
54559,46.522463,-90.55624,WI,Iron,Saxon
54560,45.993836,-89.52014,WI,Vilas,Plum Lake
54560,45.993836,-89.52014,WI,Vilas,Sayner
54561,46.054444,-89.457952,WI,Vilas,Sayner
54561,46.054444,-89.457952,WI,Vilas,Star Lake
54561,46.054444,-89.457952,WI,Vilas,Starlake
54562,45.805375,-89.123651,WI,Oneida,Clearwater Lake
54562,45.805375,-89.123651,WI,Oneida,Clearwater Lk
54562,45.805375,-89.123651,WI,Oneida,Three Lakes
54563,45.573335,-90.953398,WI,Rusk,Tony
54564,45.646975,-89.98235,WI,Oneida,Spirit Falls
54564,45.646975,-89.98235,WI,Oneida,Tripoli
54565,46.342704,-90.470449,WI,Iron,Hurley
54565,46.342704,-90.470449,WI,Iron,Montreal
54565,46.342704,-90.470449,WI,Iron,Upson
54566,45.438,-88.63128,WI,Forest,Carter
54566,45.438,-88.63128,WI,Forest,Padus
54566,45.438,-88.63128,WI,Forest,Soperton
54566,45.438,-88.63128,WI,Forest,Wabeno
54568,45.96816,-89.69526,WI,Oneida,Arbor Vitae
54568,45.96816,-89.69526,WI,Oneida,Woodruff
54601,43.795836,-91.221089,WI,La Crosse,Barre Mills
54601,43.795836,-91.221089,WI,La Crosse,Campbell
54601,43.795836,-91.221089,WI,La Crosse,French Island
54601,43.795836,-91.221089,WI,La Crosse,La Crosse
54601,43.795836,-91.221089,WI,La Crosse,Shelby
54602,43.827618,-91.232393,WI,La Crosse,La Crosse
54602,43.827618,-91.232393,WI,La Crosse,Lacrosse
54603,43.848862,-91.249344,WI,La Crosse,La Crosse
54603,43.848862,-91.249344,WI,La Crosse,Lacrosse
54610,44.32505,-91.912041,WI,Buffalo,Alma
54610,44.32505,-91.912041,WI,Buffalo,Cream
54611,44.433888,-90.911967,WI,Jackson,Alma Center
54612,44.249616,-91.495065,WI,Trempealeau,Arcadia
54613,44.064139,-89.898982,WI,Adams,Arkdale
54613,44.064139,-89.898982,WI,Adams,Big Flats
54613,44.064139,-89.898982,WI,Adams,Monroe Center
54614,43.890535,-90.983181,WI,La Crosse,Bangor
54614,43.890535,-90.983181,WI,La Crosse,Middle Ridge
54614,43.890535,-90.983181,WI,La Crosse,Newburg Corners
54615,44.290491,-90.846708,WI,Jackson,Black River Falls
54615,44.290491,-90.846708,WI,Jackson,Blk Riv Falls
54615,44.290491,-90.846708,WI,Jackson,Blk River Fls
54616,44.291331,-91.231237,WI,Trempealeau,Blair
54618,43.921069,-90.271708,WI,Juneau,Camp Douglas
54618,43.921069,-90.271708,WI,Juneau,Cutler
54619,43.74354,-90.77712,WI,Monroe,Cashton
54620,44.091177,-90.842545,WI,Monroe,Cataract
54621,43.655814,-91.012569,WI,Vernon,Chaseburg
54622,44.27178,-91.8732,WI,Buffalo,Buffalo City
54622,44.27178,-91.8732,WI,Buffalo,Cochrane
54622,44.27178,-91.8732,WI,Buffalo,Waumandee
54623,43.702221,-91.011762,WI,Vernon,Coon Valley
54624,43.485556,-91.2125,WI,Vernon,De Soto
54624,43.485556,-91.2125,WI,Vernon,Victory
54625,44.24714,-91.491184,WI,Trempealeau,Dodge
54626,43.193536,-91.014896,WI,Crawford,Eastman
54626,43.193536,-91.014896,WI,Crawford,Lynxville
54627,44.174018,-91.271068,WI,Trempealeau,Ettrick
54628,43.381985,-91.00356,WI,Crawford,Ferryville
54629,44.128251,-91.715157,WI,Buffalo,Fountain City
54630,44.076034,-91.362035,WI,Trempealeau,Centerville
54630,44.076034,-91.362035,WI,Trempealeau,Galesville
54631,43.291823,-90.867048,WI,Crawford,Bell Center
54631,43.291823,-90.867048,WI,Crawford,Gays Mills
54632,43.563766,-91.228395,WI,Vernon,Genoa
54634,43.653481,-90.344014,WI,Vernon,Bloom City
54634,43.653481,-90.344014,WI,Vernon,Hillsboro
54634,43.653481,-90.344014,WI,Vernon,Yuba
54635,44.394,-91.03032,WI,Jackson,Hixton
54635,44.394,-91.03032,WI,Jackson,Northfield
54636,43.964762,-91.25845,WI,La Crosse,Holmen
54637,43.876945,-90.275207,WI,Juneau,Camp Douglas
54637,43.876945,-90.275207,WI,Juneau,Hustler
54638,43.811197,-90.403788,WI,Monroe,Kendall
54639,43.616403,-90.624741,WI,Vernon,La Farge
54639,43.616403,-90.624741,WI,Vernon,West Lima
54640,43.247471,-91.049339,WI,Crawford,Lynxville
54641,44.144423,-90.308515,WI,Juneau,Mather
54642,44.135999,-90.993372,WI,Jackson,Melrose
54643,44.192529,-90.64936,WI,Jackson,Millston
54644,44.027989,-91.050927,WI,La Crosse,Mindoro
54645,43.314232,-90.930144,WI,Crawford,Mount Sterling
54645,43.314232,-90.930144,WI,Crawford,Mt Sterling
54646,44.03343,-90.083429,WI,Juneau,Cutler
54646,44.03343,-90.083429,WI,Juneau,Necedah
54648,43.822777,-90.660681,WI,Monroe,Norwalk
54649,43.960617,-90.381272,WI,Monroe,Oakdale
54650,43.88582,-91.21725,WI,La Crosse,Onalaska
54651,43.723689,-90.589316,WI,Vernon,Ontario
54652,43.454272,-90.76295,WI,Vernon,Readstown
54653,43.905028,-90.915548,WI,La Crosse,Rockland
54654,43.263385,-90.956187,WI,Crawford,Seneca
54655,43.385327,-90.769115,WI,Crawford,Soldier Grove
54655,43.385327,-90.769115,WI,Crawford,Soldiers Grove
54656,43.948001,-90.811171,WI,Monroe,Camp McCoy
54656,43.948001,-90.811171,WI,Monroe,Fort McCoy
54656,43.948001,-90.811171,WI,Monroe,Sparta
54657,43.202357,-90.856293,WI,Crawford,Steuben
54658,43.663195,-91.218401,WI,Vernon,Stoddard
54659,44.328279,-91.108533,WI,Jackson,Taylor
54660,43.9941,-90.45972,WI,Monroe,Tomah
54660,43.9941,-90.45972,WI,Monroe,Wyeville
54661,44.006596,-91.437566,WI,Trempealeau,Trempealeau
54662,43.999554,-90.560139,WI,Monroe,Tunnel City
54664,43.443473,-90.676698,WI,Richland,Viola
54665,43.555035,-90.889322,WI,Vernon,Viroqua
54666,44.130962,-90.500162,WI,Monroe,Warrens
54667,43.653908,-90.859455,WI,Vernon,Bloomingdale
54667,43.653908,-90.859455,WI,Vernon,Westby
54669,43.899638,-91.087027,WI,La Crosse,West Salem
54670,43.814109,-90.531731,WI,Monroe,Wilton
54701,44.794997,-91.48326,WI,Eau Claire,Caryville
54701,44.794997,-91.48326,WI,Eau Claire,Eau Claire
54702,44.81426,-91.501979,WI,Eau Claire,Eau Claire
54703,44.824477,-91.498625,WI,Eau Claire,Eau Claire
54703,44.824477,-91.498625,WI,Eau Claire,Hallie
54720,44.801507,-91.436012,WI,Eau Claire,Altoona
54721,44.619614,-92.069589,WI,Pepin,Arkansaw
54722,44.686753,-91.128347,WI,Eau Claire,Augusta
54723,44.588796,-92.45338,WI,Pierce,Bay City
54724,45.100309,-91.483314,WI,Chippewa,Bloomer
54724,45.100309,-91.483314,WI,Chippewa,Eagleton
54725,45.042696,-92.037334,WI,Dunn,Boyceville
54725,45.042696,-92.037334,WI,Dunn,Connorsville
54726,44.951426,-91.041064,WI,Chippewa,Boyd
54726,44.951426,-91.041064,WI,Chippewa,Edson
54727,44.939274,-91.171476,WI,Chippewa,Cadott
54727,44.939274,-91.171476,WI,Chippewa,Crescent
54728,45.317036,-91.673079,WI,Barron,Chetek
54729,45.031667,-91.395833,WI,Chippewa,Bateman
54729,45.031667,-91.395833,WI,Chippewa,Chippewa Falls
54729,45.031667,-91.395833,WI,Chippewa,Chippewa Fls
54729,45.031667,-91.395833,WI,Chippewa,Eagle Point
54729,45.031667,-91.395833,WI,Chippewa,Hallie
54729,45.031667,-91.395833,WI,Chippewa,Lafayette
54729,45.031667,-91.395833,WI,Chippewa,Lake Hallie
54729,45.031667,-91.395833,WI,Chippewa,Lake Wissota
54729,45.031667,-91.395833,WI,Chippewa,Tilden
54730,44.999975,-91.723838,WI,Dunn,Albertville
54730,44.999975,-91.723838,WI,Dunn,Colfax
54731,45.371134,-91.060975,WI,Rusk,Conrath
54732,45.153053,-91.159144,WI,Chippewa,Cornell
54733,45.262056,-91.842404,WI,Barron,Dallas
54733,45.262056,-91.842404,WI,Barron,Hillsdale
54734,45.044489,-92.107248,WI,Dunn,Downing
54735,44.775978,-91.930577,WI,Dunn,Downsville
54736,44.628057,-91.96196,WI,Pepin,Durand
54737,44.723211,-92.050773,WI,Dunn,Eau Galle
54738,44.572874,-91.472242,WI,Trempealeau,Cleghorn
54738,44.572874,-91.472242,WI,Trempealeau,Eleva
54739,44.874354,-91.690543,WI,Dunn,Elk Mound
54740,44.782104,-92.151312,WI,Pierce,Elmwood
54741,44.599672,-90.960257,WI,Eau Claire,Fairchild
54742,44.754625,-91.331294,WI,Eau Claire,Brackett
54742,44.754625,-91.331294,WI,Eau Claire,Fall Creek
54743,44.468305,-91.675117,WI,Buffalo,Gilmanton
54745,45.243772,-91.204691,WI,Chippewa,Holcombe
54745,45.243772,-91.204691,WI,Chippewa,Lake Holcombe
54746,44.544399,-90.870773,WI,Clark,Humbird
54747,44.358587,-91.422932,WI,Trempealeau,Elk Creek
54747,44.358587,-91.422932,WI,Trempealeau,Independence
54748,45.06805,-91.259361,WI,Chippewa,Jim Falls
54749,44.962067,-92.073568,WI,Dunn,Knapp
54750,44.562824,-92.308633,WI,Pierce,Maiden Rock
54751,44.877251,-91.923866,WI,Dunn,Cedar Falls
54751,44.877251,-91.923866,WI,Dunn,Menomonie
54751,44.877251,-91.923866,WI,Dunn,North Menomonie
54751,44.877251,-91.923866,WI,Dunn,Rusk
54754,44.44674,-90.81816,WI,Jackson,Hatfield
54754,44.44674,-90.81816,WI,Jackson,Merrillan
54755,44.566394,-91.671809,WI,Buffalo,Modena
54755,44.566394,-91.671809,WI,Buffalo,Mondovi
54756,44.440524,-92.014778,WI,Buffalo,Nelson
54757,45.24504,-91.47024,WI,Chippewa,Island Lake
54757,45.24504,-91.47024,WI,Chippewa,New Auburn
54758,44.576212,-91.220707,WI,Trempealeau,Foster
54758,44.576212,-91.220707,WI,Trempealeau,Osseo
54759,44.441752,-92.149129,WI,Pepin,Pepin
54760,44.426866,-91.20448,WI,Trempealeau,Pigeon Falls
54761,44.633891,-92.192436,WI,Pierce,Plum City
54762,45.255879,-91.978677,WI,Barron,Prairie Farm
54763,45.217676,-91.906935,WI,Dunn,Ridgeland
54764,44.718965,-91.691873,WI,Dunn,Mondovi
54764,44.718965,-91.691873,WI,Dunn,Rock Falls
54765,45.170922,-91.702804,WI,Dunn,Sand Creek
54766,45.309937,-90.902709,WI,Rusk,Sheldon
54767,44.846147,-92.241815,WI,Pierce,Martell
54767,44.846147,-92.241815,WI,Pierce,Spring Valley
54768,44.964604,-90.935717,WI,Chippewa,Stanley
54769,44.483986,-92.266896,WI,Pepin,Stockholm
54770,44.546891,-91.38904,WI,Trempealeau,Strum
54771,44.957639,-90.80096,WI,Clark,Thorp
54772,45.042301,-91.908178,WI,Dunn,Wheeler
54773,44.367306,-91.320405,WI,Trempealeau,Whitehall
54774,44.933706,-91.39151,WI,Chippewa,Chippewa Falls
54774,44.933706,-91.39151,WI,Chippewa,Chippewa Fls
54774,44.933706,-91.39151,WI,Chippewa,Mason Shoe
54801,45.892439,-92.071809,WI,Washburn,Spooner
54805,45.414226,-92.029086,WI,Barron,Almena
54806,46.590566,-90.878699,WI,Ashland,Ashland
54806,46.590566,-90.878699,WI,Ashland,Bad River Indian Reservation
54806,46.590566,-90.878699,WI,Ashland,Lac Courte Oreilles Indian R
54806,46.590566,-90.878699,WI,Ashland,Lac du Flambeau Reservation
54806,46.590566,-90.878699,WI,Ashland,Moquah
54806,46.590566,-90.878699,WI,Ashland,Oneida Indian Reservation
54806,46.590566,-90.878699,WI,Ashland,Potawatomi Indian Reservatio
54806,46.590566,-90.878699,WI,Ashland,Red Cliff Indian Reservation
54806,46.590566,-90.878699,WI,Ashland,Sanborn
54806,46.590566,-90.878699,WI,Ashland,Stockbridge Indian Reservati
54810,45.470233,-92.457874,WI,Polk,Balsam Lake
54812,45.401861,-91.872294,WI,Barron,Barron
54812,45.401861,-91.872294,WI,Barron,Poskin
54813,45.673321,-92.101259,WI,Barron,Barronett
54814,46.82436,-90.83046,WI,Bayfield,Apostle Islands National Lak
54814,46.82436,-90.83046,WI,Bayfield,Bayfield
54814,46.82436,-90.83046,WI,Bayfield,Red Cliff
54816,46.503624,-91.0772,WI,Bayfield,Benoit
54816,46.503624,-91.0772,WI,Bayfield,Mason
54817,45.61963,-91.595128,WI,Washburn,Birchwood
54818,45.604237,-91.672272,WI,Barron,Brill
54818,45.604237,-91.672272,WI,Barron,Haugen
54819,45.458529,-91.274154,WI,Rusk,Bruce
54820,46.536562,-91.557372,WI,Douglas,Brule
54821,46.225837,-91.170886,WI,Bayfield,Cable
54822,45.397937,-91.713596,WI,Barron,Cameron
54824,45.448916,-92.546255,WI,Polk,Centuria
54826,45.486641,-92.088794,WI,Barron,Comstock
54827,46.853475,-91.092584,WI,Bayfield,Cornucopia
54828,45.796363,-91.343774,WI,Sawyer,Couderay
54828,45.796363,-91.343774,WI,Sawyer,New Post
54829,45.535961,-92.018076,WI,Barron,Cumberland
54830,45.998019,-92.252388,WI,Burnett,Dairyland
54830,45.998019,-92.252388,WI,Burnett,Danbury
54830,45.998019,-92.252388,WI,Burnett,Webb Lake
54830,45.998019,-92.252388,WI,Burnett,Yellow Lake
54832,46.33419,-91.33582,WI,Bayfield,Drummond
54834,45.742045,-91.477826,WI,Sawyer,Birchwood
54834,45.742045,-91.477826,WI,Sawyer,Edgewater
54835,45.676386,-91.234509,WI,Sawyer,Exeland
54836,46.484657,-92.187393,WI,Douglas,Foxboro
54837,45.703572,-92.475946,WI,Polk,Clam Falls
54837,45.703572,-92.475946,WI,Polk,Frederic
54837,45.703572,-92.475946,WI,Polk,Lewis
54837,45.703572,-92.475946,WI,Polk,Trade Lake
54838,46.198672,-91.897453,WI,Douglas,Gordon
54838,46.198672,-91.897453,WI,Douglas,Wascott
54839,46.347438,-91.10413,WI,Bayfield,Grand View
54840,45.751715,-92.652724,WI,Burnett,Grantsburg
54841,45.611851,-91.7817,WI,Barron,Haugen
54842,46.503826,-91.863004,WI,Douglas,Hawthorne
54843,46.018712,-91.46296,WI,Sawyer,Hayward
54843,46.018712,-91.46296,WI,Sawyer,Lco Commercial Cent
54843,46.018712,-91.46296,WI,Sawyer,N Woods Beach
54843,46.018712,-91.46296,WI,Sawyer,North Woods Beach
54844,46.776022,-91.22842,WI,Bayfield,Herbster
54845,45.805378,-92.133134,WI,Burnett,Hertel
54846,46.381203,-90.737197,WI,Ashland,High Bridge
54846,46.381203,-90.737197,WI,Ashland,Highbridge
54846,46.381203,-90.737197,WI,Ashland,Marengo
54847,46.562142,-91.413369,WI,Bayfield,Iron River
54848,45.465609,-91.094582,WI,Rusk,Ladysmith
54849,46.491177,-91.743284,WI,Douglas,Lake Nebagamon
54849,46.491177,-91.743284,WI,Douglas,Lk Nebagamon
54850,46.937248,-90.579819,WI,Ashland,La Pointe
54853,45.569924,-92.473493,WI,Polk,Luck
54854,46.641739,-91.676601,WI,Douglas,Maple
54855,46.356214,-90.846867,WI,Ashland,Marengo
54856,46.43928,-91.08588,WI,Bayfield,Delta
54856,46.43928,-91.08588,WI,Bayfield,Mason
54857,45.590843,-91.599726,WI,Barron,Birchwood
54857,45.590843,-91.599726,WI,Barron,Mikana
54858,45.527734,-92.506351,WI,Polk,Milltown
54859,46.102673,-91.850913,WI,Washburn,Minong
54859,46.102673,-91.850913,WI,Washburn,Wascott
54861,46.56458,-90.658043,WI,Ashland,Odanah
54862,45.803741,-91.114126,WI,Sawyer,Ojibwa
54862,45.803741,-91.114126,WI,Sawyer,Winter
54864,46.57627,-91.819109,WI,Douglas,Poplar
54865,46.730386,-91.391591,WI,Bayfield,Port Wing
54867,45.804361,-91.228172,WI,Sawyer,Radisson
54868,45.516544,-91.733836,WI,Barron,Canton
54868,45.516544,-91.733836,WI,Barron,Rice Lake
54870,45.632426,-91.723092,WI,Washburn,Sarona
54871,45.760737,-92.105442,WI,Washburn,Shell Lake
54872,45.77631,-92.384046,WI,Burnett,Siren
54873,46.39914,-91.74804,WI,Douglas,Barnes
54873,46.39914,-91.74804,WI,Douglas,Bennett
54873,46.39914,-91.74804,WI,Douglas,Solon Springs
54874,46.55856,-91.92096,WI,Douglas,South Range
54874,46.55856,-91.92096,WI,Douglas,Wentworth
54875,45.986961,-91.676053,WI,Washburn,Springbrook
54876,45.810108,-91.53002,WI,Sawyer,Stone Lake
54880,46.705941,-92.074691,WI,Douglas,Superior
54888,45.988585,-91.893391,WI,Washburn,Trego
54889,45.396821,-92.143546,WI,Barron,Turtle Lake
54890,46.175902,-91.798524,WI,Douglas,Wascott
54891,46.672529,-90.896655,WI,Bayfield,Washburn
54893,45.87883,-92.299184,WI,Burnett,Webster
54895,45.425272,-91.413452,WI,Rusk,Weyerhaeuser
54896,45.8421,-90.90762,WI,Sawyer,Loretta
54896,45.8421,-90.90762,WI,Sawyer,Winter
54901,44.017138,-88.538364,WI,Winnebago,Oshkosh
54902,43.999126,-88.669619,WI,Winnebago,Oshkosh
54903,43.997702,-88.560337,WI,Winnebago,Oshkosh
54904,44.024527,-88.617096,WI,Winnebago,Oshkosh
54906,44.018997,-88.553426,WI,Winnebago,Miles Kimball Co
54906,44.018997,-88.553426,WI,Winnebago,Oshkosh
54909,44.303021,-89.341236,WI,Portage,Almond
54911,44.27522,-88.395755,WI,Outagamie,Appleton
54911,44.27522,-88.395755,WI,Outagamie,Grand Chute
54912,44.266623,-88.434674,WI,Outagamie,Appleton
54912,44.266623,-88.434674,WI,Outagamie,Grand Chute
54913,44.263597,-88.413736,WI,Outagamie,Appleton
54913,44.263597,-88.413736,WI,Outagamie,Grand Chute
54914,44.271885,-88.437781,WI,Outagamie,Appleton
54914,44.271885,-88.437781,WI,Outagamie,Grand Chute
54915,44.282485,-88.41276,WI,Outagamie,Appleton
54915,44.282485,-88.41276,WI,Outagamie,Grand Chute
54919,44.268304,-88.396324,WI,Outagamie,Appleton
54919,44.268304,-88.396324,WI,Outagamie,Thrivent Finan For Lutherans
54921,44.304038,-89.543303,WI,Portage,Bancroft
54922,44.53028,-88.724483,WI,Outagamie,Bear Creek
54923,43.969316,-88.947033,WI,Green Lake,Auroraville
54923,43.969316,-88.947033,WI,Green Lake,Berlin
54926,44.622482,-89.01758,WI,Waupaca,Big Falls
54927,44.103693,-88.651664,WI,Winnebago,Bte Des Morts
54927,44.103693,-88.651664,WI,Winnebago,Butte des Morts
54928,44.7524,-88.897245,WI,Shawano,Caroline
54929,44.624076,-88.755627,WI,Waupaca,Clintonville
54930,44.024459,-89.636788,WI,Waushara,Coloma
54930,44.024459,-89.636788,WI,Waushara,Pleasant Lake
54930,44.024459,-89.636788,WI,Waushara,Richford
54931,44.274314,-88.67717,WI,Outagamie,Dale
54932,43.848173,-88.647961,WI,Fond du Lac,Eldorado
54933,44.667842,-88.705156,WI,Waupaca,Embarrass
54934,44.005446,-88.84195,WI,Winnebago,Eureka
54935,43.775242,-88.431561,WI,Fond du Lac,Fdl
54935,43.775242,-88.431561,WI,Fond du Lac,Fond du Lac
54935,43.775242,-88.431561,WI,Fond du Lac,N Fond du Lac
54935,43.775242,-88.431561,WI,Fond du Lac,North Fond du Lac
54935,43.775242,-88.431561,WI,Fond du Lac,Taycheedah
54936,43.773509,-88.447801,WI,Fond du Lac,Fond du Lac
54937,43.808088,-88.480729,WI,Fond du Lac,Fond du Lac
54937,43.808088,-88.480729,WI,Fond du Lac,N Fond du Lac
54937,43.808088,-88.480729,WI,Fond du Lac,North Fond du Lac
54940,44.21135,-88.827485,WI,Waupaca,Fremont
54940,44.21135,-88.827485,WI,Waupaca,Tustin
54941,43.839465,-88.969575,WI,Green Lake,Green Lake
54942,44.308055,-88.550927,WI,Outagamie,Greenville
54943,44.132261,-89.692475,WI,Waushara,Hancock
54944,44.320068,-88.622498,WI,Outagamie,Hortonville
54944,44.320068,-88.622498,WI,Outagamie,Medina
54945,44.510909,-89.133958,WI,Waupaca,Iola
54946,44.358509,-89.119468,WI,Waupaca,King
54947,44.195234,-88.695873,WI,Winnebago,Larsen
54947,44.195234,-88.695873,WI,Winnebago,Winchester
54948,44.778897,-88.888412,WI,Shawano,Leopolis
54949,44.465057,-88.920215,WI,Waupaca,Manawa
54950,44.669625,-88.88609,WI,Waupaca,Marion
54952,44.217032,-88.430451,WI,Winnebago,Menasha
54956,44.183094,-88.487397,WI,Winnebago,Neenah
54957,44.183332,-88.463405,WI,Winnebago,Neenah
54960,43.936871,-89.25693,WI,Marquette,Neshkoro
54961,44.385363,-88.748158,WI,Waupaca,New London
54961,44.385363,-88.748158,WI,Waupaca,Royalton
54962,44.489062,-89.018982,WI,Waupaca,Ogdensburg
54963,44.044243,-88.759053,WI,Winnebago,Omro
54964,43.929257,-88.713331,WI,Winnebago,Pickett
54965,44.174648,-89.085052,WI,Waushara,Pine River
54966,44.214264,-89.498003,WI,Waushara,Plainfield
54967,44.121602,-88.924124,WI,Waushara,Poy Sippi
54968,43.850369,-89.128752,WI,Green Lake,Princeton
54969,44.27353,-88.767867,WI,Waupaca,Readfield
54970,44.0484,-89.08494,WI,Waushara,Lohrville
54970,44.0484,-89.08494,WI,Waushara,Redgranite
54971,43.848219,-88.841595,WI,Fond du Lac,Ripon
54974,43.810083,-88.671512,WI,Fond du Lac,Rosendale
54976,44.175303,-89.114101,WI,Waushara,Saxeville
54977,44.463678,-89.148098,WI,Waupaca,Scandinavia
54978,44.782821,-88.897067,WI,Shawano,Tilleda
54979,43.898676,-88.550846,WI,Fond du Lac,Van Dyne
54980,43.990733,-88.769713,WI,Winnebago,Waukau
54981,44.354239,-89.084923,WI,Waupaca,Waupaca
54982,44.069079,-89.290782,WI,Waushara,Wautoma
54983,44.322182,-88.930339,WI,Waupaca,Weyauwega
54984,44.16867,-89.214247,WI,Waushara,Wild Rose
54985,44.077792,-88.524229,WI,Winnebago,Winnebago
54986,44.118546,-88.735465,WI,Winnebago,Winneconne
54990,44.507553,-89.128307,WI,Waupaca,Iola
54990,44.507553,-89.128307,WI,Waupaca,Krause Publ Co
