18240,40.862608,-75.82389,PA,,,NESQUEHONING,CARBON
18241,40.938056,-76.17,PA,,,NUREMBERG,SCHUYLKILL
18242,40.9075,-76.125833,PA,,,ONEIDA,SCHUYLKILL
18244,40.818056,-75.673056,PA,,,PARRYVILLE,CARBON
18245,40.849337,-75.982477,PA,,,QUAKAKE,SCHUYLKILL
18246,40.964628,-76.163761,PA,,,ROCK GLEN,LUZERNE
18247,41.028056,-76.006389,PA,,,SAINT JOHNS,LUZERNE
18248,40.888073,-76.137952,PA,,,SHEPPTON,SCHUYLKILL
18249,40.997126,-76.071655,PA,,,SUGARLOAF,LUZERNE
18250,40.825524,-75.869275,PA,,,SUMMIT HILL,CARBON
18251,41.001389,-76.076667,PA,,,SYBERTSVILLE,LUZERNE
18252,40.798319,-75.97353,PA,,,TAMAQUA,SCHUYLKILL
18254,40.913333,-75.966944,PA,,,TRESCKOW,CARBON
18255,40.941085,-75.830635,PA,,,WEATHERLY,CARBON
18256,40.941389,-76.1425,PA,,,WESTON,LUZERNE
18301,41.036714,-75.173463,PA,,,EAST STROUDSBURG,MONROE
18302,41.0844,-75.1086,PA,,,EAST STROUDSBURG,MONROE
18320,41.051111,-75.220833,PA,,,ANALOMINK,MONROE
18321,41.008007,-75.296726,PA,,,BARTONSVILLE,MONROE
18322,40.930862,-75.410415,PA,,,BRODHEADSVILLE,MONROE
18323,41.187778,-75.266111,PA,,,BUCK HILL FALLS,MONROE
18324,41.128476,-75.013207,PA,,,BUSHKILL,PIKE
18325,41.233791,-75.257288,PA,,,CANADENSIS,MONROE
18326,41.160605,-75.268228,PA,,,CRESCO,MONROE
18327,40.982863,-75.149987,PA,,,DELAWARE WATER GAP,MONROE
18328,41.239966,-74.938018,PA,,,DINGMANS FERRY,PIKE
18330,40.966946,-75.452286,PA,,,EFFORT,MONROE
18331,40.908866,-75.431373,PA,,,GILBERT,MONROE
18332,41.088912,-75.279753,PA,,,HENRYVILLE,MONROE
18333,40.898156,-75.507437,PA,,,KRESGEVILLE,MONROE
18334,41.067732,-75.448245,PA,,,LONG POND,MONROE
18335,41.043056,-75.127778,PA,,,MARSHALLS CREEK,MONROE
18336,41.367437,-74.715358,PA,,,MATAMORAS,PIKE
18337,41.322816,-74.88236,PA,,,MILFORD,PIKE
18340,41.358265,-74.773876,PA,,,MILLRIFT,PIKE
18341,40.998333,-75.1375,PA,,,MINISINK HILLS,MONROE
18342,41.2175,-75.218889,PA,,,MOUNTAINHOME,MONROE
18343,40.900839,-75.111545,PA,,,MOUNT BETHEL,NORTHAMPTON
18344,41.121558,-75.352868,PA,,,MOUNT POCONO,MONROE
18346,41.103989,-75.413554,PA,,,POCONO SUMMIT,MONROE
18347,41.118661,-75.555863,PA,,,POCONO LAKE,MONROE
18348,41.105278,-75.476389,PA,,,POCONO LAKE PRESERVE,MONROE
18349,41.1,-75.359167,PA,,,POCONO MANOR,MONROE
18350,41.105387,-75.476038,PA,,,POCONO PINES,MONROE
18351,40.923056,-75.096944,PA,,,PORTLAND,NORTHAMPTON
18352,40.989533,-75.278113,PA,,,REEDERS,MONROE
18353,40.917179,-75.374761,PA,,,SAYLORSBURG,MONROE
18354,40.928282,-75.293779,PA,,,SCIOTA,MONROE
18355,41.075147,-75.32646,PA,,,SCOTRUN,MONROE
18356,41.012222,-75.111111,PA,,,SHAWNEE ON DELAWARE,MONROE
18357,41.227778,-75.238611,PA,,,SKYTOP,MONROE
18360,40.987697,-75.24852,PA,,,STROUDSBURG,MONROE
18370,41.087936,-75.348278,PA,,,SWIFTWATER,MONROE
18371,41.168112,-74.952614,PA,,,TAMIMENT,PIKE
18372,41.048202,-75.309984,PA,,,TANNERSVILLE,MONROE
18373,41.145278,-75.008056,PA,,,UNITY HOUSE,PIKE
18403,41.495633,-75.555232,PA,,,ARCHBALD,LACKAWANNA
18405,41.603403,-75.11649,PA,,,BEACH LAKE,WAYNE
18407,41.583481,-75.507363,PA,,,CARBONDALE,LACKAWANNA
18410,41.475,-75.6775,PA,,,CHINCHILLA,LACKAWANNA
18411,41.487795,-75.705713,PA,,,CLARKS SUMMIT,LACKAWANNA
18413,41.648889,-75.599167,PA,,,CLIFFORD,SUSQUEHANNA
18414,41.539496,-75.703737,PA,,,DALTON,LACKAWANNA
18415,41.736623,-75.131151,PA,,,DAMASCUS,WAYNE
18416,41.377778,-75.545,PA,,,ELMHURST,LACKAWANNA
18417,41.811712,-75.189081,PA,,,EQUINUNK,WAYNE
18419,41.576168,-75.765182,PA,,,FACTORYVILLE,WYOMING
18420,41.598056,-75.715,PA,,,FLEETVILLE,LACKAWANNA
18421,41.654587,-75.48725,PA,,,FOREST CITY,SUSQUEHANNA
18424,41.2448,-75.503653,PA,,,GOULDSBORO,WAYNE
18425,41.437238,-75.012491,PA,,,GREELEY,PIKE
18426,41.332145,-75.281911,PA,,,GREENTOWN,PIKE
18427,41.401477,-75.354232,PA,,,HAMLIN,WAYNE
18428,41.478685,-75.197822,PA,,,HAWLEY,PIKE
18430,41.76434,-75.504387,PA,,,HERRICK CENTER,SUSQUEHANNA
18431,41.579227,-75.25279,PA,,,HONESDALE,WAYNE
18433,41.532723,-75.542948,PA,,,JERMYN,LACKAWANNA
18434,41.472443,-75.568891,PA,,,JESSUP,LACKAWANNA
18435,41.504272,-75.074859,PA,,,LACKAWAXEN,PIKE
18436,41.439476,-75.431257,PA,,,LAKE ARIEL,WAYNE
18437,41.866553,-75.32308,PA,,,LAKE COMO,WAYNE
18438,41.422278,-75.260717,PA,,,LAKEVILLE,WAYNE
18439,41.817138,-75.383824,PA,,,LAKEWOOD,WAYNE
18440,41.556667,-75.754167,PA,,,LA PLUME,LACKAWANNA
18441,41.667713,-75.631934,PA,,,LENOXVILLE,SUSQUEHANNA
18443,41.649208,-75.08818,PA,,,MILANVILLE,WAYNE
18444,41.343194,-75.530137,PA,,,MOSCOW,LACKAWANNA
18445,41.304125,-75.338405,PA,,,NEWFOUNDLAND,WAYNE
18446,41.641198,-75.764073,PA,,,NICHOLSON,WYOMING
18447,41.467709,-75.601502,PA,,,OLYPHANT,LACKAWANNA
18448,41.455,-75.583611,PA,,,OLYPHANT,LACKAWANNA
18449,41.813611,-75.448333,PA,,,ORSON,WAYNE
18451,41.381197,-75.23032,PA,,,PAUPACK,PIKE
18452,41.482124,-75.589884,PA,,,PECKVILLE,LACKAWANNA
18453,41.732204,-75.398944,PA,,,PLEASANT MOUNT,WAYNE
18454,41.820556,-75.420278,PA,,,POYNTELLE,WAYNE
18455,41.867264,-75.383147,PA,,,PRESTON PARK,WAYNE
18456,41.582031,-75.320749,PA,,,PROMPTON,WAYNE
18457,41.471111,-75.0425,PA,,,ROWLAND,PIKE
18458,41.418193,-74.917962,PA,,,SHOHOLA,PIKE
18459,41.505278,-75.4125,PA,,,SOUTH CANAAN,WAYNE
18460,41.271222,-75.381443,PA,,,SOUTH STERLING,WAYNE
18461,41.925087,-75.321238,PA,,,STARLIGHT,WAYNE
18462,41.890739,-75.449001,PA,,,STARRUCCA,WAYNE
18463,41.341912,-75.394467,PA,,,STERLING,WAYNE
18464,41.369445,-75.101598,PA,,,TAFTON,PIKE
18465,41.83395,-75.534215,PA,,,THOMPSON,SUSQUEHANNA
18466,41.183638,-75.391781,PA,,,TOBYHANNA,MONROE
18469,41.670873,-75.154246,PA,,,TYLER HILL,WAYNE
18470,41.707941,-75.546476,PA,,,UNION DALE,SUSQUEHANNA
18471,41.526389,-75.705833,PA,,,WAVERLY,LACKAWANNA
18472,41.570276,-75.406478,PA,,,WAYMART,WAYNE
18473,41.526111,-75.203889,PA,,,WHITE MILLS,WAYNE
18501,41.37335,-75.68467,PA,,,SCRANTON,LACKAWANNA
18502,41.3732,-75.6788,PA,,,SCRANTON,LACKAWANNA
18503,41.409517,-75.664205,PA,,,SCRANTON,LACKAWANNA
18504,41.412777,-75.686081,PA,,,SCRANTON,LACKAWANNA
18505,41.39145,-75.665738,PA,,,SCRANTON,LACKAWANNA
18507,41.361492,-75.717093,PA,,,MOOSIC,LACKAWANNA
18508,41.438917,-75.662529,PA,,,SCRANTON,LACKAWANNA
18509,41.427353,-75.646454,PA,,,SCRANTON,LACKAWANNA
18510,41.408039,-75.648397,PA,,,SCRANTON,LACKAWANNA
18512,41.426184,-75.62294,PA,,,SCRANTON,LACKAWANNA
18514,41.408196,-75.663083,PA,,,SCRANTON,LACKAWANNA
18515,41.4476,-75.6669,PA,,,SCRANTON,LACKAWANNA
18517,41.390442,-75.715848,PA,,,TAYLOR,LACKAWANNA
18518,41.370076,-75.739075,PA,,,OLD FORGE,LACKAWANNA
18519,41.462306,-75.624343,PA,,,DICKSON CITY,LACKAWANNA
18522,41.4303,-75.6437,PA,,,SCRANTON,LACKAWANNA
18540,41.37328,-75.68457,PA,,,SCRANTON,LACKAWANNA
18577,41.37311,-75.68452,PA,,,SCRANTON,LACKAWANNA
18601,41.068333,-76.176111,PA,,,BEACH HAVEN,LUZERNE
18602,41.119167,-75.719444,PA,,,BEAR CREEK,LUZERNE
18603,41.066477,-76.244269,PA,,,BERWICK,COLUMBIA
18610,41.048502,-75.534309,PA,,,BLAKESLEE,MONROE
18611,41.198056,-76.306111,PA,,,CAMBRA,LUZERNE
18612,41.363762,-75.958911,PA,,,DALLAS,LUZERNE
18614,41.523213,-76.402145,PA,,,DUSHORE,SULLIVAN
18615,41.466677,-75.856004,PA,,,FALLS,WYOMING
18616,41.526925,-76.60079,PA,,,FORKSVILLE,SULLIVAN
18617,41.174635,-76.074578,PA,,,GLEN LYON,LUZERNE
18618,41.359181,-76.04506,PA,,,HARVEYS LAKE,LUZERNE
18619,41.448159,-76.697914,PA,,,HILLSGROVE,SULLIVAN
18621,41.245923,-76.087915,PA,,,HUNLOCK CREEK,LUZERNE
18622,41.200905,-76.197342,PA,,,HUNTINGTON MILLS,LUZERNE
18623,41.66621,-76.142566,PA,,,LACEYVILLE,WYOMING
18624,41.05424,-75.633129,PA,,,LAKE HARMONY,CARBON
18625,41.519444,-75.844444,PA,,,LAKE WINOLA,WYOMING
18626,41.423889,-76.494444,PA,,,LAPORTE,SULLIVAN
18627,41.316944,-76.022778,PA,,,LEHMAN,LUZERNE
18628,41.418002,-76.300206,PA,,,LOPEZ,SULLIVAN
18629,41.558695,-76.103462,PA,,,MEHOOPANY,WYOMING
18630,41.639163,-76.015464,PA,,,MESHOPPEN,WYOMING
18631,41.023473,-76.292396,PA,,,MIFFLINVILLE,COLUMBIA
18632,41.479236,-76.38313,PA,,,MILDRED,SULLIVAN
18634,41.19634,-76.004419,PA,,,NANTICOKE,LUZERNE
18635,41.046887,-76.19809,PA,,,NESCOPECK,LUZERNE
18636,41.418131,-76.045952,PA,,,NOXEN,WYOMING
18640,41.317501,-75.788492,PA,,,PITTSTON,LUZERNE
18641,41.330857,-75.744655,PA,,,PITTSTON,LUZERNE
18642,41.348557,-75.761104,PA,,,DURYEA,LUZERNE
18643,41.337964,-75.816651,PA,,,PITTSTON,LUZERNE
18644,41.319713,-75.854071,PA,,,WYOMING,LUZERNE
18651,41.245798,-75.948064,PA,,,PLYMOUTH,LUZERNE
18653,41.394167,-75.822222,PA,,,RANSOM,LACKAWANNA
18654,41.351389,-76.034444,PA,,,SHAWANESE,LUZERNE
18655,41.176674,-76.167096,PA,,,SHICKSHINNY,LUZERNE
18656,41.30663,-76.133907,PA,,,SWEET VALLEY,LUZERNE
18657,41.550687,-75.941043,PA,,,TUNKHANNOCK,WYOMING
18660,41.06797,-76.085729,PA,,,WAPWALLOPEN,LUZERNE
18661,41.079049,-75.771492,PA,,,WHITE HAVEN,LUZERNE
18690,41.336111,-75.963611,PA,,,DALLAS,LUZERNE
18701,41.244892,-75.884063,PA,,,WILKES BARRE,LUZERNE
18702,41.236512,-75.882557,PA,,,WILKES BARRE,LUZERNE
18703,41.24048,-75.89193,PA,,,WILKES BARRE,LUZERNE
18704,41.274223,-75.890338,PA,,,KINGSTON,LUZERNE
18705,41.268921,-75.845309,PA,,,WILKES BARRE,LUZERNE
18706,41.206709,-75.918157,PA,,,WILKES BARRE,LUZERNE
18707,41.134975,-75.937642,PA,,,MOUNTAIN TOP,LUZERNE
18708,41.299802,-75.97108,PA,,,SHAVERTOWN,LUZERNE
18709,41.284257,-75.893475,PA,,,LUZERNE,LUZERNE
18710,41.2454,-75.8819,PA,,,WILKES BARRE,LUZERNE
18711,41.2474,-75.8536,PA,,,WILKES BARRE,LUZERNE
18762,41.21333,-75.919663,PA,,,WILKES BARRE,LUZERNE
18764,41.258581,-75.86774,PA,,,WILKES BARRE,LUZERNE
18765,41.236581,-75.907841,PA,,,WILKES BARRE,LUZERNE
18766,41.243748,-75.888255,PA,,,WILKES BARRE,LUZERNE
18767,41.24024,-75.89186,PA,,,WILKES BARRE,LUZERNE
18769,41.24028,-75.89201,PA,,,WILKES BARRE,LUZERNE
18773,41.24011,-75.89195,PA,,,WILKES BARRE,LUZERNE
18801,41.839584,-75.882055,PA,,,MONTROSE,SUSQUEHANNA
18810,41.949002,-76.488855,PA,,,ATHENS,BRADFORD
18812,41.966614,-75.937527,PA,,,BRACKNEY,SUSQUEHANNA
18813,41.751111,-75.807222,PA,,,BROOKLYN,SUSQUEHANNA
18814,41.779722,-76.607778,PA,,,BURLINGTON,BRADFORD
18815,41.731111,-76.235,PA,,,CAMPTOWN,BRADFORD
18816,41.746389,-75.898611,PA,,,DIMOCK,SUSQUEHANNA
18817,41.863115,-76.617207,PA,,,EAST SMITHFIELD,BRADFORD
18818,41.916445,-76.02569,PA,,,FRIENDSVILLE,SUSQUEHANNA
18820,41.803333,-75.644444,PA,,,GIBSON,SUSQUEHANNA
18821,41.977513,-75.732742,PA,,,GREAT BEND,SUSQUEHANNA
18822,41.959798,-75.782595,PA,,,HALLSTEAD,SUSQUEHANNA
18823,41.779891,-75.678632,PA,,,HARFORD,SUSQUEHANNA
18824,41.693196,-75.789656,PA,,,HOP BOTTOM,SUSQUEHANNA
18825,41.864881,-75.609136,PA,,,JACKSON,SUSQUEHANNA
18826,41.765856,-75.783101,PA,,,KINGSLEY,SUSQUEHANNA
18827,41.956944,-75.585278,PA,,,LANESBORO,SUSQUEHANNA
18828,41.757294,-76.091214,PA,,,LAWTON,SUSQUEHANNA
18829,41.843415,-76.179604,PA,,,LE RAYSVILLE,BRADFORD
18830,41.976593,-76.118472,PA,,,LITTLE MEADOWS,SUSQUEHANNA
18831,41.896555,-76.532777,PA,,,MILAN,BRADFORD
18832,41.699387,-76.500995,PA,,,MONROETON,BRADFORD
18833,41.59867,-76.43983,PA,,,NEW ALBANY,BRADFORD
18834,41.866409,-75.717113,PA,,,NEW MILFORD,SUSQUEHANNA
18837,41.863403,-76.301498,PA,,,ROME,BRADFORD
18840,41.984222,-76.521757,PA,,,SAYRE,BRADFORD
18842,41.754373,-75.606723,PA,,,SOUTH GIBSON,SUSQUEHANNA
18843,41.797222,-75.891667,PA,,,SOUTH MONTROSE,SUSQUEHANNA
18844,41.714684,-75.902472,PA,,,SPRINGVILLE,SUSQUEHANNA
18845,41.771782,-76.171696,PA,,,STEVENSVILLE,BRADFORD
18846,41.604057,-76.259785,PA,,,SUGAR RUN,BRADFORD
18847,41.948669,-75.586249,PA,,,SUSQUEHANNA,SUSQUEHANNA
18848,41.763758,-76.464527,PA,,,TOWANDA,BRADFORD
18850,41.840809,-76.487574,PA,,,ULSTER,BRADFORD
18851,41.939389,-76.196445,PA,,,WARREN CENTER,BRADFORD
18853,41.701499,-76.275433,PA,,,WYALUSING,BRADFORD
18854,41.782621,-76.383397,PA,,,WYSOX,BRADFORD
18901,40.320391,-75.129987,PA,,,DOYLESTOWN,BUCKS
18902,40.3477,-75.0968,PA,,,DOYLESTOWN,BUCKS
18910,40.425833,-75.179444,PA,,,BEDMINSTER,BUCKS
18911,40.369444,-75.248611,PA,,,BLOOMING GLEN,BUCKS
18912,40.323611,-75.060278,PA,,,BUCKINGHAM,BUCKS
18913,40.39079,-75.063127,PA,,,CARVERSVILLE,BUCKS
18914,40.289175,-75.214938,PA,,,CHALFONT,BUCKS
18915,40.271814,-75.266861,PA,,,COLMAR,MONTGOMERY
18916,40.354444,-75.133056,PA,,,DANBORO,BUCKS
18917,40.371996,-75.204453,PA,,,DUBLIN,BUCKS
18918,40.320833,-75.372778,PA,,,EARLINGTON,MONTGOMERY
18920,40.508689,-75.080372,PA,,,ERWINNA,BUCKS
18921,40.533611,-75.179167,PA,,,FERNDALE,BUCKS
18922,40.292222,-75.059444,PA,,,FOREST GROVE,BUCKS
18923,40.336815,-75.153627,PA,,,FOUNTAINVILLE,BUCKS
18924,40.307778,-75.358056,PA,,,FRANCONIA,MONTGOMERY
18925,40.294518,-75.064946,PA,,,FURLONG,BUCKS
18926,40.3725,-75.108056,PA,,,GARDENVILLE,BUCKS
18927,40.34762,-75.27118,PA,,,HILLTOWN,BUCKS
18928,40.335556,-75.047778,PA,,,HOLICONG,BUCKS
18929,40.256599,-75.096093,PA,,,JAMISON,BUCKS
18930,40.531009,-75.211708,PA,,,KINTNERSVILLE,BUCKS
18931,40.346389,-75.031944,PA,,,LAHASKA,BUCKS
18932,40.288781,-75.255535,PA,,,LINE LEXINGTON,BUCKS
18933,40.407103,-75.055166,PA,,,LUMBERVILLE,BUCKS
18934,40.343821,-75.062962,PA,,,MECHANICSVILLE,BUCKS
18935,40.436944,-75.399167,PA,,,MILFORD SQUARE,BUCKS
18936,40.251353,-75.234643,PA,,,MONTGOMERYVILLE,MONTGOMERY
18938,40.355613,-74.983889,PA,,,NEW HOPE,BUCKS
18940,40.245817,-74.94313,PA,,,NEWTOWN,BUCKS
18942,40.459239,-75.157009,PA,,,OTTSVILLE,BUCKS
18943,40.265833,-74.998333,PA,,,PENNS PARK,BUCKS
18944,40.376526,-75.264803,PA,,,PERKASIE,BUCKS
18946,40.296111,-75.006111,PA,,,PINEVILLE,BUCKS
18947,40.4262,-75.107398,PA,,,PIPERSVILLE,BUCKS
18949,40.387222,-75.146944,PA,,,PLUMSTEADVILLE,BUCKS
18950,40.4225,-75.066667,PA,,,POINT PLEASANT,BUCKS
18951,40.4411,-75.350667,PA,,,QUAKERTOWN,BUCKS
18953,40.515278,-75.161389,PA,,,REVERE,BUCKS
18954,40.216672,-75.002936,PA,,,RICHBORO,BUCKS
18955,40.472166,-75.32193,PA,,,RICHLANDTOWN,BUCKS
18956,40.2575,-75.031111,PA,,,RUSHLAND,BUCKS
18957,40.295833,-75.454722,PA,,,SALFORD,MONTGOMERY
18958,40.293333,-75.433333,PA,,,SALFORDVILLE,MONTGOMERY
18960,40.362024,-75.318953,PA,,,SELLERSVILLE,BUCKS
18962,40.3475,-75.271389,PA,,,SILVERDALE,BUCKS
18963,40.380556,-75.008611,PA,,,SOLEBURY,BUCKS
18964,40.312796,-75.321339,PA,,,SOUDERTON,MONTGOMERY
18966,40.190212,-75.005994,PA,,,SOUTHAMPTON,BUCKS
18968,40.438889,-75.4375,PA,,,SPINNERSTOWN,BUCKS
18969,40.320478,-75.352001,PA,,,TELFORD,MONTGOMERY
18970,40.410556,-75.378611,PA,,,TRUMBAUERSVILLE,BUCKS
18971,40.349444,-75.381389,PA,,,TYLERSPORT,MONTGOMERY
18972,40.541093,-75.125858,PA,,,UPPER BLACK EDDY,BUCKS
18974,40.206676,-75.090513,PA,,,WARMINSTER,BUCKS
18976,40.246438,-75.135392,PA,,,WARRINGTON,BUCKS
18977,40.291906,-74.882859,PA,,,WASHINGTON CROSSING,BUCKS
18979,40.310556,-75.449167,PA,,,WOXALL,MONTGOMERY
18980,40.282222,-75.019167,PA,,,WYCOMBE,BUCKS
18981,40.484167,-75.394167,PA,,,ZIONHILL,BUCKS
18991,40.206667,-75.1,PA,,,WARMINSTER,BUCKS
19001,40.128141,-75.128918,PA,,,ABINGTON,MONTGOMERY
19002,40.166318,-75.207234,PA,,,AMBLER,MONTGOMERY
19003,40.001971,-75.29665,PA,,,ARDMORE,MONTGOMERY
19004,40.01179,-75.23421,PA,,,BALA CYNWYD,MONTGOMERY
19006,40.129686,-75.058979,PA,,,HUNTINGDON VALLEY,MONTGOMERY
19007,40.109174,-74.860718,PA,,,BRISTOL,BUCKS
19008,39.974666,-75.360214,PA,,,BROOMALL,DELAWARE
19009,40.131389,-75.067778,PA,,,BRYN ATHYN,MONTGOMERY
19010,40.023618,-75.329487,PA,,,BRYN MAWR,DELAWARE
19012,40.060327,-75.104774,PA,,,CHELTENHAM,MONTGOMERY
19013,39.849817,-75.374687,PA,,,CHESTER,DELAWARE
19014,39.864282,-75.43321,PA,,,ASTON,DELAWARE
19015,39.865355,-75.388483,PA,,,BROOKHAVEN,DELAWARE
19016,39.849444,-75.356111,PA,,,CHESTER,DELAWARE
19017,39.89,-75.475833,PA,,,CHESTER HEIGHTS,DELAWARE
19018,39.923579,-75.299592,PA,,,CLIFTON HEIGHTS,DELAWARE
19019,40.1162,-75.0141,PA,,,PHILADELPHIA,PHILADELPHIA
19020,40.110881,-74.937753,PA,,,BENSALEM,BUCKS
19021,40.093322,-74.899077,PA,,,CROYDON,BUCKS
19022,39.868457,-75.337397,PA,,,CRUM LYNNE,DELAWARE
19023,39.916732,-75.266226,PA,,,DARBY,DELAWARE
19025,40.143141,-75.162379,PA,,,DRESHER,MONTGOMERY
19026,39.949197,-75.303479,PA,,,DREXEL HILL,DELAWARE
19027,40.073056,-75.125,PA,,,ELKINS PARK,MONTGOMERY
19028,39.974722,-75.450833,PA,,,EDGEMONT,DELAWARE
19029,39.866864,-75.293521,PA,,,ESSINGTON,DELAWARE
19030,40.174822,-74.851923,PA,,,FAIRLESS HILLS,BUCKS
19031,40.106774,-75.21148,PA,,,FLOURTOWN,MONTGOMERY
19032,39.890508,-75.282117,PA,,,FOLCROFT,DELAWARE
19033,39.890129,-75.329567,PA,,,FOLSOM,DELAWARE
19034,40.138592,-75.202175,PA,,,FORT WASHINGTON,MONTGOMERY
19035,40.045118,-75.282082,PA,,,GLADWYNE,MONTGOMERY
19036,39.904848,-75.294559,PA,,,GLENOLDEN,DELAWARE
19037,39.917222,-75.440833,PA,,,GLEN RIDDLE LIMA,DELAWARE
19038,40.10959,-75.154964,PA,,,GLENSIDE,MONTGOMERY
19039,39.943056,-75.469722,PA,,,GRADYVILLE,DELAWARE
19040,40.178547,-75.107182,PA,,,HATBORO,MONTGOMERY
19041,40.009739,-75.312116,PA,,,HAVERFORD,MONTGOMERY
19043,39.900284,-75.308674,PA,,,HOLMES,DELAWARE
19044,40.182057,-75.147932,PA,,,HORSHAM,MONTGOMERY
19046,40.100477,-75.117273,PA,,,JENKINTOWN,MONTGOMERY
19047,40.175055,-74.915101,PA,,,LANGHORNE,BUCKS
19048,40.136265,-75.191297,PA,,,FORT WASHINGTON,BUCKS
19049,40.1744,-74.923,PA,,,FORT WASHINGTON,BUCKS
19050,39.93779,-75.264872,PA,,,LANSDOWNE,DELAWARE
19052,39.893889,-75.448056,PA,,,LENNI,DELAWARE
19053,40.151188,-74.983758,PA,,,FEASTERVILLE TREVOSE,BUCKS
19054,40.168142,-74.823138,PA,,,LEVITTOWN,BUCKS
19055,40.148329,-74.83714,PA,,,LEVITTOWN,BUCKS
19056,40.151861,-74.882632,PA,,,LEVITTOWN,BUCKS
19057,40.143359,-74.861366,PA,,,LEVITTOWN,BUCKS
19058,40.155,-74.829167,PA,,,LEVITTOWN,BUCKS
19061,39.833934,-75.448309,PA,,,MARCUS HOOK,DELAWARE
19063,39.915562,-75.407226,PA,,,MEDIA,DELAWARE
19064,39.929599,-75.333786,PA,,,SPRINGFIELD,DELAWARE
19065,39.905556,-75.388333,PA,,,MEDIA,DELAWARE
19066,40.003043,-75.250302,PA,,,MERION STATION,MONTGOMERY
19067,40.212064,-74.822153,PA,,,MORRISVILLE,BUCKS
19070,39.906292,-75.323785,PA,,,MORTON,DELAWARE
19072,40.01768,-75.2594,PA,,,NARBERTH,MONTGOMERY
19073,39.986292,-75.406997,PA,,,NEWTOWN SQUARE,DELAWARE
19074,39.887026,-75.297247,PA,,,NORWOOD,DELAWARE
19075,40.113197,-75.18685,PA,,,ORELAND,MONTGOMERY
19076,39.885737,-75.308165,PA,,,PROSPECT PARK,DELAWARE
19078,39.878411,-75.321517,PA,,,RIDLEY PARK,DELAWARE
19079,39.903511,-75.269524,PA,,,SHARON HILL,DELAWARE
19080,40.0435,-75.388,PA,,,WAYNE,DELAWARE
19081,39.896724,-75.347428,PA,,,SWARTHMORE,DELAWARE
19082,39.95785,-75.268128,PA,,,UPPER DARBY,DELAWARE
19083,39.97736,-75.310613,PA,,,HAVERTOWN,DELAWARE
19085,40.039875,-75.345866,PA,,,VILLANOVA,DELAWARE
19086,39.887054,-75.372131,PA,,,WALLINGFORD,DELAWARE
19087,40.059554,-75.40416,PA,,,WAYNE,DELAWARE
19088,40.0438,-75.388,PA,,,WAYNE,DELAWARE
19089,40.042937,-75.357888,PA,,,WAYNE,DELAWARE
19090,40.146725,-75.121297,PA,,,WILLOW GROVE,MONTGOMERY
19091,39.916667,-75.388056,PA,,,MEDIA,DELAWARE
19092,39.95432,-75.18367,PA,,,PHILADELPHIA,PHILADELPHIA
19093,39.95432,-75.18364,PA,,,PHILADELPHIA,PHILADELPHIA
19094,39.875993,-75.346309,PA,,,WOODLYN,DELAWARE
19095,40.086673,-75.152417,PA,,,WYNCOTE,MONTGOMERY
19096,40,-75.275984,PA,,,WYNNEWOOD,MONTGOMERY
19098,39.904167,-75.308889,PA,,,HOLMES,DELAWARE
19099,39.952432,-75.164627,PA,,,PHILADELPHIA,PHILADELPHIA
19101,39.95431,-75.18369,PA,,,PHILADELPHIA,PHILADELPHIA
19102,39.948908,-75.166109,PA,,,PHILADELPHIA,PHILADELPHIA
19103,39.951285,-75.174136,PA,,,PHILADELPHIA,PHILADELPHIA
19104,39.959732,-75.202445,PA,,,PHILADELPHIA,PHILADELPHIA
19105,39.95484,-75.18352,PA,,,PHILADELPHIA,PHILADELPHIA
19106,39.94742,-75.147271,PA,,,PHILADELPHIA,PHILADELPHIA
19107,39.94867,-75.159339,PA,,,PHILADELPHIA,PHILADELPHIA
19108,39.9591,-75.1599,PA,,,PHILADELPHIA,PHILADELPHIA
19109,39.9498,-75.1641,PA,,,PHILADELPHIA,PHILADELPHIA
19110,39.9504,-75.164,PA,,,PHILADELPHIA,PHILADELPHIA
19111,40.059635,-75.081792,PA,,,PHILADELPHIA,PHILADELPHIA
19112,39.889252,-75.178207,PA,,,PHILADELPHIA,PHILADELPHIA
19113,39.864998,-75.275196,PA,,,PHILADELPHIA,DELAWARE
19114,40.063356,-74.999032,PA,,,PHILADELPHIA,PHILADELPHIA
19115,40.090286,-75.041036,PA,,,PHILADELPHIA,PHILADELPHIA
19116,40.116599,-75.019803,PA,,,PHILADELPHIA,PHILADELPHIA
19118,40.081247,-75.2006,PA,,,PHILADELPHIA,PHILADELPHIA
19119,40.054681,-75.186564,PA,,,PHILADELPHIA,PHILADELPHIA
19120,40.034254,-75.121256,PA,,,PHILADELPHIA,PHILADELPHIA
19121,39.981085,-75.174005,PA,,,PHILADELPHIA,PHILADELPHIA
19122,39.978014,-75.145882,PA,,,PHILADELPHIA,PHILADELPHIA
19123,39.965975,-75.150968,PA,,,PHILADELPHIA,PHILADELPHIA
19124,40.017798,-75.089526,PA,,,PHILADELPHIA,PHILADELPHIA
19125,39.978751,-75.126156,PA,,,PHILADELPHIA,PHILADELPHIA
19126,40.056839,-75.137854,PA,,,PHILADELPHIA,PHILADELPHIA
19127,40.027512,-75.224167,PA,,,PHILADELPHIA,PHILADELPHIA
19128,40.040247,-75.223084,PA,,,PHILADELPHIA,PHILADELPHIA
19129,40.011816,-75.186149,PA,,,PHILADELPHIA,PHILADELPHIA
19130,39.967677,-75.173467,PA,,,PHILADELPHIA,PHILADELPHIA
19131,39.98447,-75.228226,PA,,,PHILADELPHIA,PHILADELPHIA
19132,39.995393,-75.16982,PA,,,PHILADELPHIA,PHILADELPHIA
19133,39.992467,-75.141505,PA,,,PHILADELPHIA,PHILADELPHIA
19134,39.99252,-75.113284,PA,,,PHILADELPHIA,PHILADELPHIA
19135,40.024694,-75.051827,PA,,,PHILADELPHIA,PHILADELPHIA
19136,40.042159,-75.024388,PA,,,PHILADELPHIA,PHILADELPHIA
19137,40.000849,-75.072654,PA,,,PHILADELPHIA,PHILADELPHIA
19138,40.05683,-75.156898,PA,,,PHILADELPHIA,PHILADELPHIA
19139,39.961166,-75.230301,PA,,,PHILADELPHIA,PHILADELPHIA
19140,40.011771,-75.145626,PA,,,PHILADELPHIA,PHILADELPHIA
19141,40.036473,-75.145109,PA,,,PHILADELPHIA,PHILADELPHIA
19142,39.922332,-75.233796,PA,,,PHILADELPHIA,PHILADELPHIA
19143,39.944815,-75.228819,PA,,,PHILADELPHIA,PHILADELPHIA
19144,40.033773,-75.173099,PA,,,PHILADELPHIA,PHILADELPHIA
19145,39.922724,-75.181194,PA,,,PHILADELPHIA,PHILADELPHIA
19146,39.937949,-75.179364,PA,,,PHILADELPHIA,PHILADELPHIA
19147,39.936175,-75.156324,PA,,,PHILADELPHIA,PHILADELPHIA
19148,39.92068,-75.159538,PA,,,PHILADELPHIA,PHILADELPHIA
19149,40.036915,-75.066374,PA,,,PHILADELPHIA,PHILADELPHIA
19150,40.07262,-75.170621,PA,,,PHILADELPHIA,PHILADELPHIA
19151,39.977199,-75.254492,PA,,,PHILADELPHIA,PHILADELPHIA
19152,40.060571,-75.047079,PA,,,PHILADELPHIA,PHILADELPHIA
19153,39.905512,-75.244431,PA,,,PHILADELPHIA,PHILADELPHIA
19154,40.089738,-74.978052,PA,,,PHILADELPHIA,PHILADELPHIA
19155,40.0947,-74.9818,PA,,,PHILADELPHIA,PHILADELPHIA
19160,40.0117,-75.1463,PA,,,PHILADELPHIA,PHILADELPHIA
19161,40.0614,-75.0795,PA,,,PHILADELPHIA,PHILADELPHIA
19162,39.952462,-75.164807,PA,,,PHILADELPHIA,PHILADELPHIA
19170,39.952362,-75.164327,PA,,,PHILADELPHIA,PHILADELPHIA
19171,39.952242,-75.164367,PA,,,PHILADELPHIA,PHILADELPHIA
19172,39.952402,-75.164777,PA,,,PHILADELPHIA,PHILADELPHIA
19173,39.952792,-75.164647,PA,,,PHILADELPHIA,PHILADELPHIA
19175,39.952682,-75.164287,PA,,,PHILADELPHIA,PHILADELPHIA
19176,39.9523,-75.1638,PA,,,PHILADELPHIA,PHILADELPHIA
19177,39.95465,-75.18364,PA,,,PHILADELPHIA,PHILADELPHIA
19178,39.95471,-75.18368,PA,,,PHILADELPHIA,PHILADELPHIA
19179,40.0315,-75.1764,PA,,,PHILADELPHIA,PHILADELPHIA
19181,39.95037,-75.147257,PA,,,PHILADELPHIA,PHILADELPHIA
19182,39.952322,-75.164207,PA,,,PHILADELPHIA,PHILADELPHIA
19183,39.952282,-75.164657,PA,,,PHILADELPHIA,PHILADELPHIA
19184,39.952522,-75.164467,PA,,,PHILADELPHIA,PHILADELPHIA
19185,39.8893,-75.1701,PA,,,PHILADELPHIA,PHILADELPHIA
19187,39.952562,-75.164497,PA,,,PHILADELPHIA,PHILADELPHIA
19188,39.952722,-75.164787,PA,,,PHILADELPHIA,PHILADELPHIA
19191,39.952462,-75.164767,PA,,,PHILADELPHIA,PHILADELPHIA
19192,39.951263,-75.167195,PA,,,PHILADELPHIA,PHILADELPHIA
19193,39.952822,-75.164317,PA,,,PHILADELPHIA,PHILADELPHIA
19194,39.9543,-75.1827,PA,,,PHILADELPHIA,PHILADELPHIA
19195,39.9522,-75.1642,PA,,,PHILADELPHIA,PHILADELPHIA
19196,39.952402,-75.164537,PA,,,PHILADELPHIA,PHILADELPHIA
19197,39.952292,-75.164587,PA,,,PHILADELPHIA,PHILADELPHIA
19244,40.103076,-75.00353,PA,,,PHILADELPHIA,PHILADELPHIA
19255,40.103057,-75.003558,PA,,,PHILADELPHIA,PHILADELPHIA
19301,40.04259,-75.482702,PA,,,PAOLI,CHESTER
19310,39.945782,-75.970343,PA,,,ATGLEN,CHESTER
19311,39.821904,-75.768694,PA,,,AVONDALE,CHESTER
19312,40.041184,-75.447457,PA,,,BERWYN,CHESTER
19316,40.053611,-75.820278,PA,,,BRANDAMORE,CHESTER
19317,39.864769,-75.588515,PA,,,CHADDS FORD,DELAWARE
19318,39.853333,-75.821944,PA,,,CHATHAM,CHESTER
19319,39.917496,-75.548738,PA,,,CHEYNEY,DELAWARE
19320,39.984313,-75.825299,PA,,,COATESVILLE,CHESTER
19330,39.875686,-75.921381,PA,,,COCHRANVILLE,CHESTER
19331,39.886187,-75.523391,PA,,,CONCORDVILLE,DELAWARE
19333,40.045181,-75.422691,PA,,,DEVON,CHESTER
19335,40.016078,-75.718261,PA,,,DOWNINGTOWN,CHESTER
19339,39.88531,-75.52086,PA,,,CONCORDVILLE,DELAWARE
19340,39.88534,-75.52054,PA,,,CONCORDVILLE,DELAWARE
19341,40.046817,-75.643196,PA,,,EXTON,CHESTER
19342,39.901515,-75.504872,PA,,,GLEN MILLS,DELAWARE
19343,40.084602,-75.771103,PA,,,GLENMOORE,CHESTER
19344,40.083227,-75.88432,PA,,,HONEY BROOK,CHESTER
19345,40.043889,-75.526944,PA,,,IMMACULATA,CHESTER
19346,39.795501,-75.875827,PA,,,KELTON,CHESTER
19347,39.748889,-75.824444,PA,,,KEMBLESVILLE,CHESTER
19348,39.855033,-75.70002,PA,,,KENNETT SQUARE,CHESTER
19350,39.769558,-75.780707,PA,,,LANDENBERG,CHESTER
19351,39.7225,-75.875278,PA,,,LEWISVILLE,CHESTER
19352,39.780905,-75.881784,PA,,,LINCOLN UNIVERSITY,CHESTER
19353,40.028889,-75.621111,PA,,,LIONVILLE,CHESTER
19354,40.059444,-75.745,PA,,,LYNDELL,CHESTER
19355,40.037123,-75.533021,PA,,,MALVERN,CHESTER
19357,39.853889,-75.641667,PA,,,MENDENHALL,CHESTER
19358,39.966667,-75.8,PA,,,MODENA,CHESTER
19360,39.7825,-75.875833,PA,,,NEW LONDON,CHESTER
19362,39.74411,-76.035551,PA,,,NOTTINGHAM,CHESTER
19363,39.782704,-75.981522,PA,,,OXFORD,CHESTER
19365,39.965388,-75.926041,PA,,,PARKESBURG,CHESTER
19366,39.900278,-75.626111,PA,,,POCOPSON,CHESTER
19367,39.964167,-75.886944,PA,,,POMEROY,CHESTER
19369,39.981667,-75.891667,PA,,,SADSBURYVILLE,CHESTER
19371,40.099444,-75.879444,PA,,,SUPLEE,CHESTER
19372,40.000127,-75.762859,PA,,,THORNDALE,CHESTER
19373,39.904127,-75.531344,PA,,,THORNTON,DELAWARE
19374,39.825117,-75.782533,PA,,,TOUGHKENAMON,CHESTER
19375,39.895278,-75.734722,PA,,,UNIONVILLE,CHESTER
19376,40.010556,-75.843056,PA,,,WAGONTOWN,CHESTER
19380,39.984458,-75.596231,PA,,,WEST CHESTER,CHESTER
19381,39.9611,-75.6044,PA,,,WEST CHESTER,CHESTER
19382,39.944081,-75.588197,PA,,,WEST CHESTER,CHESTER
19383,39.9389,-75.6062,PA,,,WEST CHESTER,CHESTER
19390,39.825314,-75.837374,PA,,,WEST GROVE,CHESTER
19395,39.930833,-75.552222,PA,,,WESTTOWN,CHESTER
19397,40.0631,-75.4047,PA,,,SOUTHEASTERN,CHESTER
19398,40.0407,-75.4231,PA,,,SOUTHEASTERN,CHESTER
19399,40.0704,-75.4251,PA,,,SOUTHEASTERN,CHESTER
19401,40.124464,-75.330446,PA,,,NORRISTOWN,MONTGOMERY
19403,40.14335,-75.384672,PA,,,NORRISTOWN,MONTGOMERY
19404,40.1213,-75.3402,PA,,,NORRISTOWN,MONTGOMERY
19405,40.103042,-75.340234,PA,,,BRIDGEPORT,MONTGOMERY
19406,40.095581,-75.373706,PA,,,KING OF PRUSSIA,MONTGOMERY
19407,40.1244,-75.4359,PA,,,AUDUBON,MONTGOMERY
19408,40.1567,-75.4045,PA,,,EAGLEVILLE,MONTGOMERY
19409,40.1577,-75.3875,PA,,,FAIRVIEW VILLAGE,MONTGOMERY
19415,40.1215,-75.3405,PA,,,EAGLEVILLE,MONTGOMERY
19420,40.1525,-75.456944,PA,,,ARCOLA,MONTGOMERY
19421,40.129444,-75.638056,PA,,,BIRCHRUNVILLE,CHESTER
19422,40.15939,-75.279656,PA,,,BLUE BELL,MONTGOMERY
19423,40.2125,-75.368889,PA,,,CEDARS,MONTGOMERY
19424,40.152222,-75.266667,PA,,,BLUE BELL,MONTGOMERY
19425,40.097781,-75.639769,PA,,,CHESTER SPRINGS,CHESTER
19426,40.189277,-75.448762,PA,,,COLLEGEVILLE,MONTGOMERY
19428,40.079848,-75.301332,PA,,,CONSHOHOCKEN,MONTGOMERY
19429,40.079167,-75.301944,PA,,,CONSHOHOCKEN,MONTGOMERY
19430,40.22,-75.416667,PA,,,CREAMERY,MONTGOMERY
19432,40.074444,-75.535556,PA,,,DEVAULT,CHESTER
19435,40.299924,-75.531975,PA,,,FREDERICK,MONTGOMERY
19436,40.202089,-75.250746,PA,,,GWYNEDD,MONTGOMERY
19437,40.184167,-75.256667,PA,,,GWYNEDD VALLEY,MONTGOMERY
19438,40.265922,-75.388335,PA,,,HARLEYSVILLE,MONTGOMERY
19440,40.277826,-75.297507,PA,,,HATFIELD,MONTGOMERY
19441,40.279444,-75.3875,PA,,,HARLEYSVILLE,MONTGOMERY
19442,40.130556,-75.5725,PA,,,KIMBERTON,CHESTER
19443,40.242778,-75.336944,PA,,,KULPSVILLE,MONTGOMERY
19444,40.089597,-75.260052,PA,,,LAFAYETTE HILL,MONTGOMERY
19446,40.237776,-75.295512,PA,,,LANSDALE,MONTGOMERY
19450,40.261667,-75.406389,PA,,,LEDERACH,MONTGOMERY
19451,40.255833,-75.360556,PA,,,MAINLAND,MONTGOMERY
19453,40.13642,-75.499931,PA,,,MONT CLARE,MONTGOMERY
19454,40.216593,-75.256483,PA,,,NORTH WALES,MONTGOMERY
19455,40.210833,-75.278611,PA,,,NORTH WALES,MONTGOMERY
19456,40.131667,-75.46,PA,,,OAKS,MONTGOMERY
19457,40.199444,-75.584167,PA,,,PARKER FORD,CHESTER
19460,40.126704,-75.527192,PA,,,PHOENIXVILLE,CHESTER
19462,40.107735,-75.279559,PA,,,PLYMOUTH MEETING,MONTGOMERY
19464,40.242989,-75.639256,PA,,,POTTSTOWN,MONTGOMERY
19465,40.245278,-75.65,PA,,,POTTSTOWN,CHESTER
19468,40.19286,-75.530548,PA,,,ROYERSFORD,MONTGOMERY
19470,40.18,-75.731111,PA,,,SAINT PETERS,CHESTER
19472,40.341944,-75.5725,PA,,,SASSAMANSVILLE,MONTGOMERY
19473,40.247087,-75.460155,PA,,,SCHWENKSVILLE,MONTGOMERY
19474,40.222778,-75.399167,PA,,,SKIPPACK,MONTGOMERY
19475,40.176477,-75.56969,PA,,,SPRING CITY,CHESTER
19477,40.186954,-75.237501,PA,,,SPRING HOUSE,MONTGOMERY
19478,40.275556,-75.456944,PA,,,SPRING MOUNT,MONTGOMERY
19480,40.059722,-75.653611,PA,,,UWCHLAND,CHESTER
19481,40.099797,-75.464616,PA,,,VALLEY FORGE,CHESTER
19482,40.0972,-75.47022,PA,,,VALLEY FORGE,CHESTER
19483,40.08,-75.4159,PA,,,VALLEY FORGE,MONTGOMERY
19484,40.10192,-75.39951,PA,,,VALLEY FORGE,MONTGOMERY
19485,40.10171,-75.39963,PA,,,VALLEY FORGE,MONTGOMERY
19486,40.206667,-75.299722,PA,,,WEST POINT,MONTGOMERY
19487,40.1024,-75.4785,PA,,,KING OF PRUSSIA,CHESTER
19488,40.0959,-75.3733,PA,,,NORRISTOWN,CHESTER
19489,40.102,-75.4772,PA,,,NORRISTOWN,CHESTER
19490,40.201111,-75.346944,PA,,,WORCESTER,MONTGOMERY
19492,40.281673,-75.485462,PA,,,ZIEGLERVILLE,MONTGOMERY
19493,40.09699,-75.47052,PA,,,VALLEY FORGE,CHESTER
19494,40.09693,-75.47002,PA,,,VALLEY FORGE,CHESTER
19495,40.09748,-75.47008,PA,,,VALLEY FORGE,CHESTER
19496,40.09728,-75.47022,PA,,,VALLEY FORGE,CHESTER
19501,40.242992,-76.056542,PA,,,ADAMSTOWN,LANCASTER
19503,40.400557,-75.587483,PA,,,BALLY,BERKS
19504,40.381501,-75.574889,PA,,,BARTO,BERKS
19505,40.379454,-75.625701,PA,,,BECHTELSVILLE,BERKS
19506,40.455061,-76.124732,PA,,,BERNVILLE,BERKS
19507,40.480834,-76.274209,PA,,,BETHEL,BERKS
19508,40.256304,-75.834373,PA,,,BIRDSBORO,BERKS
19510,40.443492,-75.883681,PA,,,BLANDON,BERKS
19511,40.487222,-75.7425,PA,,,BOWERS,BERKS
19512,40.333905,-75.660368,PA,,,BOYERTOWN,BERKS
19516,40.486111,-76.007778,PA,,,CENTERPORT,BERKS
19518,40.270876,-75.739673,PA,,,DOUGLASSVILLE,BERKS
19519,40.316667,-75.737222,PA,,,EARLVILLE,BERKS
19520,40.156781,-75.786563,PA,,,ELVERSON,CHESTER
19522,40.446766,-75.8144,PA,,,FLEETWOOD,BERKS
19523,40.2025,-75.836667,PA,,,GEIGERTOWN,BERKS
19525,40.305941,-75.595296,PA,,,GILBERTSVILLE,MONTGOMERY
19526,40.548799,-75.987361,PA,,,HAMBURG,BERKS
19529,40.632794,-75.85127,PA,,,KEMPTON,BERKS
19530,40.521354,-75.777395,PA,,,KUTZTOWN,BERKS
19533,40.415216,-75.994421,PA,,,LEESPORT,BERKS
19534,40.575284,-75.850002,PA,,,LENHARTSVILLE,BERKS
19535,40.351944,-75.789167,PA,,,LIMEKILN,BERKS
19536,40.480556,-75.758889,PA,,,LYON STATION,BERKS
19538,40.5425,-75.689167,PA,,,MAXATAWNY,BERKS
19539,40.499183,-75.687202,PA,,,MERTZTOWN,BERKS
19540,40.258442,-75.98332,PA,,,MOHNTON,BERKS
19541,40.478307,-76.012491,PA,,,MOHRSVILLE,BERKS
19542,40.261667,-75.766944,PA,,,MONOCACY STATION,BERKS
19543,40.155248,-75.899802,PA,,,MORGANTOWN,BERKS
19544,40.419167,-76.295556,PA,,,MOUNT AETNA,BERKS
19545,40.345278,-75.633333,PA,,,NEW BERLINVILLE,BERKS
19547,40.383312,-75.770575,PA,,,OLEY,BERKS
19548,40.282778,-75.691111,PA,,,PINE FORGE,BERKS
19549,40.581787,-76.026652,PA,,,PORT CLINTON,SCHUYLKILL
19550,40.4575,-76.244722,PA,,,REHRERSBURG,BERKS
19551,40.355281,-76.13659,PA,,,ROBESONIA,BERKS
19554,40.512778,-76.104722,PA,,,SHARTLESVILLE,BERKS
19555,40.495495,-75.960313,PA,,,SHOEMAKERSVILLE,BERKS
19559,40.492222,-76.183333,PA,,,STRAUSSTOWN,BERKS
19560,40.402504,-75.904582,PA,,,TEMPLE,BERKS
19562,40.502941,-75.701528,PA,,,TOPTON,BERKS
19564,40.523889,-75.873333,PA,,,VIRGINVILLE,BERKS
19565,40.329289,-76.09014,PA,,,WERNERSVILLE,BERKS
19567,40.374333,-76.198511,PA,,,WOMELSDORF,BERKS
19601,40.346621,-75.935132,PA,,,READING,BERKS
19602,40.330604,-75.919229,PA,,,READING,BERKS
19603,40.3362,-75.9277,PA,,,READING,BERKS
19604,40.350721,-75.914262,PA,,,READING,BERKS
19605,40.38859,-75.932769,PA,,,READING,BERKS
19606,40.325109,-75.868178,PA,,,READING,BERKS
19607,40.299696,-75.953103,PA,,,READING,BERKS
19608,40.31449,-76.024086,PA,,,READING,BERKS
19609,40.325778,-75.995347,PA,,,READING,BERKS
19610,40.333478,-75.976382,PA,,,READING,BERKS
19611,40.324989,-75.944188,PA,,,READING,BERKS
19612,40.3683,-75.9116,PA,,,READING,BERKS
19640,40.3683,-75.9116,PA,,,READING,BERKS
19701,39.610187,-75.674729,DE,,,BEAR,NEW CASTLE
19702,39.634869,-75.699339,DE,,,NEWARK,NEW CASTLE
19703,39.804432,-75.46494,DE,,,CLAYMONT,NEW CASTLE
19706,39.577778,-75.589167,DE,,,DELAWARE CITY,NEW CASTLE
19707,39.77604,-75.688873,DE,,,HOCKESSIN,NEW CASTLE
19708,39.571667,-75.696667,DE,,,KIRKWOOD,NEW CASTLE
19709,39.481535,-75.683183,DE,,,MIDDLETOWN,NEW CASTLE
19710,39.789722,-75.589444,DE,,,MONTCHANIN,NEW CASTLE
19711,39.701129,-75.737534,DE,,,NEWARK,NEW CASTLE
19712,39.684858,-75.71374,DE,,,NEWARK,NEW CASTLE
19713,39.669881,-75.715101,DE,,,NEWARK,NEW CASTLE
19714,39.68379,-75.75043,DE,,,NEWARK,NEW CASTLE
19715,39.6832,-75.749,DE,,,NEWARK,NEW CASTLE
19716,39.6814,-75.754,DE,,,NEWARK,NEW CASTLE
19717,39.6816,-75.7545,DE,,,NEWARK,NEW CASTLE
19718,39.690843,-75.671513,DE,,,NEWARK,NEW CASTLE
19720,39.67703,-75.589938,DE,,,NEW CASTLE,NEW CASTLE
19721,39.661944,-75.566667,DE,,,NEW CASTLE,NEW CASTLE
19725,39.68413,-75.75033,DE,,,NEWARK,NEW CASTLE
19726,39.68403,-75.75047,DE,,,NEWARK,NEW CASTLE
19730,39.457222,-75.661667,DE,,,ODESSA,NEW CASTLE
19731,39.516667,-75.576944,DE,,,PORT PENN,NEW CASTLE
19732,39.796111,-75.5725,DE,,,ROCKLAND,NEW CASTLE
19733,39.555,-75.650556,DE,,,SAINT GEORGES,NEW CASTLE
19734,39.381882,-75.683368,DE,,,TOWNSEND,NEW CASTLE
19735,39.802778,-75.591944,DE,,,WINTERTHUR,NEW CASTLE
19736,39.808056,-75.675833,DE,,,YORKLYN,NEW CASTLE
19801,39.737752,-75.549658,DE,,,WILMINGTON,NEW CASTLE
19802,39.75638,-75.534041,DE,,,WILMINGTON,NEW CASTLE
19803,39.793236,-75.531076,DE,,,WILMINGTON,NEW CASTLE
19804,39.720854,-75.612815,DE,,,WILMINGTON,NEW CASTLE
19805,39.743375,-75.582724,DE,,,WILMINGTON,NEW CASTLE
19806,39.757076,-75.563503,DE,,,WILMINGTON,NEW CASTLE
19807,39.782206,-75.607205,DE,,,WILMINGTON,NEW CASTLE
19808,39.734737,-75.663891,DE,,,WILMINGTON,NEW CASTLE
19809,39.771913,-75.494592,DE,,,WILMINGTON,NEW CASTLE
19810,39.819377,-75.505999,DE,,,WILMINGTON,NEW CASTLE
19850,39.74599,-75.54724,DE,,,WILMINGTON,NEW CASTLE
19880,39.74616,-75.547,DE,,,WILMINGTON,NEW CASTLE
19884,39.778889,-75.598611,DE,,,WILMINGTON,NEW CASTLE
19885,39.74637,-75.54728,DE,,,WILMINGTON,NEW CASTLE
19886,39.7459,-75.54694,DE,,,WILMINGTON,NEW CASTLE
19887,39.8187,-75.508,DE,,,WILMINGTON,NEW CASTLE
19889,39.745833,-75.546944,DE,,,WILMINGTON,NEW CASTLE
19890,39.746425,-75.547124,DE,,,WILMINGTON,NEW CASTLE
19891,39.74619,-75.54704,DE,,,WILMINGTON,NEW CASTLE
19892,39.684291,-75.612606,DE,,,WILMINGTON,NEW CASTLE
19893,39.74593,-75.54694,DE,,,WILMINGTON,NEW CASTLE
19894,39.748231,-75.545861,DE,,,WILMINGTON,NEW CASTLE
19895,39.743061,-75.548375,DE,,,WILMINGTON,NEW CASTLE
19896,39.74617,-75.5472,DE,,,WILMINGTON,NEW CASTLE
19897,39.7856,-75.5458,DE,,,WILMINGTON,NEW CASTLE
19898,39.745583,-75.547707,DE,,,WILMINGTON,NEW CASTLE
19899,39.7463,-75.54707,DE,,,WILMINGTON,NEW CASTLE
19901,39.156639,-75.535983,DE,,,DOVER,KENT
19902,39.120246,-75.478966,DE,,,DOVER AFB,KENT
19903,39.15808,-75.52504,DE,,,DOVER,KENT
19904,39.1689,-75.5671,DE,,,DOVER,KENT
19905,39.1581,-75.52518,DE,,,DOVER,KENT
19906,39.1535,-75.5431,DE,,,DOVER,KENT
19930,38.531009,-75.067396,DE,,,BETHANY BEACH,SUSSEX
19931,38.568517,-75.624298,DE,,,BETHEL,SUSSEX
19933,38.736628,-75.608768,DE,,,BRIDGEVILLE,SUSSEX
19934,39.099099,-75.596559,DE,,,CAMDEN WYOMING,KENT
19936,39.219167,-75.586111,DE,,,CHESWOLD,KENT
19938,39.256395,-75.690361,DE,,,CLAYTON,KENT
19939,38.559559,-75.21133,DE,,,DAGSBORO,SUSSEX
19940,38.476955,-75.575887,DE,,,DELMAR,SUSSEX
19941,38.805737,-75.405588,DE,,,ELLENDALE,SUSSEX
19943,39.022538,-75.582906,DE,,,FELTON,KENT
19944,38.460278,-75.221111,DE,,,FENWICK ISLAND,SUSSEX
19945,38.51767,-75.200633,DE,,,FRANKFORD,SUSSEX
19946,39.034188,-75.454458,DE,,,FREDERICA,KENT
19947,38.679006,-75.393198,DE,,,GEORGETOWN,SUSSEX
19950,38.817519,-75.593547,DE,,,GREENWOOD,SUSSEX
19951,38.672294,-75.223621,DE,,,HARBESON,SUSSEX
19952,38.924031,-75.584268,DE,,,HARRINGTON,KENT
19953,39.15421,-75.693476,DE,,,HARTLY,KENT
19954,38.91143,-75.506354,DE,,,HOUSTON,KENT
19955,39.2275,-75.663333,DE,,,KENTON,KENT
19956,38.553695,-75.563052,DE,,,LAUREL,SUSSEX
19958,38.738149,-75.174702,DE,,,LEWES,SUSSEX
19960,38.86128,-75.399961,DE,,,LINCOLN,SUSSEX
19961,39.166944,-75.448611,DE,,,LITTLE CREEK,KENT
19962,39.07353,-75.508321,DE,,,MAGNOLIA,KENT
19963,38.921801,-75.429877,DE,,,MILFORD,SUSSEX
19964,39.099794,-75.728661,DE,,,MARYDEL,KENT
19966,38.593436,-75.255547,DE,,,MILLSBORO,SUSSEX
19967,38.558946,-75.107762,DE,,,MILLVILLE,SUSSEX
19968,38.768687,-75.295298,DE,,,MILTON,SUSSEX
19969,38.751944,-75.188056,DE,,,NASSAU,SUSSEX
19970,38.555528,-75.096518,DE,,,OCEAN VIEW,SUSSEX
19971,38.714715,-75.107346,DE,,,REHOBOTH BEACH,SUSSEX
19973,38.640358,-75.604122,DE,,,SEAFORD,SUSSEX
19975,38.465357,-75.157325,DE,,,SELBYVILLE,SUSSEX
19977,39.293379,-75.600832,DE,,,SMYRNA,KENT
19979,39.041872,-75.572605,DE,,,VIOLA,KENT
19980,39.071389,-75.568611,DE,,,WOODSIDE,KENT
20001,38.912217,-77.017691,DC,,,WASHINGTON,DISTRICT OF COLUMBIA
20002,38.902365,-76.990055,DC,,,WASHINGTON,DISTRICT OF COLUMBIA
20003,38.882941,-76.989539,DC,,,WASHINGTON,DISTRICT OF COLUMBIA
20004,38.892955,-77.026303,DC,,,WASHINGTON,DISTRICT OF COLUMBIA
20005,38.906731,-77.031236,DC,,,WASHINGTON,DISTRICT OF COLUMBIA
20006,38.896444,-77.044701,DC,,,WASHINGTON,DISTRICT OF COLUMBIA
20007,38.914365,-77.074042,DC,,,WASHINGTON,DISTRICT OF COLUMBIA
20008,38.936282,-77.059936,DC,,,WASHINGTON,DISTRICT OF COLUMBIA
20009,38.920202,-77.037504,DC,,,WASHINGTON,DISTRICT OF COLUMBIA
20010,38.93272,-77.032183,DC,,,WASHINGTON,DISTRICT OF COLUMBIA
20011,38.951786,-77.020251,DC,,,WASHINGTON,DISTRICT OF COLUMBIA
20012,38.975712,-77.028248,DC,,,WASHINGTON,DISTRICT OF COLUMBIA
20013,38.89534,-77.036827,DC,,,WASHINGTON,DISTRICT OF COLUMBIA
20015,38.965768,-77.067961,DC,,,WASHINGTON,DISTRICT OF COLUMBIA
20016,38.938117,-77.086037,DC,,,WASHINGTON,DISTRICT OF COLUMBIA
20017,38.936723,-76.994038,DC,,,WASHINGTON,DISTRICT OF COLUMBIA
20018,38.927724,-76.976159,DC,,,WASHINGTON,DISTRICT OF COLUMBIA
20019,38.890237,-76.937588,DC,,,WASHINGTON,DISTRICT OF COLUMBIA
20020,38.860039,-76.974187,DC,,,WASHINGTON,DISTRICT OF COLUMBIA
20022,38.918653,-76.961362,DC,,,WASHINGTON,DISTRICT OF COLUMBIA
20023,38.9008,-77.0104,DC,,,WASHINGTON,DISTRICT OF COLUMBIA
20024,38.875939,-77.016028,DC,,,WASHINGTON,DISTRICT OF COLUMBIA
20026,38.89553,-77.036787,DC,,,WASHINGTON,DISTRICT OF COLUMBIA
20027,38.9008,-76.9827,DC,,,WASHINGTON,DISTRICT OF COLUMBIA
20029,38.8938,-76.9501,DC,,,WASHINGTON,DISTRICT OF COLUMBIA
20030,38.8648,-76.9707,DC,,,WASHINGTON,DISTRICT OF COLUMBIA
20032,38.833843,-76.999549,DC,,,WASHINGTON,DISTRICT OF COLUMBIA
20033,38.89523,-77.036907,DC,,,WASHINGTON,DISTRICT OF COLUMBIA
20035,38.9026,-77.0398,DC,,,WASHINGTON,DISTRICT OF COLUMBIA
20036,38.908704,-77.041434,DC,,,WASHINGTON,DISTRICT OF COLUMBIA
20037,38.901446,-77.050448,DC,,,WASHINGTON,DISTRICT OF COLUMBIA
20038,38.9008,-77.0328,DC,,,WASHINGTON,DISTRICT OF COLUMBIA
20039,38.9528,-77.0234,DC,,,WASHINGTON,DISTRICT OF COLUMBIA
20040,38.9658,-77.0276,DC,,,WASHINGTON,DISTRICT OF COLUMBIA
20041,38.944,-77.4624,DC,,,WASHINGTON,DISTRICT OF COLUMBIA
20042,38.89542,-77.036697,DC,,,WASHINGTON,DISTRICT OF COLUMBIA
20043,38.9033,-77.0325,DC,,,WASHINGTON,DISTRICT OF COLUMBIA
20044,38.8947,-77.0287,DC,,,WASHINGTON,DISTRICT OF COLUMBIA
20045,38.88239,-76.985509,DC,,,WASHINGTON,DISTRICT OF COLUMBIA
20046,38.89503,-77.036857,DC,,,WASHINGTON,DISTRICT OF COLUMBIA
20047,38.959248,-77.088622,DC,,,WASHINGTON,DISTRICT OF COLUMBIA
20049,38.8963,-77.02,DC,,,WASHINGTON,DISTRICT OF COLUMBIA
20050,38.89518,-77.036757,DC,,,WASHINGTON,DISTRICT OF COLUMBIA
20051,38.897333,-76.99237,DC,,,WASHINGTON,DISTRICT OF COLUMBIA
20052,38.899,-77.0457,DC,,,WASHINGTON,DISTRICT OF COLUMBIA
20053,38.883193,-77.011485,DC,,,WASHINGTON,DISTRICT OF COLUMBIA
20055,38.89521,-77.037307,DC,,,WASHINGTON,DISTRICT OF COLUMBIA
20056,38.9158,-77.0321,DC,,,WASHINGTON,DISTRICT OF COLUMBIA
20057,38.9079,-77.0714,DC,,,WASHINGTON,DISTRICT OF COLUMBIA
20058,38.89541,-77.036877,DC,,,WASHINGTON,DISTRICT OF COLUMBIA
20059,38.9226,-77.0212,DC,,,WASHINGTON,DISTRICT OF COLUMBIA
20060,38.917805,-77.021897,DC,,,WASHINGTON,DISTRICT OF COLUMBIA
20061,38.880461,-76.983659,DC,,,WASHINGTON,DISTRICT OF COLUMBIA
20062,38.900202,-77.037955,DC,,,WASHINGTON,DISTRICT OF COLUMBIA
20063,38.9055,-77.0467,DC,,,WASHINGTON,DISTRICT OF COLUMBIA
20064,38.9326,-76.9973,DC,,,WASHINGTON,DISTRICT OF COLUMBIA
20065,38.900656,-77.012169,DC,,,WASHINGTON,DISTRICT OF COLUMBIA
20066,38.917233,-76.993764,DC,,,WASHINGTON,DISTRICT OF COLUMBIA
20067,38.8956,-77.036817,DC,,,WASHINGTON,DISTRICT OF COLUMBIA
20068,38.9002,-77.0437,DC,,,WASHINGTON,DISTRICT OF COLUMBIA
20069,38.89538,-77.037057,DC,,,WASHINGTON,DISTRICT OF COLUMBIA
20070,38.89538,-77.036897,DC,,,WASHINGTON,DISTRICT OF COLUMBIA
20071,38.904711,-77.034573,DC,,,WASHINGTON,DISTRICT OF COLUMBIA
20073,38.879557,-76.983642,DC,,,WASHINGTON,DISTRICT OF COLUMBIA
20074,38.89553,-77.036677,DC,,,WASHINGTON,DISTRICT OF COLUMBIA
20075,38.89541,-77.036667,DC,,,WASHINGTON,DISTRICT OF COLUMBIA
20076,38.959188,-77.088452,DC,,,WASHINGTON,DISTRICT OF COLUMBIA
20077,38.89561,-77.036827,DC,,,WASHINGTON,DISTRICT OF COLUMBIA
20078,38.89515,-77.036677,DC,,,WASHINGTON,DISTRICT OF COLUMBIA
20080,38.89535,-77.037247,DC,,,WASHINGTON,DISTRICT OF COLUMBIA
20081,38.899816,-77.027035,DC,,,WASHINGTON,DISTRICT OF COLUMBIA
20082,38.89561,-77.037137,DC,,,WASHINGTON,DISTRICT OF COLUMBIA
20088,38.9417,-77.0771,DC,,,WASHINGTON,DISTRICT OF COLUMBIA
20090,38.89525,-77.037057,DC,,,WASHINGTON,DISTRICT OF COLUMBIA
20091,38.89518,-77.037067,DC,,,WASHINGTON,DISTRICT OF COLUMBIA
20097,38.8858,-77.0063,DC,,,WASHINGTON,DISTRICT OF COLUMBIA
20098,38.89532,-77.037077,DC,,,WASHINGTON,DISTRICT OF COLUMBIA
20101,38.9886,-77.4507,VA,,,DULLES,LOUDOUN
20102,38.952804,-77.454016,VA,,,DULLES,LOUDOUN
20103,39.000545,-77.4519,VA,,,DULLES,LOUDOUN
20104,38.998099,-77.451672,VA,,,DULLES,LOUDOUN
20105,38.975556,-77.641667,VA,,,ALDIE,LOUDOUN
20106,38.671389,-77.995833,VA,,,AMISSVILLE,CULPEPER
20107,38.951667,-77.534444,VA,,,ARCOLA,LOUDOUN
20108,38.7518,-77.4728,VA,,,MANASSAS,MANASSAS CITY
20109,38.841111,-77.538056,VA,,,MANASSAS,PRINCE WILLIAM
20110,38.7509,-77.48,VA,,,MANASSAS,MANASSAS CITY
20111,38.783889,-77.47,VA,,,MANASSAS,PRINCE WILLIAM
20112,38.6811,-77.4324,VA,,,MANASSAS,PRINCE WILLIAM
20113,38.7776,-77.5197,VA,,,MANASSAS,MANASSAS PARK CITY
20115,38.8237,-77.897,VA,,,MARSHALL,FAUQUIER
20116,38.8256,-77.8947,VA,,,MARSHALL,FAUQUIER
20117,38.9871,-77.7465,VA,,,MIDDLEBURG,LOUDOUN
20118,39.0039,-77.7226,VA,,,MIDDLEBURG,LOUDOUN
20119,38.653611,-77.640833,VA,,,CATLETT,FAUQUIER
20120,38.851667,-77.445,VA,,,CENTREVILLE,FAIRFAX
20121,38.8261,-77.4418,VA,,,CENTREVILLE,FAIRFAX
20122,38.8422,-77.4715,VA,,,CENTREVILLE,FAIRFAX
20124,38.78,-77.386944,VA,,,CLIFTON,FAIRFAX
20128,38.749722,-77.962222,VA,,,ORLEAN,FAUQUIER
20129,39.149167,-77.619444,VA,,,PAEONIAN SPRINGS,LOUDOUN
20130,39.004444,-77.951667,VA,,,PARIS,CLARKE
20131,39.056111,-77.740556,VA,,,PHILOMONT,LOUDOUN
20132,39.1545,-77.7186,VA,,,PURCELLVILLE,LOUDOUN
20134,39.1393,-77.7138,VA,,,PURCELLVILLE,LOUDOUN
20135,39.111111,-77.834167,VA,,,BLUEMONT,CLARKE
20136,38.722778,-77.536389,VA,,,BRISTOW,PRINCE WILLIAM
20137,38.823611,-77.713333,VA,,,BROAD RUN,FAUQUIER
20138,38.631944,-77.670833,VA,,,CALVERTON,FAUQUIER
20139,38.6575,-77.717222,VA,,,CASANOVA,FAUQUIER
20140,38.921111,-77.861667,VA,,,RECTORTOWN,FAUQUIER
20141,39.1282,-77.7775,VA,,,ROUND HILL,LOUDOUN
20142,39.1031,-77.7923,VA,,,ROUND HILL,LOUDOUN
20143,38.854167,-77.572222,VA,,,CATHARPIN,PRINCE WILLIAM
20144,38.915,-77.920556,VA,,,DELAPLANE,FAUQUIER
20146,39.03223,-77.49859,VA,,,ASHBURN,LOUDOUN
20147,39.0413,-77.4855,VA,,,ASHBURN,LOUDOUN
20148,38.981944,-77.538889,VA,,,ASHBURN,LOUDOUN
20149,39.0328,-77.49893,VA,,,ASHBURN,LOUDOUN
20151,38.8865,-77.4393,VA,,,CHANTILLY,FAIRFAX
20152,38.9067,-77.5102,VA,,,CHANTILLY,LOUDOUN
20153,38.8857,-77.4403,VA,,,CHANTILLY,FAIRFAX
20155,38.7997,-77.618,VA,,,GAINESVILLE,PRINCE WILLIAM
20156,38.8004,-77.636,VA,,,GAINESVILLE,PRINCE WILLIAM
20158,39.1399,-77.6608,VA,,,HAMILTON,LOUDOUN
20159,39.1376,-77.6636,VA,,,HAMILTON,LOUDOUN
20160,39.115278,-77.695278,VA,,,LINCOLN,LOUDOUN
20163,39.000921,-77.457928,VA,,,STERLING,LOUDOUN
20164,39.0133,-77.3948,VA,,,STERLING,LOUDOUN
20165,39.0441,-77.3882,VA,,,STERLING,LOUDOUN
20166,38.9982,-77.4339,VA,,,STERLING,LOUDOUN
20167,39.0061,-77.4288,VA,,,STERLING,LOUDOUN
20168,38.8128,-77.6362,VA,,,HAYMARKET,PRINCE WILLIAM
20169,38.8517,-77.6418,VA,,,HAYMARKET,PRINCE WILLIAM
20170,38.9764,-77.3839,VA,,,HERNDON,FAIRFAX
20171,38.935556,-77.380278,VA,,,HERNDON,FAIRFAX
20172,38.9338,-77.34812,VA,,,HERNDON,FAIRFAX
20175,39.0867,-77.5775,VA,,,LEESBURG,LOUDOUN
20176,39.1275,-77.5267,VA,,,LEESBURG,LOUDOUN
20177,39.12821,-77.5691,VA,,,LEESBURG,LOUDOUN
20178,39.12808,-77.56912,VA,,,LEESBURG,LOUDOUN
20180,39.2725,-77.636944,VA,,,LOVETTSVILLE,LOUDOUN
20181,38.6953,-77.5755,VA,,,NOKESVILLE,PRINCE WILLIAM
20182,38.6841,-77.5616,VA,,,NOKESVILLE,PRINCE WILLIAM
20184,39.0008,-77.8719,VA,,,UPPERVILLE,FAUQUIER
20185,38.9932,-77.8803,VA,,,UPPERVILLE,FAUQUIER
20186,38.7063,-77.8159,VA,,,WARRENTON,FAUQUIER
20187,38.767222,-77.728611,VA,,,WARRENTON,FAUQUIER
20188,38.7129,-77.7945,VA,,,WARRENTON,FAUQUIER
20189,38.988333,-77.450556,VA,,,DULLES,LOUDOUN
20190,38.96,-77.3456,VA,,,RESTON,FAIRFAX
20191,38.9379,-77.352,VA,,,RESTON,FAIRFAX
20192,38.9496,-77.366,VA,,,HERNDON,FAIRFAX
20193,38.959167,-77.336944,VA,,,RESTON,FAIRFAX
20194,38.9785,-77.347,VA,,,RESTON,FAIRFAX
20195,38.93353,-77.34797,VA,,,RESTON,FAIRFAX
20196,38.9253,-77.3971,VA,,,RESTON,FAIRFAX
20197,39.186667,-77.610278,VA,,,WATERFORD,LOUDOUN
20198,38.861944,-77.774167,VA,,,THE PLAINS,FAUQUIER
20199,39.0011,-77.4562,VA,,,DULLES,LOUDOUN
20201,38.887614,-77.003519,DC,,,WASHINGTON,DISTRICT OF COLUMBIA
20202,38.887318,-77.017554,DC,,,WASHINGTON,DISTRICT OF COLUMBIA
20203,38.905623,-76.974173,DC,,,WASHINGTON,DISTRICT OF COLUMBIA
20204,38.893582,-77.003517,DC,,,WASHINGTON,DISTRICT OF COLUMBIA
20206,38.845249,-77.116035,DC,,,WASHINGTON,DISTRICT OF COLUMBIA
20207,38.89561,-77.037267,DC,,,WASHINGTON,DISTRICT OF COLUMBIA
20208,38.882508,-77.006336,DC,,,WASHINGTON,DISTRICT OF COLUMBIA
20210,38.89256,-77.003785,DC,,,WASHINGTON,DISTRICT OF COLUMBIA
20211,38.89539,-77.036887,DC,,,WASHINGTON,DISTRICT OF COLUMBIA
20212,38.8971,-77.0084,DC,,,WASHINGTON,DISTRICT OF COLUMBIA
20213,38.89235,-77.003995,DC,,,WASHINGTON,DISTRICT OF COLUMBIA
20214,38.89529,-77.037057,DC,,,WASHINGTON,DISTRICT OF COLUMBIA
20215,38.89236,-77.003775,DC,,,WASHINGTON,DISTRICT OF COLUMBIA
20216,38.89223,-77.003775,DC,,,WASHINGTON,DISTRICT OF COLUMBIA
20217,38.895207,-77.00351,DC,,,WASHINGTON,DISTRICT OF COLUMBIA
20218,38.89535,-77.037197,DC,,,WASHINGTON,DISTRICT OF COLUMBIA
20219,38.896125,-77.013936,DC,,,WASHINGTON,DISTRICT OF COLUMBIA
20220,38.879565,-76.983663,DC,,,WASHINGTON,DISTRICT OF COLUMBIA
20221,38.896116,-76.990244,DC,,,WASHINGTON,DISTRICT OF COLUMBIA
20222,38.897326,-76.983647,DC,,,WASHINGTON,DISTRICT OF COLUMBIA
20223,38.90249,-76.978115,DC,,,WASHINGTON,DISTRICT OF COLUMBIA
20224,38.892063,-76.990191,DC,,,WASHINGTON,DISTRICT OF COLUMBIA
20226,38.881615,-77.00204,DC,,,WASHINGTON,DISTRICT OF COLUMBIA
20227,38.890416,-77.031962,DC,,,WASHINGTON,DISTRICT OF COLUMBIA
20228,38.894525,-77.031961,DC,,,WASHINGTON,DISTRICT OF COLUMBIA
20229,38.881256,-76.987816,DC,,,WASHINGTON,DISTRICT OF COLUMBIA
20230,38.892012,-76.98551,DC,,,WASHINGTON,DISTRICT OF COLUMBIA
20232,38.900211,-76.979068,DC,,,WASHINGTON,DISTRICT OF COLUMBIA
20233,38.846523,-76.926918,DC,,,WASHINGTON,DISTRICT OF COLUMBIA
20235,38.916232,-77.068167,DC,,,WASHINGTON,DISTRICT OF COLUMBIA
20237,38.887565,-77.015611,DC,,,WASHINGTON,DISTRICT OF COLUMBIA
20238,38.89502,-77.037087,DC,,,WASHINGTON,DISTRICT OF COLUMBIA
20239,38.883144,-76.992785,DC,,,WASHINGTON,DISTRICT OF COLUMBIA
20240,38.893522,-77.042591,DC,,,WASHINGTON,DISTRICT OF COLUMBIA
20241,38.89611,-76.972752,DC,,,WASHINGTON,DISTRICT OF COLUMBIA
20242,38.987965,-77.04257,DC,,,WASHINGTON,DISTRICT OF COLUMBIA
20244,38.89529,-77.036987,DC,,,WASHINGTON,DISTRICT OF COLUMBIA
20245,38.892101,-77.044222,DC,,,WASHINGTON,DISTRICT OF COLUMBIA
20250,38.887593,-76.985511,DC,,,WASHINGTON,DISTRICT OF COLUMBIA
20251,38.894796,-77.023972,DC,,,WASHINGTON,DISTRICT OF COLUMBIA
20254,38.896118,-76.99951,DC,,,WASHINGTON,DISTRICT OF COLUMBIA
20260,38.8836,-77.02,DC,,,WASHINGTON,DISTRICT OF COLUMBIA
20261,38.89541,-77.036677,DC,,,WASHINGTON,DISTRICT OF COLUMBIA
20262,38.89552,-77.036957,DC,,,WASHINGTON,DISTRICT OF COLUMBIA
20265,38.89546,-77.037037,DC,,,WASHINGTON,DISTRICT OF COLUMBIA
20266,38.89528,-77.037297,DC,,,WASHINGTON,DISTRICT OF COLUMBIA
20268,38.902089,-77.023989,DC,,,WASHINGTON,DISTRICT OF COLUMBIA
20270,38.898315,-77.041702,DC,,,WASHINGTON,DISTRICT OF COLUMBIA
20277,38.89558,-77.036697,DC,,,WASHINGTON,DISTRICT OF COLUMBIA
20289,38.88578,-77.0258,DC,,,WASHINGTON,DISTRICT OF COLUMBIA
20299,38.89533,-77.037197,DC,,,WASHINGTON,DISTRICT OF COLUMBIA
20301,38.891019,-77.038196,DC,,,WASHINGTON,DISTRICT OF COLUMBIA
20303,38.9171,-76.994,DC,,,WASHINGTON,DISTRICT OF COLUMBIA
20306,38.972478,-77.036371,DC,,,WASHINGTON,DISTRICT OF COLUMBIA
20307,38.973617,-77.026887,DC,,,WASHINGTON,DISTRICT OF COLUMBIA
20310,38.8575,-77.0527,DC,,,WASHINGTON,DISTRICT OF COLUMBIA
20314,38.89552,-77.036987,DC,,,WASHINGTON,DISTRICT OF COLUMBIA
20317,38.889792,-76.951953,DC,,,WASHINGTON,DISTRICT OF COLUMBIA
20318,38.89502,-77.036827,DC,,,WASHINGTON,DISTRICT OF COLUMBIA
20319,38.867778,-77.015556,DC,,,WASHINGTON,DISTRICT OF COLUMBIA
20330,38.870815,-77.055695,DC,,,WASHINGTON,DISTRICT OF COLUMBIA
20340,38.8459,-77.01482,DC,,,WASHINGTON,DISTRICT OF COLUMBIA
20350,38.89534,-77.037307,DC,,,WASHINGTON,DISTRICT OF COLUMBIA
20355,38.8951,-77.0369,DC,,,WASHINGTON,DISTRICT OF COLUMBIA
20370,38.8953,-77.036807,DC,,,WASHINGTON,DISTRICT OF COLUMBIA
20372,38.896024,-77.050117,DC,,,WASHINGTON,DISTRICT OF COLUMBIA
20373,38.856613,-77.005105,DC,,,NAVAL ANACOST ANNEX,DISTRICT OF COLUMBIA
20374,38.8742,-76.9943,DC,,,WASHINGTON NAVY YARD,DISTRICT OF COLUMBIA
20375,38.828825,-77.016703,DC,,,WASHINGTON,DISTRICT OF COLUMBIA
20376,38.8763,-76.9932,DC,,,WASHINGTON NAVY YARD,DISTRICT OF COLUMBIA
20380,38.89538,-77.036717,DC,,,WASHINGTON,DISTRICT OF COLUMBIA
20388,38.8728,-76.9961,DC,,,WASHINGTON NAVY YARD,DISTRICT OF COLUMBIA
20389,38.844985,-76.928346,DC,,,WASHINGTON,DISTRICT OF COLUMBIA
20390,38.898456,-77.022933,DC,,,WASHINGTON,DISTRICT OF COLUMBIA
20391,38.905628,-76.986351,DC,,,WASHINGTON NAVY YARD,DISTRICT OF COLUMBIA
20392,38.876197,-76.956826,DC,,,WASHINGTON,DISTRICT OF COLUMBIA
20393,38.938901,-77.085062,DC,,,WASHINGTON,DISTRICT OF COLUMBIA
20394,38.938169,-77.086226,DC,,,WASHINGTON,DISTRICT OF COLUMBIA
20395,38.8619,-76.9738,DC,,,WASHINGTON,DISTRICT OF COLUMBIA
20398,38.905688,-76.986361,DC,,,WASHINGTON NAVY YARD,DISTRICT OF COLUMBIA
20401,38.899051,-77.009066,DC,,,WASHINGTON,DISTRICT OF COLUMBIA
20402,38.899757,-77.009546,DC,,,WASHINGTON,DISTRICT OF COLUMBIA
20403,38.886921,-77.002042,DC,,,WASHINGTON,DISTRICT OF COLUMBIA
20404,38.899667,-77.009406,DC,,,WASHINGTON,DISTRICT OF COLUMBIA
20405,38.897354,-77.041705,DC,,,WASHINGTON,DISTRICT OF COLUMBIA
20406,38.914089,-77.043429,DC,,,WASHINGTON,DISTRICT OF COLUMBIA
20407,38.893577,-76.996168,DC,,,WASHINGTON,DISTRICT OF COLUMBIA
20408,38.893295,-77.021919,DC,,,WASHINGTON,DISTRICT OF COLUMBIA
20409,38.895222,-77.036758,DC,,,WASHINGTON,DISTRICT OF COLUMBIA
20410,38.895597,-77.022183,DC,,,WASHINGTON,DISTRICT OF COLUMBIA
20411,38.895697,-77.022463,DC,,,WASHINGTON,DISTRICT OF COLUMBIA
20412,38.895637,-77.022523,DC,,,WASHINGTON,DISTRICT OF COLUMBIA
20413,38.895837,-77.022503,DC,,,WASHINGTON,DISTRICT OF COLUMBIA
20414,38.895867,-77.022073,DC,,,WASHINGTON,DISTRICT OF COLUMBIA
20415,38.896116,-76.977257,DC,,,WASHINGTON,DISTRICT OF COLUMBIA
20416,38.895,-77.037307,DC,,,WASHINGTON,DISTRICT OF COLUMBIA
20418,38.892101,-77.046676,DC,,,WASHINGTON,DISTRICT OF COLUMBIA
20419,38.904368,-77.033263,DC,,,WASHINGTON,DISTRICT OF COLUMBIA
20420,38.900338,-77.035634,DC,,,WASHINGTON,DISTRICT OF COLUMBIA
20421,38.904368,-77.033383,DC,,,WASHINGTON,DISTRICT OF COLUMBIA
20422,38.922496,-77.012146,DC,,,WASHINGTON,DISTRICT OF COLUMBIA
20423,38.89544,-77.037017,DC,,,WASHINGTON,DISTRICT OF COLUMBIA
20424,38.881264,-76.98551,DC,,,WASHINGTON,DISTRICT OF COLUMBIA
20425,38.897718,-76.99376,DC,,,WASHINGTON,DISTRICT OF COLUMBIA
20426,38.900313,-77.012173,DC,,,WASHINGTON,DISTRICT OF COLUMBIA
20427,38.902526,-77.046649,DC,,,WASHINGTON,DISTRICT OF COLUMBIA
20428,38.914493,-77.046189,DC,,,WASHINGTON,DISTRICT OF COLUMBIA
20429,38.89655,-77.039461,DC,,,WASHINGTON,DISTRICT OF COLUMBIA
20431,38.897355,-77.043468,DC,,,WASHINGTON,DISTRICT OF COLUMBIA
20433,38.900088,-77.041613,DC,,,WASHINGTON,DISTRICT OF COLUMBIA
20434,38.9058,-77.0472,DC,,,WASHINGTON,DISTRICT OF COLUMBIA
20435,38.89539,-77.037127,DC,,,WASHINGTON,DISTRICT OF COLUMBIA
