521175,16.9333,80.1333,Andhra Pradesh,state,JAGGAYYAPETA,16 56 00 N,080 08 00 E
142026,30.8,75.6,Punjab,state,JAGRAON,30 48 00 N,075 36 00 E
505327,18.8,78.9167,Andhra Pradesh,state,JAGTIAL,18 48 00 N,078 55 00 E
804408,25.2167,84.9833,Bihar,state,JAHANABAD,25 13 00 N,084 59 00 E
261202,28.4,78.1,Uttar Pradesh,state,JAHANGIRABAD,28 24 00 N,078 06 00 E
203141,28.7333,77.2167,Delhi,union territory,JAHANGIRPUR,28 44 00 N,077 13 00 E
144530,31.3667,76.1333,Punjab,state,JAIJON,31 22 00 N,076 08 00 E
755046,26.8833,75.8333,Rajasthan,state,JAIPUR,26 53 00 N,075 50 00 E
229305,26.2667,81.5333,Uttar Pradesh,state,JAIS,26 16 00 N,081 32 00 E
345001,26.8667,70.9167,Rajasthan,state,JAISALMER,26 52 00 N,070 55 00
151202,30.4667,74.8833,Punjab,state,JAITU,30 28 00 N,074 53 00 E
755001,20.85,86.3333,Orissa,state,JAJPUR,20 51 00 N,086 20 00 E
333305,29.7667,75.85,Haryana,state,JAKHAL,29 46 00 N,075 51 00 E
370640,23.25,68.8,Gujarat,state,JAKHAU,23 15 00 N,068 48 00 E
275207,30.6,74.2833,Punjab,state,JALALABAD,30 36 00 N,074 17 00 E
242221,27.7167,79.65,Uttar Pradesh,state,JALALABAD,27 43 00 N,079 39 00 E
788816,26.3167,82.7333,Uttar Pradesh,state,JALALPUR,26 19 00 N,082 44 00 E
144021,31.3,75.6667,Punjab,state,JALANDHAR,31 18 00 N,075 40 00 E
742305,25.1167,88.7,West Bengal,state,JALANGI,25 07 00 N,088 42 00 E
285123,26.15,79.3333,Uttar Pradesh,state,JALAUN,26 09 00 N,079 20 00 E
769043,21.9333,87.5,West Bengal,state,JALDA,21 56 00 N,087 30 00 E
207302,27.4833,78.3,Uttar Pradesh,state,JALESAR,27 29 00 N,078 18 00 E
756032,21.8167,87.2167,Orissa,state,JALESHWAR,21 49 00 N,087 13 00 E
425001,21.2167,76.5833,Maharashtra,state,JALGAON,21 13 00 N,076 35 00 E
425001,21.0167,75.65,Maharashtra,state,JALGAON,21 01 00 N,075 39 00 E
431203,19.8333,75.9667,Maharashtra,state,JALNA,19 50 00 N,075 58 00 E
343001,25.35,72.7167,Rajasthan,state,JALOR,25 21 00 N,072 43 00 E
735101,26.5,88.8333,West Bengal,state,JALPAIGURI,26 30 00 N,088 50 00 E
360530,21.9,70.0167,Gujarat,state,JAM JODHPUR,21 54 00 N,070 01 00 E
811214,25.3167,86.5,Bihar,state,JAMALPUR,25 19 00 N,086 30 00 E
392150,22,72.8333,Gujarat,state,JAMBUSAR,22 00 00 N,072 50 00 E
587301,16.5167,75.35,Karnataka,state,JAMKHANDI,16 31 00 N,075 21 00 E
516434,14.85,78.35,Andhra Pradesh,state,JAMMALAMADUGU,14 51 00 N,078 21 00 E
361001,22.4667,70.1,Gujarat,state,JAMNAGAR,22 28 00 N,070 06 00 E
831001,22.7833,86.2,Bihar,state,JAMSHEDPUR,22 47 00 N,086 12 00 E
815351,23.9667,86.8167,Bihar,state,JAMTARA,23 58 00 N,086 49 00 E
811307,24.95,86.2333,Bihar,state,JAMUI,24 57 00 N,086 14 00 E
712304,22.7167,88.2667,West Bengal,state,JANAI,22 43 00 N,088 16 00 E
141303,31.6,75.05,Punjab,state,JANDIALA,31 36 00 N,075 03 00 E
506167,17.7333,79.1667,Andhra Pradesh,state,JANGAON,17 44 00 N,079 10 00 E
712404,22.75,88.0667,West Bengal,state,JANGIPARA,22 45 00 N,088 04 00 E
742213,24.4667,88.0667,West Bengal,state,JANGIPUR,24 28 00 N,088 04 00 E
721431,21.8667,87.9333,West Bengal,state,JANKA,21 52 00 N,087 56 00 E
151314,29.3333,77.8333,Uttar Pradesh,state,JANSATH,29 20 00 N,077 50 00 E
457226,23.6667,75.1667,Madhya Pradesh,state,JAORA,23 40 00 N,075 10 00 E
822116,24.55,84.0167,Bihar,state,JAPLA,24 33 00 N,084 01 00 E
271203,27.6,82.5333,Uttar Pradesh,state,JARWA,27 36 00 N,082 32 00 E
402119,18.9333,73.0167,Maharashtra,state,JASAVLI,18 56 00 N,073 01 00 E
360050,22.0667,71.3167,Gujarat,state,JASDAN,22 04 00 N,071 19 00 E
814142,24.5333,86.65,Bihar,state,JASIDIH,24 32 00 N,086 39 00 E
244712,29.2833,78.8167,Uttar Pradesh,state,JASPUR,29 17 00 N,078 49 00 E
212107,25.2833,81.8,Uttar Pradesh,state,JASRA,25 17 00 N,081 48 00 E
206254,26.9,78.9,Uttar Pradesh,state,JASWATNAGAR,26 54 00 N,078 54 00 E
752050,20.1667,85.7,Orissa,state,JATANI,20 10 00 N,085 42 00 E
124318,29.4333,77.8667,Uttar Pradesh,state,JAULI,29 26 00 N,077 52 00 E
222002,25.7333,82.6833,Uttar Pradesh,state,JAUNPUR,25 44 00 N,082 41 00 E
176031,31.85,76.3667,Himachal Pradesh,state,JAWALA MUKHI,31 51 00 N,076 22 00 E
621802,11.2167,79.3667,Tamil Nadu,state,JAYAMKONDACHOLAPURAM,11 13 00 N,079 22 00 E
360370,21.7167,70.7,Gujarat,state,JETPUR,21 43 00 N,070 42 00 E
457661,22.7,74.6167,Madhya Pradesh,state,JHABUA,22 42 00 N,074 37 00 E
811308,24.7833,86.3833,Bihar,state,JHAJHA,24 47 00 N,086 23 00 E
124104,28.6,76.7,Haryana,state,JHAJJAR,28 36 00 N,076 42 00 E
723202,23.35,85.9667,West Bengal,state,JHALIDA,23 21 00 N,085 58 00 E
389170,23.1,74.15,Gujarat,state,JHALOD,23 06 00 N,074 09 00 E
326023,24.5333,76.2,Rajasthan,state,JHALRAPATAN,24 32 00 N,076 12 00 E
284001,25.45,78.5667,Uttar Pradesh,state,JHANSI,25 27 00 N,078 34 00 E
721507,22.45,86.9833,West Bengal,state,JHARGRAM,22 27 00 N,086 59 00 E
828111,23.75,86.4333,Bihar,state,JHARIA,23 45 00 N,086 26 00 E
757086,22.1667,86.6333,Orissa,state,JHADPOKHRIA,22 10 00 N,086 38 00 E
768201,21.9333,84.0667,Orissa,state,JHARSUGUDA,21 56 00 N,084 04 00 E
833215,22.4167,85.7833,Bihar,state,JHINKPANI,22 25 00 N,085 47 00 E
333001,28.1333,75.4,Rajasthan,state,JHUNJHUNU,28 08 00 N,075 24 00 E
742123,24.2333,88.2667,West Bengal,state,JIAGANJ,24 14 00 N,088 16 00 E
126102,29.3167,76.3667,Haryana,state,JIND,29 19 00 N,076 22 00 E
457990,22.45,74.5667,Madhya Pradesh,state,JOBAT,22 27 00 N,074 34 00 E
342001,26.3,73.1333,Rajasthan,state,JODHPUR,26 18 00 N,073 08 00 E
361250,22.6833,70.35,Gujarat,state,JODIYA,22 41 00 N,070 21 00 E
400060,19.1333,72.85,Maharashtra,state,JOGESHVARI,19 08 00 N,072 51 00 E
176120,31.85,76.7833,Himachal Pradesh,state,JOGINDARNAGAR,31 51 00 N,076 47 00 E
757093,22.45,88.3,West Bengal,state,JOKA,22 27 00 N,088 18 00 E
635851,12.5833,78.55,Tamil Nadu,state,JOLARPETTAI,12 35 00 N,078 33 00 E
476221,26.3333,77.8,Madhya Pradesh,state,JORA,26 20 00 N,077 48 00 E
785001,26.75,94.2,Assam,state,JORHAT,26 45 00 N,094 12 00 E
793150,25.4333,92.2333,Meghalaya,state,JOWAI,25 26 00 N,092 14 00 E
400049,19.1167,72.8167,Maharashtra,state,JUHU,19 07 00 N,072 49 00 E
126101,29.1333,76.4167,Haryana,state,JULANA SHADIPUR,29 08 00 N,076 25 00 E
362001,21.5333,70.5333,Gujarat,state,JUNAGADH,21 32 00 N,070 32 00 E
410502,19.25,75.6333,Maharashtra,state,JUNNAR,19 15 00 N,075 38 00 E
171008,31.1,77.1167,Himachal Pradesh,state,JUTOGH,31 06 00 N,077 07 00 E
221501,25.2167,82.7167,Uttar Pradesh,state,KACHHWA,25 13 00 N,082 43 00 E
627751,9.0667,77.4167,Tamil Nadu,state,KADAIYANALLUR,09 04 00 N,077 25 00 E
382715,23.3333,72.3667,Gujarat,state,KADI,23 20 00 N,072 22 00 E
228145,26.1833,82.3667,Uttar Pradesh,state,KADIPUR,26 11 00 N,082 22 00 E
515591,14.1333,78.1167,Andhra Pradesh,state,KADIRI,14 08 00 N,078 07 00 E
577548,13.5667,76.0167,Karnataka,state,KADUR,13 34 00 N,076 01 00 E
144512,31.3667,74.3667,Punjab,state,KAHMA,31 22 00 N,074 22 00 E
799277,24.55,92,Tripura,state,KAILASHAR,24 33 00 N,092 00 00 E
247774,29.4,77.2,Uttar Pradesh,state,KAIRANA,29 24 00 N,077 12 00 E
271903,27.25,81.55,Uttar Pradesh,state,KAISARGANJ,27 15 00 N,081 33 00 E
132027,29.7833,76.4833,Haryana,state,KAITHAL,29 47 00 N,076 29 00 E
721626,22.0333,87.7833,West Bengal,state,KAJLAGARH,22 02 00 N,087 47 00 E
743347,21.95,88.1667,West Bengal,state,KAKDWIP,21 57 00 N,088 10 00 E
756043,21.6333,87.45,Orissa,state,KAKHRA,21 38 00 N,087 27 00 E
533001,16.9833,82.3333,Andhra Pradesh,state,KAKINADA,16 59 00 N,082 20 00 E
243637,27.9,79.2,Uttar Pradesh,state,KAKRALA,27 54 00 N,079 12 00 E
410515,19.05,73.95,Maharashtra,state,KALAMB,19 03 00 N,073 57 00 E
410515,19.0333,73.1,Maharashtra,state,KALAMB,19 02 00 N,073 06 00 E
125201,29.85,75,Haryana,state,KALANWALI,29 51 00 N,075 00 00 E
741150,23.7333,88.2333,West Bengal,state,KALIGANJ,23 44 00 N,088 14 00 E
847249,22.6167,86.2833,Bihar,state,KALIKAPUR,22 37 00 N,086 17 00 E
788801,22.4333,88.85,West Bengal,state,KALINAGAR,22 26 00 N,088 51 00 E
124126,28.4833,76.3167,Haryana,state,KALINGA,28 29 00 N,076 19 00 E
700099,22.6833,88.2833,West Bengal,state,KALIPUR,22 41 00 N,088 17 00 E
733129,25.6333,88.3167,West Bengal,state,KALIYAGANJ,25 38 00 N,088 19 00 E
133302,30.8333,76.9167,Himachal Pradesh,state,KALKA,30 50 00 N,076 55 00 E
110019,28.55,77.2667,Delhi,union territory,KALKAJI,28 33 00 N,077 16 00 E
606202,11.7333,78.9667,Tamil Nadu,state,KALLAKURICHI,11 44 00 N,078 58 00 E
713409,23.2167,88.3667,West Bengal,state,KALNA,23 13 00 N,088 22 00 E
382721,22.6333,73.5333,Gujarat,state,KALOL,22 38 00 N,073 32 00 E
382721,23.25,72.5333,Gujarat,state,KALOL,23 15 00 N,072 32 00 E
285204,26.1167,79.7333,Uttar Pradesh,state,KALPI,26 07 00 N,079 44 00 E
400605,19.2,72.9833,Maharashtra,state,KALVA,19 12 00 N,072 59 00 E
421301,19.25,73.15,Maharashtra,state,KALYAN,19 15 00 N,073 09 00 E
515761,14.55,77.0833,Andhra Pradesh,state,KALYANDRUG,14 33 00 N,077 05 00 E
842001,17.8833,76.95,Karnataka,state,KALYANI,17 53 00 N,076 57 00 E
321022,27.65,77.2667,Rajasthan,state,KAMAN,27 39 00 N,077 16 00 E
503111,18.3167,78.3333,Andhra Pradesh,state,KAMAREDDI,18 19 00 N,078 20 00 E
700058,22.75,88.3667,West Bengal,state,KAMARHATI,22 45 00 N,088 22 00 E
743193,22.9333,88.4667,West Bengal,state,KAMPA,22 56 00 N,088 28 00 E
583132,15.4,76.5667,Karnataka,state,KAMPLI,15 24 00 N,076 34 00 E
413253,21.2333,79.2,Maharashtra,state,KAMTHI,21 14 00 N,079 12 00 E
562117,12.5667,77.4,Karnataka,state,KANAKAPURA,12 34 00 N,077 24 00 E
477338,23.6,77.5,Madhya Pradesh,state,KANAWAD,23 36 00 N,077 30 00 E
631501,12.8333,79.7333,Tamil Nadu,state,KANCHIPURAM,12 50 00 N,079 44 00 E
743145,22.45,88.45,West Bengal,state,KANCHRAPARA,22 27 00 N,088 27 00 E
173215,30.95,77.1333,Himachal Pradesh,state,KANDAGHAT,30 57 00 N,077 08 00 E
247775,29.3167,77.2833,Uttar Pradesh,state,KANDHLA,29 19 00 N,077 17 00 E
742137,23.95,88.0667,West Bengal,state,KANDI,23 57 00 N,088 04 00 E
400067,19.2,72.85,Maharashtra,state,KANDIVLI,19 12 00 N,072 51 00 E
832402,23.7333,87.9667,West Bengal,state,KANDRA,23 44 00 N,087 58 00 E
523105,15.25,79.7833,Andhra Pradesh,state,KANDUKUR,15 15 00 N,079 47 00 E
176001,32.0667,76.2667,Himachal Pradesh,state,KANGRA,32 04 00 N,076 16 00 E
671315,12.3167,75.0667,Kerala,state,KANHANGAD,12 19 00 N,075 04 00 E
414303,19.1333,72.9333,Maharashtra,state,KANHUR,19 08 00 N,072 56 00 E
523230,15.4167,79.5,Andhra Pradesh,state,KANIGIRI,15 25 00 N,079 30 00 E
494334,20.2833,81.5,Madhya Pradesh,state,KANKER,20 17 00 N,081 30 00 E
431103,20.3,75.2,Maharashtra,state,KANNAD,20 18 00 N,075 12 00 E
209725,27.0333,79.9333,Uttar Pradesh,state,KANNAUJ,27 02 00 N,079 56 00 E
629702,8.0833,77.5667,Tamil Nadu,state,KANNIYAKUMARI,08 05 00 N,077 34 00 E
455332,22.6667,76.7833,Madhya Pradesh,state,KANNOD,22 40 00 N,076 47 00 E
754037,26.466,80.349,Uttar Pradesh,state,KANPUR,26 28 00 N,080 21 00 E
767039,20.4833,82.9167,Orissa,state,KANTABANJI,20 29 00 N,082 55 00 E
455440,22.5833,76.5667,Madhya Pradesh,state,KANTAPHOR,22 35 00 N,076 34 00 E
204104,29.0667,78.6333,Uttar Pradesh,state,KANTH,29 04 00 N,078 38 00 E
387620,23.05,73.15,Gujarat,state,KAPADVANJ,23 03 00 N,073 09 00 E
757040,21.5167,86.5333,Orissa,state,KAPTIPADA,21 31 00 N,086 32 00 E
144601,31.3333,75.3333,Punjab,state,KAPURTHALA,31 20 00 N,075 20 00 E
212205,25.7,81.3667,Uttar Pradesh,state,KARA,25 42 00 N,081 22 00 E
415110,17.3167,74.25,Maharashtra,state,KARAD,17 19 00 N,074 15 00 E
481224,25.9,78.0167,Madhya Pradesh,state,KARAIA,25 54 00 N,078 01 00 E
630001,10.0667,78.7667,Tamil Nadu,state,KARAIKKUDI,10 04 00 N,078 46 00 E
481224,20.4667,77.5333,Maharashtra,state,KARANJA,20 28 00 N,077 32 00 E
481886,21.8667,85.9833,Orissa,state,KARANJIA,21 52 00 N,085 59 00 E
322241,26.5,77,Rajasthan,state,KARAULI,26 30 00 N,077 00 00 E
391818,22.9167,79.0667,Madhya Pradesh,state,KARELI,22 55 00 N,079 04 00 E
212206,28.6833,77.3833,Uttar Pradesh,state,KARERA,28 41 00 N,077 23 00 E
194103,34.5167,76.5167,Jammu and Kashmir,state,KARGIL,34 31 00 N,076 31 00 E
205264,27,78.9333,Uttar Pradesh,state,KARHAL,27 00 00 N,078 56 00 E
505001,18.45,79.1,Andhra Pradesh,state,KARIMNAGAR,18 27 00 N,079 06 00 E
741152,23.9667,88.6167,West Bengal,state,KARIMPUR,23 58 00 N,088 37 00 E
574104,13.2167,74.9167,Karnataka,state,KARKAL,13 13 00 N,074 55 00 E
384171,18.75,73.4833,Maharashtra,state,KARLI,18 45 00 N,073 29 00 E
413203,18.4167,75.25,Maharashtra,state,KARMALA,18 25 00 N,075 15 00 E
132001,29.6833,76.9667,Haryana,state,KARNAL,29 41 00 N,076 58 00 E
221714,24.1167,86.7333,Bihar,state,KARON,24 07 00 N,086 44 00 E
144801,31.4667,75.55,Punjab,state,KARTARPUR,31 28 00 N,075 33 00 E
639001,10.9667,78.05,Tamil Nadu,state,KARUR,10 58 00 N,078 03 00 E
581301,14.8333,74.15,Karnataka,state,KARWAR,14 50 00 N,074 09 00 E
201205,25.2167,80.9,Uttar Pradesh,state,KARWI,25 13 00 N,080 54 00 E
671121,12.5,74.9833,Kerala,state,KASARAGOD,12 30 00 N,074 59 00 E
173204,30.9,76.95,Himachal Pradesh,state,KASAULI,30 54 00 N,076 57 00 E
700042,22.1667,87.3833,West Bengal,state,KASBA NARAYANGARH,22 10 00 N,087 23 00 E
207123,27.8,78.6333,Uttar Pradesh,state,KASGANJ,27 48 00 N,078 38 00 E
848101,29.2167,78.9667,Uttar Pradesh,state,KASHIPUR,29 13 00 N,078 58 00 E
742191,23.6,86.6833,West Bengal,state,KASHIPUR,23 36 00 N,086 41 00 E
274402,26.75,83.9167,Uttar Pradesh,state,KASIA,26 45 00 N,083 55 00 E
202144,22.7667,88.5167,West Bengal,state,KASIMPUR,22 46 00 N,088 31 00 E
413624,19.1667,73.0833,Maharashtra,state,KATAI,19 10 00 N,073 05 00 E
481445,21.7667,79.8333,Madhya Pradesh,state,KATANGI,21 46 00 N,079 50 00 E
201205,28.3167,81.15,Uttar Pradesh,state,KATARNIAN GHAT,28 19 00 N,081 09 00 E
175005,31.9833,76.7833,Himachal Pradesh,state,KATAULA,31 59 00 N,076 47 00 E
495445,22.5,82.55,Madhya Pradesh,state,KATGHORA,22 30 00 N,082 33 00 E
263126,29.25,79.5333,Uttar Pradesh,state,KATHGODAM,29 15 00 N,079 32 00 E
394150,21.3,72.9333,Gujarat,state,KATHOR,21 18 00 N,072 56 00 E
184104,32.3833,75.5667,Jammu and Kashmir,state,KATHUA,32 23 00 N,075 34 00 E
854105,25.55,87.5667,Bihar,state,KATIHAR,25 33 00 N,087 34 00 E
483501,23.7833,80.4833,Madhya Pradesh,state,KATNI,23 47 00 N,080 29 00 E
441302,21.2667,78.5833,Maharashtra,state,KATOL,21 16 00 N,078 35 00 E
843321,32.9833,74.95,Jammu and Kashmir,state,KATRA,32 59 00 N,074 57 00 E
841301,23.8167,86.3167,Bihar,state,KATRAS,23 49 00 N,086 19 00 E
621207,11,78.2167,Tamil Nadu,state,KATTUPUTTUR,11 00 00 N,078 13 00 E
202129,28.3667,81.0167,Uttar Pradesh,state,KAURIYALA GHAT,28 22 00 N,081 01 00 E
524201,14.95,80.05,Andhra Pradesh,state,KAVALI,14 57 00 N,080 03 00 E
682555,10.5667,72.6167,Lakshadweep,union territory,KAVARATTI,10 34 00 N,072 37 00 E
491995,22.0167,81.25,Madhya Pradesh,state,KAWARDHA,22 01 00 N,081 15 00 E
628204,8.5667,78.1167,Tamil Nadu,state,KAYALPATTINAM,08 34 00 N,078 07 00 E
690502,9.1667,76.5167,Kerala,state,KAYANKULAM,09 10 00 N,076 31 00 E
246445,30.7333,79.05,Uttar Pradesh,state,KEDARNATH,30 44 00 N,079 03 00 E
305404,25.95,75.2167,Rajasthan,state,KEKRI,25 57 00 N,075 13 00 E
713343,23.2,86.5333,West Bengal,state,KENDA,23 12 00 N,086 32 00 E
754211,20.5,86.4167,Orissa,state,KENDRAPARA,20 30 00 N,086 25 00 E
713343,22.5667,88.1667,West Bengal,state,KENDUA,22 34 00 N,088 10 00 E
362220,21.3333,70.3333,Gujarat,state,KESHOD,21 20 00 N,070 20 00 E
721150,22.5833,87.4833,West Bengal,state,KESPUR,22 35 00 N,087 29 00 E
411003,18.6,73.95,Maharashtra,state,KHADKI,18 36 00 N,073 57 00 E
851205,25.5167,86.45,Bihar,state,KHAGARIA,25 31 00 N,086 27 00 E
202138,27.95,77.8333,Uttar Pradesh,state,KHAIR,27 57 00 N,077 50 00 E
326529,27.5333,80.75,Uttar Pradesh,state,KHAIRABAD,27 32 00 N,080 45 00 E
283121,21.4667,81,Madhya Pradesh,state,KHAIRAGARH,21 28 00 N,081 00 00 E
445322,19.1,73.0167,Maharashtra,state,KHAIRY,19 06 00 N,073 01 00 E
452056,24.8333,79.9167,Madhya Pradesh,state,KHAJRANA ,24 50 00 N,079 55 00 E
585314,28.7167,77.2667,Delhi,union territory,KHAJURI,28 43 00 N,077 16 00 E
713518,21.95,88,West Bengal,state,KHAJURI,21 57 00 N,088 00 00 E
194106,34.4,76.8167,Jammu and Kashmir,state,KHALTSI,34 24 00 N,076 49 00 E
361305,22.2167,69.7,Gujarat,state,KHAMBHALIA,22 13 00 N,069 42 00 E
388620,22.3167,72.65,Gujarat,state,KHAMBHAT,22 19 00 N,072 39 00 E
444303,20.7,76.6667,Maharashtra,state,KHAMGAON,20 42 00 N,076 40 00 E
507002,17.2667,80.2167,Andhra Pradesh,state,KHAMMAM,17 16 00 N,080 13 00 E
713164,23.2,87.8333,West Bengal,state,KHANA,23 12 00 N,087 50 00 E
712406,22.7167,87.85,West Bengal,state,KHANAKUL,22 43 00 N,087 51 00 E
713142,23.2167,87.6833,West Bengal,state,KHANDAGHOSH,23 13 00 N,087 41 00 E
332709,27.55,75.5333,Rajasthan,state,KHANDELA,27 33 00 N,075 32 00 E
450001,21.8167,76.3833,Madhya Pradesh,state,KHANDWA,21 49 00 N,076 23 00 E
210504,30.7,76.2667,Punjab,state,KHANNA,30 42 00 N,076 16 00 E
712308,28.5167,77.2333,Delhi,union territory,KHANPUR,28 31 00 N,077 14 00 E
712308,2.4,88.2667,West Bengal,state,KHANPUR,02 24 00 N,088 16 00 E
815314,24.4167,86.2,Bihar,state,KHARAGDIHA,24 25 00 N,086 12 00 E
721301,25.1167,86.55,Bihar,state,KHARAGPUR,25 07 00 N,086 33 00 E
721301,22.3833,87.3667,West Bengal,state,KHARAGPUR,22 23 00 N,087 22 00 E
721222,30.75,76.65,Punjab,state,KHARAR,30 45 00 N,076 39 00 E
721222,22.6667,87.6833,West Bengal,state,KHARAR,22 40 00 N,087 41 00 E
732150,22.7333,88.3667,West Bengal,state,KHARDAH,22 44 00 N,088 22 00 E
464671,21.8167,75.65,Madhya Pradesh,state,KHARGON,21 49 00 N,075 39 00 E
766107,20.3167,82.8333,Orissa,state,KHARIAR,20 19 00 N,082 50 00 E
496661,21.9667,83.1167,Madhya Pradesh,state,KHARSIA,21 58 00 N,083 07 00 E
251201,29.2667,77.7,Uttar Pradesh,state,KHATAULI,29 16 00 N,077 42 00 E
455336,22.6,76.9167,Madhya Pradesh,state,KHATEGAON,22 36 00 N,076 55 00 E
722140,22.9833,86.85,West Bengal,state,KHATRA,22 59 00 N,086 51 00 E
370510,23.8333,69.8167,Gujarat,state,KHAVDA,23 50 00 N,069 49 00 E
424026,17.7333,73.4167,Maharashtra,state,KHED,17 44 00 N,073 25 00 E
143419,31.15,74.5667,Punjab,state,KHEM KARAN,31 09 00 N,074 34 00 E
176086,28.7667,77.1333,Delhi,union territory,KHERA,28 46 00 N,077 08 00 E
262701,27.9,80.8,Uttar Pradesh,state,KHERI,27 54 00 N,080 48 00 E
321606,27.2,77.0333,Rajasthan,state,KHERLI,27 12 00 N,077 02 00 E
313803,23.9833,73.5833,Rajasthan,state,KHERWARA,23 59 00 N,073 35 00 E
451881,21.6667,74.5833,Madhya Pradesh,state,KHETIA,21 40 00 N,074 35 00 E
110091,28.6167,77.3167,Delhi,union territory,KHICHRIPUR,28 37 00 N,077 19 00 E
465619,24.05,76.3833,Madhya Pradesh,state,KHILCHIPUR,24 03 00 N,076 23 00 E
799201,24.0667,91.6,Tripura,state,KHOWAI,24 04 00 N,091 36 00 E
785675,27.2667,94.8833,Assam,state,KHOWANG,27 16 00 N,094 53 00 E
835210,23.0333,85.3167,Bihar,state,KHUNTI,23 02 00 N,085 19 00 E
470117,24.0667,78.3,Madhya Pradesh,state,KHURAI,24 04 00 N,078 18 00 E
752055,20.1833,85.6167,Orissa,state,KHURDA,20 11 00 N,085 37 00 E
203131,28.25,77.85,Uttar Pradesh,state,KHURJA,28 15 00 N,077 51 00 E
700023,22.5,88.3333,West Bengal,state,KIDDERPORE,22 30 00 N,088 20 00 E
623517,9.2333,78.7833,Tamil Nadu,state,KILAKARAI,09 14 00 N,078 47 00 E
691004,8.9,76.65,Kerala,state,KILIKOLLUR,08 54 00 N,076 39 00 E
246731,29.5,78.2,Uttar Pradesh,state,KIRATPUR,29 30 00 N,078 12 00 E
855107,26.1,87.95,Bihar,state,KISHANGANJ,26 06 00 N,087 57 00 E
305802,28.5167,77.1333,Delhi,union territory,KISHANGARH,28 31 00 N,077 08 00 E
305802,26.55,74.8667,Rajasthan,state,KISHANGARH,26 33 00 N,074 52 00 E
182204,33.3333,75.8167,Jammu and Kashmir,state,KISHTWAR,33 20 00 N,075 49 00 E
811310,25.1667,86.1,Bihar,state,KIUL,25 10 00 N,086 06 00 E
624101,10.25,77.5167,Tamil Nadu,state,KODAIKANAL,10 15 00 N,077 31 00 E
825410,24.4667,85.6,Bihar,state,KODARMA,24 28 00 N,085 36 00 E
362720,20.7333,70.7667,Gujarat,state,KODINAR,20 44 00 N,070 46 00 E
797001,25.6667,94.1333,Nagaland,state,KOHIMA,25 40 00 N,094 08 00 E
518134,15.25,78.2667,Andhra Pradesh,state,KOILKUNTLA,15 15 00 N,078 16 00 E
783370,26.4,90.2667,Assam,state,KOKRAJHAR,26 24 00 N,090 16 00 E
754162,13.1667,78.1667,Karnataka,state,KOLAR,13 10 00 N,078 10 00 E
563101,12.9,78.2667,Karnataka,state,KOLAR GOLD FIELDS,12 54 00 N,078 16 00 E
835211,22.7167,84.7,Bihar,state,KOLEBIRA,22 43 00 N,084 42 00 E
416011,16.1,78.3,Andhra Pradesh,state,KOLHAPUR,16 06 00 N,078 18 00 E
416002,16.6667,74.3333,Maharashtra,state,KOLHAPUR,16 40 00 N,074 20 00 E
571440,12.1333,77.1,Karnataka,state,KOLLEGAL,12 08 00 N,077 06 00 E
796081,24.2333,92.6833,Mizoram,union territory,KOLOSIB,24 14 00 N,092 41 00 E
711323,22.6167,88.3,West Bengal,state,KONA,22 37 00 N,088 18 00 E
752111,19.8833,86.1667,Orissa,state,KONARAK,19 53 00 N,086 10 00 E
824207,25.9833,79.1333,Uttar Pradesh,state,KONCH,25 59 00 N,079 08 00 E
494226,19.5833,81.7,Madhya Pradesh,state,KONDAGAON,19 35 00 N,081 42 00 E
712235,22.7,88.35,West Bengal,state,KONNAGAR,22 42 00 N,088 21 00 E
591231,16.2,74.75,Karnataka,state,KONNUR,16 12 00 N,074 45 00 E
275305,26.0167,83.7167,Uttar Pradesh,state,KOPAGANJ,26 01 00 N,083 43 00 E
423601,19.9167,74.5333,Maharashtra,state,KOPARGAON,19 55 00 N,074 32 00 E
583231,15.4,76.15,Karnataka,state,KOPPAL,15 24 00 N,076 09 00 E
410212,19.1833,72.9667,Maharashtra,state,KOPROLI,19 11 00 N,072 58 00 E
764020,18.8,82.6833,Orissa,state,KORAPUT,18 48 00 N,082 41 00 E
505326,18.85,78.6833,Andhra Pradesh,state,KORATLA,18 51 00 N,078 41 00 E
495677,22.3667,82.7667,Madhya Pradesh,state,KORBA,22 22 00 N,082 46 00 E
805107,27.7833,77.4167,Uttar Pradesh,state,KOSI,27 47 00 N,077 25 00 E
518313,15.85,77.2333,Andhra Pradesh,state,KOSIGI,15 51 00 N,077 14 00 E
144519,30.1167,75.0833,Punjab,state,KOT FATUHI,30 07 00 N,075 05 00 E
151204,30.5833,74.8333,Punjab,state,KOT KAPURA,30 35 00 N,074 50 00 E
303108,27.6833,76.1833,Rajasthan,state,KOT PUTLI,27 41 00 N,076 11 00 E
576221,22.3,82.0333,Madhya Pradesh,state,KOTA,22 18 00 N,082 02 00 E
324001,25.1833,75.9667,Rajasthan,state,KOTA,25 11 00 N,075 58 00 E
643217,11.35,76.7333,Tamil Nadu,state,KOTAGIRI,11 21 00 N,076 44 00 E
722141,23.0333,87.6,West Bengal,state,KOTALPUR,23 02 00 N,087 36 00 E
246149,29.7333,78.55,Uttar Pradesh,state,KOTDWARA,29 44 00 N,078 33 00 E
533450,19.3333,79.4833,Andhra Pradesh,state,KOTHAPET,19 20 00 N,079 29 00 E
176205,31.7167,77.2667,Himachal Pradesh,state,KOTLA,31 43 00 N,077 16 00 E
344709,24.3667,73.2,Rajasthan,state,KOTRA,24 22 00 N,073 12 00 E
507101,17.5333,80.65,Andhra Pradesh,state,KOTTAGUDEM,17 32 00 N,080 39 00 E
689039,11.8167,75.5333,Kerala,state,KOTTAYAM,11 49 00 N,075 32 00 E
635818,10.5333,76.9833,Tamil Nadu,state,KOTTUR,10 32 00 N,076 59 00 E
583134,14.8333,76.2,Karnataka,state,KOTTURU,14 50 00 N,076 12 00 E
627701,9.2,77.9167,Tamil Nadu,state,KOVILPATTI,09 12 00 N,077 55 00 E
534350,14.4833,79.9833,Andhra Pradesh,state,KOVUR,14 29 00 N,079 59 00 E
534350,17.0167,81.7333,Andhra Pradesh,state,KOVVUR,17 01 00 N,081 44 00 E
757029,21.8333,86.8167,Orissa,state,KRISHNACHAADRAPUR,21 50 00 N,086 49 00 E
741101,23.2167,87.55,West Bengal,state,KRISHNAGAR,23 13 00 N,087 33 00 E
635001,12.55,78.1833,Tamil Nadu,state,KRISHNAGIRI,12 33 00 N,078 11 00 E
382346,23.3667,88.5333,West Bengal,state,KRISHNANAGAR,23 22 00 N,088 32 00 E
742185,22.6,88.4333,West Bengal,state,KRISHNAPUR,22 36 00 N,088 26 00 E
571426,12.6667,76.4167,Karnataka,state,KRISHNARAJPET,12 40 00 N,076 25 00 E
341508,27.1667,74.9,Rajasthan,state,KUCHAMAN,27 10 00 N,074 54 00 E
182142,33.0833,75.2833,Jammu and Kashmir,state,KUD,33 05 00 N,075 17 00 E
454331,22.1667,74.8,Madhya Pradesh,state,KUKSHI,22 10 00 N,074 48 00 E
628206,8.3833,78.0833,Tamil Nadu,state,KULASEKARAPPATTINAM,08 23 00 N,078 05 00 E
192231,33.6667,75.05,Jammu and Kashmir,state,KULGAM,33 40 00 N,075 03 00 E
210425,25.3333,79.6333,Uttar Pradesh,state,KULPAHAR,25 20 00 N,079 38 00 E
743351,22.1,88.25,West Bengal,state,KULPI,22 06 00 N,088 15 00 E
713343,23.75,86.8333,West Bengal,state,KULTI,23 45 00 N,086 50 00 E
721130,22.1667,87.15,West Bengal,state,KULTIKRI,22 10 00 N,087 09 00 E
175101,31.9667,77.1,Himachal Pradesh,state,KULU,31 58 00 N,077 06 00 E
638183,11.4667,77.7167,Tamil Nadu,state,KUMARAPALAIYAM,11 28 00 N,077 43 00 E
612001,10.9833,79.4,Tamil Nadu,state,KUMBAKONAM,10 59 00 N,079 24 00 E
476216,22.75,83.95,Madhya Pradesh,state,KUMHERI,22 45 00 N,083 57 00 E
581343,14.4167,74.4167,Karnataka,state,KUMTA,14 25 00 N,074 25 00 E
483110,23.2167,80.35,Madhya Pradesh,state,KUNDAM,23 13 00 N,080 21 00 E
691501,8.95,76.6833,Kerala,state,KUNDARA,08 57 00 N,076 41 00 E
680503,10.65,76.0833,Kerala,state,KUNNAMKULAN,10 39 00 N,076 05 00 E
140103,30.8333,76.5833,Punjab,state,KURALI,30 50 00 N,076 35 00 E
132147,19.1833,72.9667,Maharashtra,state,KURAR,19 11 00 N,072 58 00 E
205265,27.4,78.9833,Uttar Pradesh,state,KURAULI,27 24 00 N,078 59 00 E
413230,18.1,75.5167,Maharashtra,state,KURDU,18 06 00 N,075 31 00 E
607302,11.5667,79.6,Tamil Nadu,state,KURINJIPPADI,11 34 00 N,079 36 00 E
431742,19.0833,72.8833,Maharashtra,state,KURLA,19 05 00 N,072 53 00 E
518001,15.85,78.0167,Andhra Pradesh,state,KURNOOL,15 51 00 N,078 01 00 E
854341,25.45,87.25,Bihar,state,KURSELA,25 27 00 N,087 15 00 E
132118,29.9833,76.8167,Haryana,state,KURUKSHETRA,29 59 00 N,076 49 00 E
327801,23.2167,74.4833,Rajasthan,state,KUSHALGARH,23 13 00 N,074 29 00 E
424302,22.45,88.4,West Bengal,state,KUSUMBA,22 27 00 N,088 24 00 E
362265,21.6333,69.9833,Gujarat,state,KUTIYANA,21 38 00 N,069 59 00 E
609801,8.9167,77.2833,Tamil Nadu,state,KUTTALAM,08 55 00 N,077 17 00 E
731303,23.8333,87.8167,West Bengal,state,LABPUR,23 50 00 N,087 49 00 E
332311,27.3333,76.1667,Rajasthan,state,LACHHMANGARH,27 20 00 N,076 10 00 E
341306,27.6,74.4333,Rajasthan,state,LADNUN,27 36 00 N,074 26 00 E
132132,30,77.0333,Haryana,state,LADWA,30 00 00 N,077 02 00 E
477445,26.2,78.9333,Madhya Pradesh,state,LAHAR,26 12 00 N,078 56 00 E
261135,27.7,80.8667,Uttar Pradesh,state,LAHARPUR,27 42 00 N,080 52 00 E
846001,26.1167,85.9,Bihar,state,LAHERIA SARAI,26 07 00 N,085 54 00 E
323603,25.6667,76.1667,Rajasthan,state,LAKHERI,25 40 00 N,076 10 00 E
788103,24.8,93.0167,Assam,state,LAKHIPUR (CACHAR),24 48 00 N,093 01 00 E
783129,26.0333,90.3,Assam,state,LAKHIPUR GOALPARA,26 02 00 N,090 18 00 E
262701,29.8,77.2,Uttar Pradesh,state,LAKHNAUTI,29 48 00 N,077 12 00 E
370630,23.8167,68.9,Gujarat,state,LAKHPAT,23 49 00 N,068 54 00 E
582116,15.1333,75.4667,Karnataka,state,LAKSHMESHWAR,15 08 00 N,075 28 00 E
844121,25.8667,85.1667,Bihar,state,LALGANJ,25 52 00 N,085 10 00 E
721516,22.5833,87.05,West Bengal,state,LALGARH,22 35 00 N,087 03 00 E
284403,24.7,78.4,Uttar Pradesh,state,LALITPUR,24 42 00 N,078 24 00 E
834001,22.2,69.9667,Gujarat,state,LALPUR,22 12 00 N,069 58 00 E
303503,26.5167,76.35,Rajasthan,state,LALSOT,26 31 00 N,076 21 00 E
481551,22.1,80.1667,Madhya Pradesh,state,LAMTA,22 06 00 N,080 10 00 E
788832,25.4667,93.1667,Assam,state,LANGTING,25 28 00 N,093 10 00 E
246155,29.8333,78.7,Uttar Pradesh,state,LANSDOWNE,29 50 00 N,078 42 00 E
829206,23.75,84.5,Bihar,state,LATEHAR,23 45 00 N,084 30 00 E
364430,21.75,71.4667,Gujarat,state,LATHI,21 45 00 N,071 28 00 E
413512,18.4,76.5833,Maharashtra,state,LATUR,18 24 00 N,076 35 00 E
845453,27,84.4,Bihar,state,LAURIYA NANDANGARH,27 00 00 N,084 24 00 E
786182,27.3,95.7333,Arunachal Pradesh,union territory,LEDO,27 18 00 N,095 44 00 E
194101,34.1667,77.5833,Jammu and Kashmir,state,LEH,34 10 00 N,077 35 00 E
148031,29.9167,75.8167,Punjab,state,LEHRA GAGA,29 55 00 N,075 49 00 E
587125,15.9667,76.1333,Karnataka,state,LIKAL,15 58 00 N,076 08 00 E
711204,22.5833,88.3833,West Bengal,state,LILUAH,22 35 00 N,088 23 00 E
363421,22.6,72,Gujarat,state,LIMBDI,22 36 00 N,072 00 00 E
835302,23.45,84.7,Bihar,state,LOHARDAGA,23 27 00 N,084 42 00 E
123201,28.4667,75.8333,Haryana,state,LOHARU,28 28 00 N,075 50 00 E
144629,31.1667,75.1833,Punjab,state,LOHIAN,31 10 00 N,075 11 00 E
410401,18.75,73.4167,Maharashtra,state,LONAVALE,18 45 00 N,073 25 00 E
450334,28.75,77.2833,Uttar Pradesh,state,LONI,28 45 00 N,077 17 00 E
403718,15.333,73.999,Goa,state,LOUTOLIM,15 20 00 N,073 59 00 E
721136,22.45,87.6167,West Bengal,state,LOWADA,22 27 00 N,087 37 00 E
226020,26.8333,80.9,Uttar Pradesh,state,LUCKNOW,26 50 00 N,080 54 00 E
141008,30.9333,75.8667,Punjab,state,LUDHIANA,30 56 00 N,075 52 00 E
782447,25.7667,93.1667,Assam,state,LUMDING,25 46 00 N,093 10 00 E
389230,23.1333,73.6667,Gujarat,state,LUNAVADA,23 08 00 N,073 40 00 E
796701,22.8833,92.7333,Mizoram,union territory,LUNGLEH,22 53 00 N,092 44 00 E
342802,-26.0333,73.15,Rajasthan,state,LUNI,26 02 00 S,073 09 00 E
334603,28.5333,73.8333,Rajasthan,state,LUNKARANSAR,28 32 00 N,073 50 00 E
463693,24.1333,76.3,Madhya Pradesh,state,MACHALPUR,24 08 00 N,076 18 00 E
522426,16.4833,79.4167,Andhra Pradesh,state,MACHERLA,16 29 00 N,079 25 00 E
141115,30.9167,76.25,Punjab,state,MACHHIWARA,30 55 00 N,076 15 00 E
222143,25.7,82.4,Uttar Pradesh,state,MACHHLISHAHR,25 42 00 N,082 24 00 E
521001,16.2,81.1833,Andhra Pradesh,state,MACHILIPATNAM,16 12 00 N,081 11 00 E
517327,13.5667,78.4667,Andhra Pradesh,state,MADANAPALLE,13 34 00 N,078 28 00 E
754246,22.6667,88.5333,West Bengal,state,MADANPUR,22 40 00 N,088 32 00 E
413416,19.1333,72.7833,Maharashtra,state,MADH,19 08 00 N,072 47 00 E
852113,25.9333,86.8,Bihar,state,MADHEPURA,25 56 00 N,086 48 00 E
803218,32.3667,75.6667,Punjab,state,MADHOPUR,32 22 00 N,075 40 00 E
847211,26.35,86.0833,Bihar,state,MADHUBANI,26 21 00 N,086 05 00 E
585315,13.6833,77.2333,Karnataka,state,MADHUGIRI,13 41 00 N,077 14 00 E
815353,24.2833,86.6333,Bihar,state,MADHUPUR,24 17 00 N,086 38 00 E
571201,12.4167,75.7333,Karnataka,state,MADIKERI,12 25 00 N,075 44 00 E
625001,9.9167,78.1167,Tamil Nadu,state,MADURAI,09 55 00 N,078 07 00 E
603306,12.5167,79.9,Tamil Nadu,state,MADURANTAKAM,12 31 00 N,079 54 00 E
712148,22.9833,88.4,West Bengal,state,MAGRA,22 59 00 N,088 24 00 E
412806,17.9333,73.7,Maharashtra,state,MAHABALESHWAR,17 56 00 N,073 42 00 E
402301,18.0833,73.4833,Maharashtra,state,MAHAD,18 05 00 N,073 29 00 E
400002,27.05,76.9333,Rajasthan,state,MAHAJAN,27 03 00 N,076 56 00 E
742180,24.0667,88.1167,West Bengal,state,MAHALANDI,24 04 00 N,088 07 00 E
841238,26.1167,84.5167,Bihar,state,MAHARAJGANJ,26 07 00 N,084 31 00 E
222145,27.15,83.5667,Uttar Pradesh,state,MAHARAJGANJ,27 09 00 N,083 34 00 E
481665,25.0167,79.7333,Madhya Pradesh,state,MAHARAJPUR,25 01 00 N,079 44 00 E
262701,26.3333,80.45,Uttar Pradesh,state,MAHARAJPUR,26 20 00 N,080 27 00 E
506101,17.6667,80.0333,Andhra Pradesh,state,MAHBUBABAD,17 40 00 N,080 02 00 E
509001,16.75,77.95,Andhra Pradesh,state,MAHBUBNAGAR,16 45 00 N,077 57 00 E
794106,25.3167,89.85,Meghalaya,state,MAHENDRAGANJ,25 19 00 N,089 51 00 E
815324,24.2167,86.4,Bihar,state,MAHESHMUNDA,24 13 00 N,086 24 00 E
700141,22.5,88.25,West Bengal,state,MAHESHTALA,22 30 00 N,088 15 00 E
362623,22.5833,88.2333,West Bengal,state,MAHIARI,22 35 00 N,088 14 00 E
400016,19.65,72.7333,Maharashtra,state,MAHIM,19 39 00 N,072 44 00 E
721628,22.1833,87.9833,West Bengal,state,MAHISHADAL,22 11 00 N,087 59 00 E
261203,27.3,81.1167,Uttar Pradesh,state,MAHMUDABAD,27 18 00 N,081 07 00 E
228141,28.7667,77.3667,Uttar Pradesh,state,MAHMUDPUR,28 46 00 N,077 22 00 E
210427,25.3,79.8833,Uttar Pradesh,state,MAHOBA,25 18 00 N,079 53 00 E
223225,19,72.8833,Maharashtra,state,MAHUL,19 00 00 N,072 53 00 E
832304,22.6667,86.4167,Bihar,state,MAHULIA,22 40 00 N,086 25 00 E
364290,21.05,71.8333,Gujarat,state,MAHUVA,21 03 00 N,071 50 00 E
321608,27.05,76.9333,Rajasthan,state,MAHWAH,27 03 00 N,076 56 00 E
485771,24.3,80.7667,Madhya Pradesh,state,MAIHAR,24 18 00 N,080 46 00 E
262803,28.2833,80.3333,Uttar Pradesh,state,MAILANI,28 17 00 N,080 20 00 E
205001,27.2333,79.0167,Uttar Pradesh,state,MAINPURI,27 14 00 N,079 01 00 E
143601,31.75,75.0333,Punjab,state,MAJITHA,31 45 00 N,075 02 00 E
711414,22.6167,88.0833,West Bengal,state,MAJU,22 37 00 N,088 05 00 E
205145,28.6333,77.35,Uttar Pradesh,state,MAKANAPUR,28 38 00 N,077 21 00 E
461338,22.0667,77.1333,Madhya Pradesh,state,MAKRAI,22 04 00 N,077 08 00 E
341505,27.0333,74.7333,Rajasthan,state,MAKRANA,27 02 00 N,074 44 00 E
473287,24,77.1667,Madhya Pradesh,state,MAKSUDANGARH,24 00 00 N,077 10 00 E
735221,26.8667,88.7333,West Bengal,state,MAL,26 52 00 N,088 44 00 E
400097,19.3333,72.9167,Maharashtra,state,MALAD,19 20 00 N,072 55 00 E
141119,30.2,74.6667,Punjab,state,MALAUDH,30 12 00 N,074 40 00 E
571430,12.3833,77.05,Karnataka,state,MALAVALLI,12 23 00 N,077 03 00 E
732101,25.0333,88.15,West Bengal,state,MALDA,25 02 00 N,088 09 00 E
423105,20.5333,74.6333,Maharashtra,state,MALEGAON,20 32 00 N,074 38 00 E
148023,30.5667,75.9333,Punjab,state,MALER KOTLA,30 34 00 N,075 56 00 E
458113,24.5667,79.3,Madhya Pradesh,state,MALGARH,24 34 00 N,079 18 00 E
227111,26.9,80.7,Uttar Pradesh,state,MALIHABAD,26 54 00 N,080 42 00 E
362245,23.05,70.8,Gujarat,state,MALIYA,23 03 00 N,070 48 00 E
506145,20.8667,76.3,Maharashtra,state,MALKAPUR,20 52 00 N,076 18 00 E
518601,17.7,83.2667,Andhra Pradesh,state,MALKAPURAM,17 42 00 N,083 16 00 E
576118,13.35,74.7167,Karnataka,state,MALPE,13 21 00 N,074 43 00 E
304502,26.3167,75.4,Rajasthan,state,MALPURA,26 19 00 N,075 24 00 E
416606,16.0833,73.5,Maharashtra,state,MALVAN,16 05 00 N,073 30 00 E
603104,12.6167,80.2167,Tamil Nadu,state,MAMALLAPURAM,12 37 00 N,080 13 00 E
142023,33.85,78.5333,Jammu and Kashmir,state,MAN,33 51 00 N,078 32 00 E
621306,10.5667,78.45,Tamil Nadu,state,MANAPPARI,10 34 00 N,078 27 00 E
454446,22.2333,75.1333,Madhya Pradesh,state,MANAWAR,22 14 00 N,075 08 00 E
723131,23.0667,86.6833,West Bengal,state,MANBAZAR,23 04 00 N,086 41 00 E
504208,18.8667,79.4333,Andhra Pradesh,state,MANCHERAL,18 52 00 N,079 26 00 E
441104,22.1,86.2333,Orissa,state,MANDA,22 06 00 N,086 14 00 E
533308,16.8667,81.9333,Andhra Pradesh,state,MANDAPETA,16 52 00 N,081 56 00 E
458001,24.0667,75.0667,Madhya Pradesh,state,MANDASOR,24 04 00 N,075 04 00 E
246721,29.5,78.1333,Uttar Pradesh,state,MANDAWAR,29 30 00 N,078 08 00 E
325205,31.6667,76.9833,Himachal Pradesh,state,MANDI,31 40 00 N,076 59 00 E
125104,29.9333,74.6667,Haryana,state,MANDI DABWALI,29 56 00 N,074 40 00 E
481661,22.5833,80.4667,Madhya Pradesh,state,MANDLA,22 35 00 N,080 28 00 E
825338,22.3667,75.4,Madhya Pradesh,state,MANDU,22 22 00 N,075 24 00 E
400003,21.2667,73.3667,Gujarat,state,MANDVI,21 16 00 N,073 22 00 E
390001,22.8333,69.4167,Gujarat,state,MANDVI,22 50 00 N,069 25 00 E
400003,18.95,72.8333,Maharashtra,state,MANDVI,18 57 00 N,072 50 00 E
571401,12.5667,76.9167,Karnataka,state,MANDYA,12 34 00 N,076 55 00 E
497442,23.3333,82.3667,Madhya Pradesh,state,MANENDRAGARH,23 20 00 N,082 22 00 E
522503,16.4833,80.5833,Andhra Pradesh,state,MANGALAGIRI,16 29 00 N,080 35 00 E
784125,26.4333,92.0333,Assam,state,MANGALDAI,26 26 00 N,092 02 00 E
575001,12.9,74.85,Karnataka,state,MANGALORE,12 54 00 N,074 51 00 E
403305,17.5333,75.5333,Maharashtra,state,MANGALVEDHA,17 32 00 N,075 32 00 E
486111,24.65,81.55,Madhya Pradesh,state,MANGAWAN,24 39 00 N,081 33 00 E
247656,29.75,77.8667,Uttar Pradesh,state,MANGLAUR,29 45 00 N,077 52 00 E
476230,21.1167,70.1167,Gujarat,state,MANGROL,21 07 00 N,070 07 00 E
160101,30.7,76.8333,Chandigarh,union territory,MANI MAJRA,30 42 00 N,076 50 00 E
854113,25.35,87.6167,Bihar,state,MANIHARI,25 21 00 N,087 37 00 E
813229,25.0667,81.1,Uttar Pradesh,state,MANIKPUR,25 04 00 N,081 06 00 E
676121,11.1,76.1,Kerala,state,MANJERI,11 06 00 N,076 06 00 E
671323,12.7,74.8833,Kerala,state,MANJESHWARA,12 42 00 N,074 53 00 E
423104,20.25,74.4833,Maharashtra,state,MANMAD,20 15 00 N,074 29 00 E
614001,10.6833,79.4667,Tamil Nadu,state,MANNARGUDI,10 41 00 N,079 28 00 E
767001,22.3833,85.2,Bihar,state,MANOHARPUR,22 23 00 N,085 12 00 E
400064,19.1833,72.7833,Maharashtra,state,MANORI POINT,19 11 00 N,072 47 00 E
261145,20.3667,80.7167,Madhya Pradesh,state,MANPUR,20 22 00 N,080 43 00 E
453661,22.3833,75.6333,Madhya Pradesh,state,MANPUR,22 23 00 N,075 38 00 E
151505,23.4,72.7,Gujarat,state,MANSA,23 24 00 N,072 42 00 E
151505,30,75.4167,Punjab,state,MANSA,30 00 00 N,075 25 00 E
713145,23.4167,88.1333,West Bengal,state,MANTESWAR,23 25 00 N,088 08 00 E
757017,21.65,86.8167,Orissa,state,MANTRI,21 39 00 N,086 49 00 E
431505,19.3333,76.5333,Maharashtra,state,MANWAT,19 20 00 N,076 32 00 E
207401,27.7333,78.55,Uttar Pradesh,state,MARAHRA,27 44 00 N,078 33 00 E
795105,25.45,94.15,Manipur,state,MARAM,25 27 00 N,094 09 00 E
403601,15.25,73.9833,Goa,state,MARGAON,15 15 00 N,073 59 00 E
786181,27.2833,95.6667,Assam,state,MARGHERITA,27 17 00 N,095 40 00 E
222161,25.6167,82.6167,Uttar Pradesh,state,MARIAHU,25 37 00 N,082 37 00 E
785634,26.65,94.3,Assam,state,MARIANI,26 39 00 N,094 18 00 E
523316,15.7667,79.2333,Andhra Pradesh,state,MARKAPUR,15 46 00 N,079 14 00 E
400059,19.1167,72.8833,Maharashtra,state,MAROL,19 07 00 N,072 53 00 E
400064,19.2,72.8167,Maharashtra,state,MARVE,19 12 00 N,072 49 00 E
306001,25.7333,73.6,Rajasthan,state,MARWAR,25 44 00 N,073 36 00 E
761112,10.95,78.45,Tamil Nadu,state,MATHURA,10 57 00 N,078 27 00 E
261204,27.5,77.7,Uttar Pradesh,state,MATHURA,27 30 00 N,077 42 00 E
682002,9.85,76.2667,Kerala,state,MATTANCHERI,09 51 00 N,076 16 00 E
332735,25.2667,81.3667,Uttar Pradesh,state,MAU,25 16 00 N,081 22 00 E
212501,25.7,81.9167,Uttar Pradesh,state,MAU AIMMA,25 42 00 N,081 55 00 E
284204,25.25,79.1333,Uttar Pradesh,state,MAU RANIPUR,25 15 00 N,079 08 00 E
486331,24.6667,81.8667,Madhya Pradesh,state,MAUGANJ,24 40 00 N,081 52 00 E
275101,25.95,83.55,Uttar Pradesh,state,MAUNATH BHANJAN,25 57 00 N,083 33 00 E
151509,30.0833,75.25,Punjab,state,MAUR,30 05 00 N,075 15 00 E
690101,9.2667,76.55,Kerala,state,MAVELIKARA,09 16 00 N,076 33 00 E
250401,29.1,77.9167,Uttar Pradesh,state,MAWANA,29 06 00 N,077 55 00 E
262572,28.65,77.4167,Uttar Pradesh,state,MAWI,28 39 00 N,077 25 00 E
712413,22.4167,88.1167,West Bengal,state,MAYAPUR,22 25 00 N,088 07 00 E
400010,18.9667,72.8333,Maharashtra,state,MAZGAON,18 58 00 N,072 50 00 E
502110,18.05,78.25,Andhra Pradesh,state,MEDAK,18 03 00 N,078 15 00 E
255006,29,77.7,Uttar Pradesh,state,MEERUT,29 00 00 N,077 42 00 E
443301,20.1833,76.65,Maharashtra,state,MEHEKAR,20 11 00 N,076 39 00 E
456440,23.5,75.7,Madhya Pradesh,state,MEHIDPUR,23 30 00 N,075 42 00 E
276204,25.8833,83.1167,Uttar Pradesh,state,MEHNAGAR,25 53 00 N,083 07 00 E
272171,26.9833,83.1,Uttar Pradesh,state,MEHNDAWAL,26 59 00 N,083 06 00 E
384001,23.6,72.4,Gujarat,state,MEHSANA,23 36 00 N,072 24 00 E
722143,23.5667,87.1,West Bengal,state,MEJIA,23 34 00 N,087 06 00 E
627005,8.7,77.7167,Tamil Nadu,state,MELAPPALAIYAM,08 42 00 N,077 43 00 E
680311,10.0667,78.3833,Tamil Nadu,state,MELUR,10 04 00 N,078 23 00 E
713146,23.1667,88.1167,West Bengal,state,MEMARI,23 10 00 N,088 07 00 E
341510,26.6667,74.1167,Rajasthan,state,MERTA,26 40 00 N,074 07 00 E
341511,26.7,73.9,Rajasthan,state,MERTA ROAD,26 42 00 N,073 54 00 E
641301,11.3,76.95,Tamil Nadu,state,METTUPALAIYAM,11 18 00 N,076 57 00 E
627436,11.8833,77.85,Tamil Nadu,state,METTUR,11 53 00 N,077 51 00 E
425432,17.6667,74.8333,Maharashtra,state,MHASVAD,17 40 00 N,074 50 00 E
453441,22.5333,75.8167,Madhya Pradesh,state,MHOW,22 32 00 N,075 49 00 E
144202,21.85,69.3833,Gujarat,state,MIANI,21 51 00 N,069 23 00 E
721101,22.4333,87.3333,West Bengal,state,MIDNAPORE,22 26 00 N,087 20 00 E
416410,16.85,74.7,Maharashtra,state,MIRAJ,16 51 00 N,074 42 00 E
742190,25.15,82.5667,Uttar Pradesh,state,MIRZAPUR,25 09 00 N,082 34 00 E
261401,27.4167,80.5,Uttar Pradesh,state,MISRIKH,27 25 00 N,080 30 00 E
800001,22.4167,69,Gujarat,state,MITHAPUR,22 25 00 N,069 00 00 E
383315,23.4667,73.3333,Gujarat,state,MODASA,23 28 00 N,073 20 00 E
142001,30.8167,75.2167,Punjab,state,MOGA,30 49 00 N,075 13 00 E
761015,25.9167,77.7667,Madhya Pradesh,state,MOHANA,25 55 00 N,077 46 00 E
821109,25.1833,83.6167,Bihar,state,MOHANIA,25 11 00 N,083 37 00 E
799211,28.7333,77.1667,Delhi,union territory,MOHANPUR,28 44 00 N,077 10 00 E
400072,19.1,72.8833,Maharashtra,state,MOHILI,19 06 00 N,072 53 00 E
803302,25.4,85.9167,Bihar,state,MOKAMESH,25 24 00 N,085 55 00 E
798601,26.3333,94.5,Nagaland,state,MOKOKCHUNG,26 20 00 N,094 30 00 E
841507,18.9,72.9333,Maharashtra,state,MORA,18 54 00 N,072 56 00 E
244001,28.8333,78.75,Uttar Pradesh,state,MORADABAD,28 50 00 N,078 45 00 E
363641,22.8333,70.8667,Gujarat,state,MORBI,22 50 00 N,070 52 00 E
476001,26.5,78.0667,Madhya Pradesh,state,MORENA,26 30 00 N,078 04 00 E
251316,28.5833,77.3667,Uttar Pradesh,state,MORNA,28 35 00 N,077 22 00 E
444905,21.35,78,Maharashtra,state,MORSI,21 21 00 N,078 00 00 E
284303,28.7167,77.4167,Uttar Pradesh,state,MORT,28 43 00 N,077 25 00 E
284303,25.7333,78.9333,Uttar Pradesh,state,MOTH,25 44 00 N,078 56 00 E
845401,26.6667,84.9167,Bihar,state,MOTIHARI,26 40 00 N,084 55 00 E
276404,26.1,83.3,Uttar Pradesh,state,MUBARAKPUR,26 06 00 N,083 18 00 E
585364,16.35,75.3,Karnataka,state,MUDHOL,16 21 00 N,075 18 00 E
144507,28.7333,77.1833,Delhi,union territory,MUKANDPUR,28 44 00 N,077 11 00 E
333705,24.8167,76.0333,Rajasthan,state,MUKANDGARH,24 49 00 N,076 02 00 E
144211,31.95,75.6167,Punjab,state,MUKERIAN,31 57 00 N,075 37 00 E
152026,30.5,74.5667,Punjab,state,MUKTSAR,30 30 00 N,074 34 00 E
441224,20.0667,79.7,Maharashtra,state,MUL,20 04 00 N,079 42 00 E
563131,13.1833,78.3833,Karnataka,state,MULBAGAL,13 11 00 N,078 23 00 E
574154,13.1,74.8,Karnataka,state,MULKI,13 06 00 N,074 48 00 E
460661,21.7667,78.35,Madhya Pradesh,state,MULTAI,21 46 00 N,078 21 00 E
400080,19.1667,72.95,Maharashtra,state,MULUND,19 10 00 N,072 57 00 E
400612,19.1833,73.0167,Maharashtra,state,MUMBRA,19 11 00 N,073 01 00 E
344503,25.7667,70.3167,Rajasthan,state,MUNABAO,25 46 00 N,070 19 00 E
370421,22.8333,69.8,Gujarat,state,MUNDRA,22 50 00 N,069 48 00 E
473443,24.4167,78.1,Madhya Pradesh,state,MUNGAOLI,24 25 00 N,078 06 00 E
473443,22.0667,81.7,Madhya Pradesh,state,MUNGELI,22 04 00 N,081 42 00 E
222202,25.65,82.2,Uttar Pradesh,state,MUNGRA BUDSHAH PUR,25 39 00 N,082 12 00 E
110057,28.5667,77.1667,Delhi,union territory,MUNIRKA,28 34 00 N,077 10 00 E
500028,28.7833,77.4833,Uttar Pradesh,state,MURADNAGAR,28 47 00 N,077 29 00 E
731219,24.45,87.8667,West Bengal,state,MURARAI,24 27 00 N,087 52 00 E
852122,25.9,87,Bihar,state,MURLIGANJ,25 54 00 N,087 00 00 E
742149,24.1833,88.3167,West Bengal,state,MURSHIDABAD,24 11 00 N,088 19 00 E
444107,20.7167,77.4667,Maharashtra,state,MURTIZAPUR,20 43 00 N,077 28 00 E
413510,18.3333,73,Maharashtra,state,MURUD,18 20 00 N,073 00 00 E
210506,25.6667,79.8,Uttar Pradesh,state,MUSKIRA,25 40 00 N,079 48 00 E
248179,30.4333,78.0667,Uttar Pradesh,state,MUSSOORIE,30 26 00 N,078 04 00 E
686661,9.9667,76.5833,Kerala,state,MUVATTUPULA,09 58 00 N,076 35 00 E
251001,29.4667,77.7,Uttar Pradesh,state,MUZAFFARNAGAR,29 28 00 N,077 42 00 E
842001,26.1167,85.3833,Bihar,state,MUZAFFARPUR,26 07 00 N,085 23 00 E
570008,12.3,76.6167,Karnataka,state,MYSORE,12 18 00 N,076 37 00 E
147201,30.3667,76.2,Punjab,state,NABHA,30 22 00 N,076 12 00 E
345028,27.5,71.6667,Rajasthan,state,NACHNA,27 30 00 N,071 40 00 E
321602,27.2,77.1833,Rajasthan,state,NADBAI,27 12 00 N,077 11 00 E
387001,22.7,72.9167,Gujarat,state,NADIAD,22 42 00 N,072 55 00 E
402204,26.3333,92.6833,Assam,state,NAGAON,26 20 00 N,092 41 00 E
611001,10.75,79.8333,Tamil Nadu,state,NAGAPPATTINAM,10 45 00 N,079 50 00 E
835242,32.2,77,Himachal Pradesh,state,NAGAR,32 12 00 N,077 00 00 E
305001,27.4167,77.1,Rajasthan,state,NAGAR,27 25 00 N,077 06 00 E
533247,18.35,80.433,Andhra Pradesh,state,NAGARAM,18 21 00 N,080 26 00 E
341001,27.2,73.8,Rajasthan,state,NAGAUR,27 12 00 N,073 48 00 E
456335,23.5,75.4833,Madhya Pradesh,state,NAGDA,23 30 00 N,075 29 00 E
629001,8.1833,77.5,Tamil Nadu,state,NAGERCOIL,08 11 00 N,077 30 00 E
246762,29.4333,78.45,Uttar Pradesh,state,NAGINA,29 26 00 N,078 27 00 E
247551,28.5167,77.3667,Uttar Pradesh,state,NAGLA,28 31 00 N,077 22 00 E
485446,24.5667,80.5667,Madhya Pradesh,state,NAGOD,24 34 00 N,080 34 00 E
440017,21.1667,79.2,Maharashtra,state,NAGPUR,21 10 00 N,079 12 00 E
841442,24.2833,83.5,Bihar,state,NAGRA,24 17 00 N,083 30 00 E
735225,26.9,88.4333,West Bengal,state,NAGRAKATA,26 54 00 N,088 26 00 E
176047,32.05,76.4,Himachal Pradesh,state,NAGROTA,32 03 00 N,076 24 00 E
123303,30.55,77.3,Himachal Pradesh,state,NAHAR,30 33 00 N,077 18 00 E
743165,22.9,88.4333,West Bengal,state,NAIHATI,22 54 00 N,088 26 00 E
246161,29.3667,79.4333,Uttar Pradesh,state,NAINI TAL,29 22 00 N,079 26 00 E
481776,22.4333,80.1167,Madhya Pradesh,state,NAINPUR,22 26 00 N,080 07 00 E
323801,25.7667,75.85,Rajasthan,state,NAINWA,25 46 00 N,075 51 00 E
110043,28.6167,76.9833,Delhi,union territory,NAJAFGARH,28 37 00 N,076 59 00 E
246763,29.6167,78.3167,Uttar Pradesh,state,NAJIBABAD,29 37 00 N,078 19 00 E
370615,23.4333,69.3,Gujarat,state,NAKHTARANA,23 26 00 N,069 18 00 E
141310,31.1,75.5167,Punjab,state,NAKODAR,31 06 00 N,075 31 00 E
247342,29.9167,77.3,Uttar Pradesh,state,NAKUR,29 55 00 N,077 18 00 E
174101,31.05,76.8,Himachal Pradesh,state,NALAGARH,31 03 00 N,076 48 00 E
803111,25.1167,85.4167,Bihar,state,NALANDA,25 07 00 N,085 25 00 E
781335,26.4333,91.5,Assam,state,NALBARI,26 26 00 N,091 30 00 E
508001,17.0667,79.25,Andhra Pradesh,state,NALGONDA,17 04 00 N,079 15 00 E
731220,24.3167,87.8833,West Bengal,state,NALHATI,24 19 00 N,087 53 00 E
712407,22.8167,88.1833,West Bengal,state,NALIKUL,22 49 00 N,088 11 00 E
637001,11.2,78.1667,Tamil Nadu,state,NAMAKKAL,11 12 00 N,078 10 00 E
743357,21.7667,88.2333,West Bengal,state,NAMKHANA,21 46 00 N,088 14 00 E
431601,19.1833,77.35,Maharashtra,state,NANDED,19 11 00 N,077 21 00 E
416618,18.9667,73.1333,Maharashtra,state,NANDGAON,18 58 00 N,073 08 00 E
416618,20.2833,74.7167,Maharashtra,state,NANDGAON,20 17 00 N,074 43 00 E
721631,22.0167,87.9667,West Bengal,state,NANDIGRAM,22 01 00 N,087 58 00 E
518401,15.9,78.2833,Andhra Pradesh,state,NANDIKOTKUR,15 54 00 N,078 17 00 E
443404,20.8333,76.5167,Maharashtra,state,NANDURA,20 50 00 N,076 31 00 E
425412,21.3667,74.3,Maharashtra,state,NANDURBAR,21 22 00 N,074 18 00 E
518501,15.5,78.4667,Andhra Pradesh,state,NANDYAL,15 30 00 N,078 28 00 E
571301,12.1167,76.6667,Karnataka,state,NANJANGUD,12 07 00 N,076 40 00 E
271865,27.85,81.5,Uttar Pradesh,state,NANPARA,27 51 00 N,081 30 00 E
185151,-33.15,74.2333,Jammu and Kashmir,state,NAOSHEHRA,33 09 00 S,074 14 00 E
303348,28.6167,77.1333,Delhi,union territory,NARAINA,28 37 00 N,077 08 00 E
210129,25.2,80.5,Uttar Pradesh,state,NARAINI,25 12 00 N,080 30 00 E
494661,24.05,86.6,Bihar,state,NARAINPUR,24 03 00 N,086 36 00 E
532421,18.35,84.1833,Andhra Pradesh,state,NARASANNAPETA,18 21 00 N,084 11 00 E
504104,16.45,81.75,Andhra Pradesh,state,NARASAPUR,16 27 00 N,081 45 00 E
522601,16.2833,80.05,Andhra Pradesh,state,NARASARAOPET,16 17 00 N,080 03 00 E
509210,16.7667,77.45,Andhra Pradesh,state,NARAYANPET,16 46 00 N,077 27 00 E
853203,22.4833,88.5667,West Bengal,state,NARAYANPUR,22 29 00 N,088 34 00 E
582230,15.7167,75.3833,Karnataka,state,NARGUND,15 43 00 N,075 23 00 E
848211,19.1333,73.1167,Maharashtra,state,NARHAN,19 08 00 N,073 07 00 E
171213,31.2333,77.45,Himachal Pradesh,state,NARKANDA,31 14 00 N,077 27 00 E
845455,27.1,84.4833,Bihar,state,NARKATIAGANJ,27 06 00 N,084 29 00 E
123001,28.0667,76.1667,Haryana,state,NARNAUL,28 04 00 N,076 10 00 E
487001,22.9667,79.25,Madhya Pradesh,state,NARSIMHAPUR,22 58 00 N,079 15 00 E
470675,23.7,77.1333,Madhya Pradesh,state,NARSINGHGARH,23 42 00 N,077 08 00 E
531116,17.7333,82.65,Andhra Pradesh,state,NARSIPATNAM,17 44 00 N,082 39 00 E
126116,29.6,76.1833,Haryana,state,NARWANA,29 36 00 N,076 11 00 E
422004,19.9833,73.8,Maharashtra,state,NASIK,19 59 00 N,073 48 00 E
305601,26.2667,74.7,Rajasthan,state,NASIRABAD,26 16 00 N,074 42 00 E
821310,25.0667,84.3333,Bihar,state,NASRIGANJ,25 04 00 N,084 20 00 E
700113,22.7,88.4167,West Bengal,state,NATAGARH,22 42 00 N,088 25 00 E
313301,24.9167,73.8667,Rajasthan,state,NATHDWARA,24 55 00 N,073 52 00 E
624401,10.2333,78.1667,Tamil Nadu,state,NATTAM,10 14 00 N,078 10 00 E
853204,25.4,87.1,Bihar,state,NAUGACHHIA,25 24 00 N,087 06 00 E
532211,19.0667,72.8333,Maharashtra,state,NAUPADA,19 04 00 N,072 50 00 E
425418,21.15,73.8,Maharashtra,state,NAVAPUR,21 09 00 N,073 48 00 E
360585,21.4833,69.8667,Gujarat,state,NAVIBANDAR,21 29 00 N,069 52 00 E
396424,20.9667,73.0167,Gujarat,state,NAVSARI,20 58 00 N,073 01 00 E
854336,26.8667,82.15,Uttar Pradesh,state,NAWABGANJ,26 52 00 N,082 09 00 E
209859,26.9333,81.2167,Uttar Pradesh,state,NAWABGANJ,26 56 00 N,081 13 00 E
271304,28.55,79.6167,Uttar Pradesh,state,NAWABGANJ,28 33 00 N,079 37 00 E
854336,24.9,85.55,Bihar,state,NAWADA,24 54 00 N,085 33 00 E
333042,27.85,75.2667,Rajasthan,state,NAWALGARH,27 51 00 N,075 16 00 E
144514,31.1,76.15,Punjab,state,NAWASHAHR,31 06 00 N,076 09 00 E
752069,20.1667,85.1333,Orissa,state,NAYAGARH,20 10 00 N,085 08 00 E
721138,22.0333,87.1833,West Bengal,state,NAYAGRAM,22 02 00 N,087 11 00 E
785685,26.85,94.7,Assam,state,NAZIRA,26 51 00 N,094 42 00 E
607105,11.7667,79.6833,Tamil Nadu,state,NELLIKKUPPAM,11 46 00 N,079 41 00 E
524001,14.4833,80,Andhra Pradesh,state,NELLORE,14 29 00 N,080 00 00 E
695020,8.45,77.0833,Kerala,state,NEMOM,08 27 00 N,077 05 00 E
450221,21.4667,76.3833,Madhya Pradesh,state,NEPA NAGAR,21 28 00 N,076 23 00 E
410101,15.5,73.7833,Maharashtra,state,NERAL,15 30 00 N,073 47 00 E
835218,23.4833,84.2667,Bihar,state,NETARHAT,23 29 00 N,084 16 00 E
110001,28.6167,77.2167,Delhi,union territory,NEW DELHI,28 37 00 N,077 13 00 E
695121,8.4,77.0833,Kerala,state,NEYYATTINKARA,08 24 00 N,077 05 00 E
534301,16.9333,81.7,Andhra Pradesh,state,NIDADAVOLE,16 56 00 N,081 42 00 E
262903,28.2167,80.85,Uttar Pradesh,state,NIGHASAN,28 13 00 N,080 51 00 E
246733,29.3333,78.3833,Uttar Pradesh,state,NIHTAUR,29 20 00 N,078 23 00 E
671314,12.25,75.1,Kerala,state,NILESHWAR,12 15 00 N,075 06 00 E
312601,24.6333,74.75,Rajasthan,state,NIMBAHERA,24 38 00 N,074 45 00 E
332713,27.7,75.8333,Rajasthan,state,NIMKA THANA,27 42 00 N,075 50 00 E
700049,22.6667,88.4167,West Bengal,state,NIMTA,22 40 00 N,088 25 00 E
591237,16.45,74.4667,Karnataka,state,NIPANI,16 27 00 N,074 28 00 E
504106,19.0667,78.35,Andhra Pradesh,state,NIRMAL,19 04 00 N,078 21 00 E
847452,26.3,86.5833,Bihar,state,NIRMALI,26 18 00 N,086 35 00 E
743374,22.4333,88.3667,West Bengal,state,NISCHINTAPUR,22 26 00 N,088 22 00 E
246733,-28.5833,77.35,Uttar Pradesh,state,NITHARI,28 35 00 S,077 21 00 E
415641,19.0167,73.1167,Maharashtra,state,NIWALI,19 01 00 N,073 07 00 E
503174,18.6667,78.0833,Andhra Pradesh,state,NIZAMABAD,18 40 00 N,078 05 00 E
833217,22.1667,85.5,Bihar,state,NOAMUNDI,22 10 00 N,085 30 00 E
335523,29.1833,74.7167,Rajasthan,state,NOHAR,29 11 00 N,074 43 00 E
281203,27.85,77.65,Uttar Pradesh,state,NOHJHIL,27 51 00 N,077 39 00 E
334803,27.5833,73.4833,Rajasthan,state,NOKHA,27 35 00 N,073 29 00 E
793102,25.9,91.9,Meghalaya,state,NONGPOH,25 54 00 N,091 54 00 E
793119,25.5,91.2667,Meghalaya,state,NONGSTOIN,25 30 00 N,091 16 00 E
787001,27.2,94.1167,Assam,state,NORTH LAKHIMPUR,27 12 00 N,094 07 00 E
782001,25.05,79.45,Madhya Pradesh,state,NOWGONG,25 03 00 N,079 27 00 E
764059,19.2333,82.55,Orissa,state,NOWRANGAPUR,19 14 00 N,082 33 00 E
122107,28.1167,77,Haryana,state,NUH,28 07 00 N,077 00 00 E
141309,31.0833,75.6,Punjab,state,NURMAHAL,31 05 00 N,075 36 00 E
246734,32.3,75.9333,Himachal Pradesh,state,NURPUR,32 18 00 N,075 56 00 E
521201,16.7833,80.8833,Andhra Pradesh,state,NUZVID,16 47 00 N,080 53 00 E
722144,23.1167,87.2,West Bengal,state,ONDA,23 07 00 N,087 12 00 E
285001,26,79.4333,Uttar Pradesh,state,ORAI,26 00 00 N,079 26 00 E
472246,25.35,78.6333,Madhya Pradesh,state,ORCHHA,25 21 00 N,078 38 00 E
400102,19.15,72.85,Maharashtra,state,OSHIWARA ,19 09 00 N,072 51 00 E
342303,26.7167,72.9167,Rajasthan,state,OSIAN,26 43 00 N,072 55 00 E
413501,18.15,76.1,Maharashtra,state,OSMANABAD,18 09 00 N,076 06 00 E
400007,19.0667,73.0667,Maharashtra,state,OWE,19 04 00 N,073 04 00 E
815316,24.2,86.2667,Bihar,state,PACHAMBA,24 12 00 N,086 16 00 E
461881,22.4833,78.4333,Madhya Pradesh,state,PACHMARHI,22 29 00 N,078 26 00 E
465683,23.7,76.7333,Madhya Pradesh,state,PACHOR,23 42 00 N,076 44 00 E
424201,20.7,72.9833,Maharashtra,state,PACHORA,20 42 00 N,072 59 00 E
194302,33.4667,76.9,Jammu and Kashmir,state,PADAM,33 28 00 N,076 54 00 E
335041,20.9833,83.0667,Orissa,state,PADAMPUR,20 59 00 N,083 04 00 E
629175,8.2333,77.3833,Tamil Nadu,state,PADMANABHAPURAM,08 14 00 N,077 23 00 E
391440,22.25,73.1,Gujarat,state,PADRA,22 15 00 N,073 06 00 E
274304,26.9,83.9833,Uttar Pradesh,state,PADRAUNA,26 54 00 N,083 59 00 E
400063,19.1667,72.85,Maharashtra,state,PAHADI,19 10 00 N,072 51 00 E
202396,28.1667,78.0667,Uttar Pradesh,state,PAHASU,28 10 00 N,078 04 00 E
192126,34.0167,72.4167,Jammu and Kashmir,state,PAHLGAM,34 01 00 N,072 25 00 E
517112,13.4167,79.0833,Andhra Pradesh,state,PAKALA,13 25 00 N,079 05 00 E
816107,24.65,87.8333,Bihar,state,PAKAUR,24 39 00 N,087 50 00 E
686575,9.7333,76.6833,Kerala,state,PALAI,09 44 00 N,076 41 00 E
534260,16.5667,81.8,Andhra Pradesh,state,PALAKOLLU,16 34 00 N,081 48 00 E
431720,28.5833,77.0833,Delhi,union territory,PALAM,28 35 00 N,077 05 00 E
176062,32.0667,76.4833,Himachal Pradesh,state,PALAMPUR,32 04 00 N,076 29 00 E
385001,24.2,72.4833,Gujarat,state,PALANPUR,24 12 00 N,072 29 00 E
627002,8.7,77.7667,Tamil Nadu,state,PALAYANKOTTAI,08 42 00 N,077 46 00 E
534136,25.85,76.55,Madhya Pradesh,state,PALI,25 51 00 N,076 33 00 E
306401,25.7667,73.4333,Rajasthan,state,PALI,25 46 00 N,073 26 00 E
364270,21.5,71.8333,Gujarat,state,PALITANA,21 30 00 N,071 50 00 E
532440,18.6333,83.8333,Andhra Pradesh,state,PALKOHDA,18 38 00 N,083 50 00 E
624601,10.4667,77.5333,Tamil Nadu,state,PALNI,10 28 00 N,077 32 00 E
121102,28.1333,77.3167,Haryana,state,PALWAL,28 08 00 N,077 19 00 E
192121,34.0167,74.9333,Jammu and Kashmir,state,PAMPUR,34 01 00 N,074 56 00 E
471401,23.2667,80.05,Madhya Pradesh,state,PANAGAR,23 16 00 N,080 03 00 E
403004,15.4833,73.8333,Goa,state,PANAJI,15 29 00 N,073 50 00 E
627109,8.2333,77.6,Tamil Nadu,state,PANAKUDI,08 14 00 N,077 36 00 E
383352,23.25,87.3,West Bengal,state,PANCHAL,23 15 00 N,087 18 00 E
788802,24.2,88.0167,West Bengal,state,PANCHGRAM,24 12 00 N,088 01 00 E
711322,22.5333,88.15,West Bengal,state,PANCHLA,22 32 00 N,088 09 00 E
495337,22.25,81.4667,Madhya Pradesh,state,PANDARIA,22 15 00 N,081 28 00 E
713346,23.7167,87.2833,West Bengal,state,PANDAVESWAR,23 43 00 N,087 17 00 E
445302,20.0167,78.5333,Maharashtra,state,PANDHARKAWADA,20 01 00 N,078 32 00 E
413304,17.7,75.4,Maharashtra,state,PANDHARPUR,17 42 00 N,075 24 00 E
712149,23.0833,88.2833,West Bengal,state,PANDUA,23 05 00 N,088 17 00 E
480334,21.6,78.5167,Madhya Pradesh,state,PANDURNA,21 36 00 N,078 31 00 E
700114,22.7,88.3667,West Bengal,state,PANIHATI,22 42 00 N,088 22 00 E
132108,29.4,76.9667,Haryana,state,PANIPAT,29 24 00 N,076 58 00 E
488001,24.7167,80.1833,Madhya Pradesh,state,PANNA,24 43 00 N,080 11 00 E
607106,11.8167,79.5167,Tamil Nadu,state,PANRUTI,11 49 00 N,079 31 00 E
721139,22.4,87.7167,West Bengal,state,PANSKURA,22 24 00 N,087 43 00 E
731135,23.8167,86.9667,West Bengal,state,PANURIA,23 49 00 N,086 58 00 E
410206,18.9833,73.1667,Maharashtra,state,PANVEL,18 59 00 N,073 10 00 E
210429,25.4333,79.4667,Uttar Pradesh,state,PANWARI,25 26 00 N,079 28 00 E
173025,30.45,77.6167,Himachal Pradesh,state,PAONTA,30 27 00 N,077 37 00 E
623707,9.55,78.6,Tamil Nadu,state,PARAMAGUDI,09 33 00 N,078 36 00 E
608502,11.5,79.75,Tamil Nadu,state,PARANGIPETTAI,11 30 00 N,079 45 00 E
480441,22.1833,78.8333,Madhya Pradesh,state,PARASIA,22 11 00 N,078 50 00 E
431401,19.2667,76.85,Maharashtra,state,PARBHANI,19 16 00 N,076 51 00 E
396145,20.5167,72.95,Gujarat,state,PARDI,20 31 00 N,072 57 00 E
416137,18.7167,75.15,Maharashtra,state,PARGAON,18 43 00 N,075 09 00 E
431515,18.85,76.5333,Maharashtra,state,PARLI VAIJNATH,18 51 00 N,076 32 00 E
425111,20.8833,75.1167,Maharashtra,state,PAROLA,20 53 00 N,075 07 00 E
313801,24.1833,73.7,Rajasthan,state,PARSAD,24 11 00 N,073 42 00 E
141305,19.9833,80.8,Madhya Pradesh,state,PARTABPUR,19 59 00 N,080 48 00 E
683513,10.1667,76.2167,Kerala,state,PARUR,10 10 00 N,076 13 00 E
532501,18.8,83.4667,Andhra Pradesh,state,PARVATIPURAM,18 48 00 N,083 28 00 E
495121,22.85,82.2,Madhya Pradesh,state,PASAN,22 51 00 N,082 12 00 E
791102,28.0667,95.3333,Arunachal Pradesh,union territory,PASIGHAT,28 04 00 N,095 20 00 E
781326,26.5167,91.2667,Assam,state,PATACHARKUCHI,26 31 00 N,091 16 00 E
822123,23.85,72.1833,Gujarat,state,PATAN,23 51 00 N,072 11 00 E
483113,23.3,79.7,Madhya Pradesh,state,PATAN,23 18 00 N,079 42 00 E
123503,28.3333,76.8167,Haryana,state,PATAUDI,28 20 00 N,076 49 00 E
248001,28.65,77.1667,Delhi,union territory,PATEL NAGAR,28 39 00 N,077 10 00 E
496118,22.5667,83.4667,Madhya Pradesh,state,PATHALGAON,22 34 00 N,083 28 00 E
145001,32.2833,75.65,Punjab,state,PATHANKOT,32 17 00 N,075 39 00 E
470666,23.9,79.2,Madhya Pradesh,state,PATHARIA,23 54 00 N,079 12 00 E
147001,30.35,76.45,Punjab,state,PATIALA,30 21 00 N,076 27 00 E
400052,19.0667,73.0833,Maharashtra,state,PATIPADA,19 04 00 N,073 05 00 E
733133,25.3333,88.8333,West Bengal,state,PATIRAM,25 20 00 N,088 50 00 E
800001,25.6167,85.2,Bihar,state,PATNA,25 37 00 N,085 12 00 E
767025,20.7,83.2,Orissa,state,PATNAGARH,20 42 00 N,083 12 00 E
230135,31.2833,74.85,Punjab,state,PATTI,31 17 00 N,074 51 00 E
230135,25.8667,82.2,Uttar Pradesh,state,PATTI,25 52 00 N,082 12 00 E
614601,10.4833,79.3333,Tamil Nadu,state,PATTUKKOTTAI,10 29 00 N,079 20 00 E
516155,20.4667,77.0333,Maharashtra,state,PATUR,20 28 00 N,077 02 00 E
246001,25.5333,72.35,Madhya Pradesh,state,PAURI,25 32 00 N,072 21 00 E
246001,30.1333,78.8,Uttar Pradesh,state,PAURI,30 08 00 N,078 48 00 E
242401,28.05,80.1,Uttar Pradesh,state,PAWAYAN,28 03 00 N,080 06 00 E
271871,27.4,81.8,Uttar Pradesh,state,PAYAGPUR,27 24 00 N,081 48 00 E
680542,10.6833,76.0667,Kerala,state,PAZANJI,10 41 00 N,076 04 00 E
521366,16.2667,81.1667,Andhra Pradesh,state,PEDANA,16 16 00 N,081 10 00 E
533437,17.1,82.2167,Andhra Pradesh,state,PEDDAPURAM,17 06 00 N,082 13 00 E
132128,29.95,76.65,Haryana,state,PEHOWA,29 57 00 N,076 39 00 E
416617,19.0667,73.1,Maharashtra,state,PENDHAR,19 04 00 N,073 06 00 E
534320,16.6667,81.7333,Andhra Pradesh,state,PENUGONDA,16 40 00 N,081 44 00 E
515110,14.0833,77.6,Andhra Pradesh,state,PENUKONDA,14 05 00 N,077 36 00 E
621212,11.25,78.9,Tamil Nadu,state,PERAMBALUR,11 15 00 N,078 54 00 E
626501,10.1167,77.55,Tamil Nadu,state,PERIYAKULAM,10 07 00 N,077 33 00 E
388450,22.4833,72.8,Gujarat,state,PETLAD,22 29 00 N,072 48 00 E
144401,31.2333,75.7667,Punjab,state,PHAGWARA,31 14 00 N,075 46 00 E
342301,27.1,72.3667,Rajasthan,state,PHALODI,27 06 00 N,072 22 00 E
415523,18.0167,74.5167,Maharashtra,state,PHALTAN,18 01 00 N,074 31 00 E
206247,27.1167,83.2167,Uttar Pradesh,state,PHARENDA,27 07 00 N,083 13 00 E
144410,31.0333,75.8333,Punjab,state,PHILLAUR,31 02 00 N,075 50 00 E
276304,25.55,82.0833,Uttar Pradesh,state,PHULPUR,25 33 00 N,082 05 00 E
241406,27.6167,80.2,Uttar Pradesh,state,PIHANI,27 37 00 N,080 12 00 E
262001,28.6167,79.8,Uttar Pradesh,state,PILIBHIT,28 37 00 N,079 48 00 E
245304,28.7,77.6833,Uttar Pradesh,state,PILKHUA,28 42 00 N,077 41 00 E
307022,24.8667,73.2333,Rajasthan,state,PINDWARA,24 52 00 N,073 14 00 E
246472,30.4333,79.45,Uttar Pradesh,state,PIPALKOTI,30 26 00 N,079 27 00 E
342601,26.3333,73.6,Rajasthan,state,PIPAR,26 20 00 N,073 36 00 E
342606,26.3333,73.4833,Rajasthan,state,PIPAR ROAD,26 20 00 N,073 29 00 E
473440,22.75,78.35,Madhya Pradesh,state,PIPARIA,22 45 00 N,078 21 00 E
504330,23.9667,82.6667,Madhya Pradesh,state,PIPRI,23 58 00 N,082 40 00 E
431104,19.1,73.0833,Maharashtra,state,PISARVE,19 06 00 N,073 05 00 E
533450,17.1167,82.3333,Andhra Pradesh,state,PITHAPURAM,17 07 00 N,082 20 00 E
262501,29.5833,80.2,Uttar Pradesh,state,PITHORAGARH,29 35 00 N,080 12 00 E
741156,23.8,88.25,West Bengal,state,PLASSEY,23 48 00 N,088 15 00 E
345021,27.95,71.9333,Rajasthan,state,POKARAN,27 57 00 N,071 56 00 E
712154,22.9667,88.3,West Bengal,state,POLBA,22 58 00 N,088 18 00 E
642001,10.6333,77,Tamil Nadu,state,POLLACHI,10 38 00 N,077 00 00 E
606803,12.5167,79.0833,Tamil Nadu,state,POLLUR,12 31 00 N,079 05 00 E
605001,11.9833,79.8333,Pondicherry,union territory,PONDICHERRY,11 59 00 N,079 50 00 E
679577,10.7667,75.95,Kerala,state,PONNANI,10 46 00 N,075 57 00 E
522124,16.0667,80.5667,Andhra Pradesh,state,PONNURU NIDUBROLU,16 04 00 N,080 34 00 E
360575,21.6667,69.6667,Gujarat,state,PORBANDAR,21 40 00 N,069 40 00 E
744101,11.6667,92.7333,Andaman and Nicobar,union territory,PORT BLAIR,11 40 00 N,092 44 00 E
533103,15.55,80.05,Andhra Pradesh,state,PRAKASAM,15 33 00 N,080 03 00 E
230001,24.05,74.8333,Rajasthan,state,PRATAPGARH,24 03 00 N,074 50 00 E
712101,21.8,86.7333,Orissa,state,PRATAPPUR,21 48 00 N,086 44 00 E
516360,14.75,78.5667,Andhra Pradesh,state,PRODDATUR,14 45 00 N,078 34 00 E
622001,10.3833,78.7833,Tamil Nadu,state,PUDUKOTTAI,10 23 00 N,078 47 00 E
712305,22.9333,88.2167,West Bengal,state,PUINAN,22 56 00 N,088 13 00 E
209111,26.2333,79.8333,Uttar Pradesh,state,PUKHRAYAN,26 14 00 N,079 50 00 E
442302,20.6667,78.3667,Maharashtra,state,PULGAON,20 40 00 N,078 22 00 E
601205,13.4333,80.3333,Tamil Nadu,state,PULICAT,13 26 00 N,080 20 00 E
723151,23.1667,86.65,West Bengal,state,PUNCHA,23 10 00 N,086 39 00 E
132026,29.7667,76.6333,Haryana,state,PUNDRI,29 46 00 N,076 38 00 E
411010,18.5667,73.9667,Maharashtra,state,PUNE,18 34 00 N,073 58 00 E
517247,13.3833,78.5667,Andhra Pradesh,state,PUNGANURU,13 23 00 N,078 34 00 E
262122,28.5,80.15,Uttar Pradesh,state,PURANPUR,28 30 00 N,080 09 00 E
752001,19.8167,85.9,Orissa,state,PURI,19 49 00 N,085 54 00 E
848125,25.9833,85.6667,Bihar,state,PUSA,25 59 00 N,085 40 00 E
445204,19.9,77.5833,Maharashtra,state,PUSAD,19 54 00 N,077 35 00 E
305022,26.4667,74.6,Rajasthan,state,PUSHKAR,26 28 00 N,074 36 00 E
516166,12.65,79.1667,Andhra Pradesh,state,PUSHPAGIRI,12 39 00 N,079 10 00 E
574201,13.45,79.55,Andhra Pradesh,state,PUTTUR,13 27 00 N,079 33 00 E
143516,31.8167,75.3833,Punjab,state,QADIAN,31 49 00 N,075 23 00 E
192221,33.6333,75.15,Jammu and Kashmir,state,QAZIGUND,33 38 00 N,075 09 00 E
587314,16.4667,75.1,Karnataka,state,RABKAVI,16 28 00 N,075 06 00 E
132133,30.0333,77.1333,Haryana,state,RADAUR,30 02 00 N,077 08 00 E
799153,22.45,88.4667,West Bengal,state,RADHANAGAR,22 27 00 N,088 28 00 E
385340,23.8667,71.8167,Gujarat,state,RADHANPUR,23 52 00 N,071 49 00 E
229001,26.2333,81.2333,Uttar Pradesh,state,RAE BARELI,26 14 00 N,081 14 00 E
473226,24.4333,77.2,Madhya Pradesh,state,RAGHOGARH,24 26 00 N,077 12 00 E
754132,23.55,86.6667,West Bengal,state,RAGHUNATHPUR,23 33 00 N,086 40 00 E
461251,22.1667,77.2,Madhya Pradesh,state,RAHATGAON,22 10 00 N,077 12 00 E
470119,23.7833,78.4667,Madhya Pradesh,state,RAHATGARH,23 47 00 N,078 28 00 E
415511,17.6167,74.2833,Maharashtra,state,RAHIMATPUR,17 37 00 N,074 17 00 E
144517,31.05,76.1167,Punjab,state,RAHON,31 03 00 N,076 07 00 E
584101,16.2,77.3667,Karnataka,state,RAICHUR,16 12 00 N,077 22 00 E
743383,22,88.4333,West Bengal,state,RAIDIGHI,22 00 00 N,088 26 00 E
733134,25.6333,88.1833,West Bengal,state,RAIGANJ,25 38 00 N,088 11 00 E
496001,21.8833,83.4667,Madhya Pradesh,state,RAIGARH,21 53 00 N,083 28 00 E
141109,30.6833,75.7,Punjab,state,RAIKOT,30 41 00 N,075 42 00 E
843326,21.2333,81.6333,Madhya Pradesh,state,RAIPUR,21 14 00 N,081 38 00 E
464551,23.35,77.8167,Madhya Pradesh,state,RAISEN,23 21 00 N,077 49 00 E
335051,29.5333,73.55,Rajasthan,state,RAISINGHNAGAR,29 32 00 N,073 33 00 E
770017,22.1833,84.6,Orissa,state,RAJ GANGPUR,22 11 00 N,084 36 00 E
841420,23.8667,86.3333,Bihar,state,RAJABHITA,23 52 00 N,086 20 00 E
533101,17.0167,81.8667,Andhra Pradesh,state,RAJAHMUNDRY,17 01 00 N,081 52 00 E
328025,26.9,78.1667,Rajasthan,state,RAJAKHERA,26 54 00 N,078 10 00 E
331802,28.0333,74.4667,Rajasthan,state,RAJALDESAR,28 02 00 N,074 28 00 E
516115,14.1833,79.15,Andhra Pradesh,state,RAJAMPET,14 11 00 N,079 09 00 E
626117,9.4333,77.6,Tamil Nadu,state,RAJAPALAIYAM,09 26 00 N,077 36 00 E
509242,16.6333,73.5333,Maharashtra,state,RAJAPUR,16 38 00 N,073 32 00 E
185131,33.3833,74.3,Jammu and Kashmir,state,RAJAURI,33 23 00 N,074 18 00 E
305205,28.6333,75.3833,Rajasthan,state,RAJGARGH,28 38 00 N,075 23 00 E
786611,24.0167,76.7,Madhya Pradesh,state,RAJGARH,24 01 00 N,076 42 00 E
301408,28.6333,75.3833,Rajasthan,state,RAJGARH,28 38 00 N,075 23 00 E
803116,25.0167,85.4333,Bihar,state,RAJGIR,25 01 00 N,085 26 00 E
805126,22.9333,88.35,West Bengal,state,RAJHAT,22 56 00 N,088 21 00 E
743702,22.8167,88.5667,West Bengal,state,RAJIBPUR,22 49 00 N,088 34 00 E
360001,22.3,70.8833,Gujarat,state,RAJKOT,22 18 00 N,070 53 00 E
816108,25.05,87.8167,Bihar,state,RAJMAHAL,25 03 00 N,087 49 00 E
799158,23.9333,87.4167,West Bengal,state,RAJNAGAR,23 56 00 N,087 25 00 E
393145,21.8167,73.6,Gujarat,state,RAJPIPLA,21 49 00 N,073 36 00 E
768229,28.6833,77.2,Delhi,union territory,RAJPUR,28 41 00 N,077 12 00 E
451447,21.9667,75.15,Madhya Pradesh,state,RAJPUR,21 58 00 N,075 09 00 E
202527,30.4833,76.6667,Punjab,state,RAJPURA,30 29 00 N,076 40 00 E
364560,21.0167,71.5667,Gujarat,state,RAJULA,21 01 00 N,071 34 00 E
143603,31.9667,74.9,Punjab,state,RAM DAS,31 58 00 N,074 54 00 E
627912,16.9,82.05,Andhra Pradesh,state,RAMACHANDRAPURAM,16 54 00 N,082 03 00 E
151301,29.9667,74.9667,Punjab,state,RAMAN,29 58 00 N,074 58 00 E
571511,12.75,77.2667,Karnataka,state,RAMANAGARAM,12 45 00 N,077 16 00 E
623501,9.3833,78.8833,Tamil Nadu,state,RAMANATHAPURAM,09 23 00 N,078 53 00 E
182144,33.25,75.3,Jammu and Kashmir,state,RAMBAN,33 15 00 N,075 18 00 E
345023,27.016,71.931,Rajasthan,state,RAMDEVRA,27 01 00 N,071 55 00 E
591123,15.95,75.4,Karnataka,state,RAMDURG,15 57 00 N,075 24 00 E
623526,9.3,79.3167,Tamil Nadu,state,RAMESWARAM,09 18 00 N,079 19 00 E
829122,24.5667,87.25,Bihar,state,RAMGARH,24 34 00 N,087 15 00 E
821110,23.6167,85.5333,Bihar,state,RAMGARH,23 37 00 N,085 32 00 E
331024,27.5833,76.8,Rajasthan,state,RAMGARH,27 35 00 N,076 48 00 E
721242,22.8167,87.6667,West Bengal,state,RAMJIBANPUR,22 49 00 N,087 40 00 E
723160,23.5833,86.75,West Bengal,state,RAMKANALI,23 35 00 N,086 45 00 E
799158,32.8,75.35,Jammu and Kashmir,state,RAMNAGAR,32 48 00 N,075 21 00 E
221008,25.3,83.0333,Uttar Pradesh,state,RAMNAGAR,25 18 00 N,083 02 00 E
222103,29.3833,79.1167,Uttar Pradesh,state,RAMNAGAR,29 23 00 N,079 07 00 E
854347,31.4333,77.6167,Himachal Pradesh,state,RAMPUR,31 26 00 N,077 37 00 E
768225,21.0667,84.35,Orissa,state,RAMPUR,21 04 00 N,084 21 00 E
222203,28.8,79.05,Uttar Pradesh,state,RAMPUR,28 48 00 N,079 03 00 E
244901,29.8,77.45,Uttar Pradesh,state,RAMPUR,29 48 00 N,077 27 00 E
363435,24.5,75.5333,Madhya Pradesh,state,RAMPURA,24 30 00 N,075 32 00 E
151103,30.2833,75.2333,Punjab,state,RAMPURA PHUL,30 17 00 N,075 14 00 E
441106,21.4,79.3333,Maharashtra,state,RAMTEK,21 24 00 N,079 20 00 E
741201,23.1667,88.6,West Bengal,state,RANAGHAT,23 10 00 N,088 36 00 E
181102,32.6333,74.7333,Jammu and Kashmir,state,RANBIRSINGHPURA,32 38 00 N,074 44 00 E
834001,23.3667,85.3333,Bihar,state,RANCHI,23 22 00 N,085 20 00 E
385522,21.25,72.8333,Gujarat,state,RANDER,21 15 00 N,072 50 00 E
385522,28.8833,73.2833,Rajasthan,state,RANER,28 53 00 N,073 17 00 E
781354,26.4333,91.6333,Assam,state,RANGIA,26 26 00 N,091 38 00 E
737132,27.1833,88.5333,Sikkim,state,RANGPO,27 11 00 N,088 32 00 E
722148,22.8667,86.7833,West Bengal,state,RANIBANDH,22 52 00 N,086 47 00 E
581115,14.5833,75.6,Karnataka,state,RANIBENNUR,14 35 00 N,075 36 00 E
824210,23.6167,87.1333,West Bengal,state,RANIGANJ,23 37 00 N,087 08 00 E
263645,29.65,79.4167,Uttar Pradesh,state,RANIKHET,29 39 00 N,079 25 00 E
632401,12.9333,79.3333,Tamil Nadu,state,RANIPETTAI,12 56 00 N,079 20 00 E
343040,24.7667,72.3333,Rajasthan,state,RANIWARA,24 46 00 N,072 20 00 E
363701,23.5333,70.6667,Gujarat,state,RAPAR,23 32 00 N,070 40 00 E
847313,24.0833,87.35,Bihar,state,RARIBAHAL,24 05 00 N,087 21 00 E
110004,28.6167,77.2,Delhi,union territory,RASHTRAPATI BHAWAN,28 37 00 N,077 12 00 E
637408,11.4667,78.1667,Tamil Nadu,state,RASIPURAM,11 28 00 N,078 10 00 E
221712,25.8667,83.8333,Uttar Pradesh,state,RASRA,25 52 00 N,083 50 00 E
755034,28.7,77.0167,Delhi,union territory,RASULPUR,28 42 00 N,077 01 00 E
250502,28.6167,77.3667,Uttar Pradesh,state,RASULPUR,28 37 00 N,077 22 00 E
458226,28.0333,74.65,Rajasthan,state,RATANGARH,28 02 00 N,074 39 00 E
847307,22.8333,88.2333,West Bengal,state,RATANPUR,22 50 00 N,088 14 00 E
210431,25.6,79.5667,Uttar Pradesh,state,RATH,25 36 00 N,079 34 00 E
457001,23.3,75.1,Madhya Pradesh,state,RATLAM,23 18 00 N,075 06 00 E
754236,17,73.3333,Maharashtra,state,RATNAGIRI,17 00 00 N,073 20 00 E
423108,20.6333,74.4167,Maharashtra,state,RAVALGAON,20 38 00 N,074 25 00 E
425508,21.25,76.0833,Maharashtra,state,RAVER,21 15 00 N,076 05 00 E
845305,26.9667,84.85,Bihar,state,RAXAUL,26 58 00 N,084 51 00 E
516269,14.0667,78.7667,Andhra Pradesh,state,RAYACHOTI,14 04 00 N,078 46 00 E
515865,14.7,76.8,Andhra Pradesh,state,RAYADRUG,14 42 00 N,076 48 00 E
765001,19.1667,83.4167,Orissa,state,RAYAGADA,19 10 00 N,083 25 00 E
110006,28.6333,77.2333,Delhi,union territory,RED FORT,28 38 00 N,077 14 00 E
756021,21.55,86.95,Orissa,state,REMUNA,21 33 00 N,086 57 00 E
841315,25.6667,84.6333,Bihar,state,REVELGANJ,25 40 00 N,084 38 00 E
486001,24.5333,81.3,Madhya Pradesh,state,REWA,24 32 00 N,081 18 00 E
123401,27.2333,76.6333,Haryana,state,REWARI,27 14 00 N,076 38 00 E
182311,33.05,74.85,Jammu and Kashmir,state,RIASI,33 03 00 N,074 51 00 E
332404,27.35,75.5667,Rajasthan,state,RINGUS,27 21 00 N,075 34 00 E
249201,30.1,78.2667,Uttar Pradesh,state,RISHIKESH,30 06 00 N,078 16 00 E
712248,22.7167,88.35,West Bengal,state,RISHRA,22 43 00 N,088 21 00 E
483990,22.7333,77.4333,Madhya Pradesh,state,RITHI,22 44 00 N,077 26 00 E
231216,24.7,83.0667,Uttar Pradesh,state,ROBERTSGANJ,24 42 00 N,083 04 00 E
124001,28.95,76.6333,Haryana,state,ROHTAK,28 57 00 N,076 38 00 E
792110,27.5333,92.9333,Arunachal Pradesh,union territory,ROING,27 32 00 N,092 56 00 E
247667,29.85,77.9,Uttar Pradesh,state,ROORKEE,29 51 00 N,077 54 00 E
140001,30.9833,76.6,Punjab,state,RUPAR,30 59 00 N,076 36 00 E
848210,25.75,86.0333,Bihar,state,RUSERA,25 45 00 N,086 02 00 E
700040,22.4833,88.35,West Bengal,state,RUSSA,22 29 00 N,088 21 00 E
476229,26.25,77.4,Madhya Pradesh,state,SABALGARH,26 15 00 N,077 24 00 E
281306,27.4333,78.0333,Uttar Pradesh,state,SADABAD,27 26 00 N,078 02 00 E
282001,28.55,77.35,Uttar Pradesh,state,SADARPUR,28 33 00 N,077 21 00 E
133204,30.3667,77.2167,Haryana,state,SADHAURA,30 22 00 N,077 13 00 E
786155,27.8167,95.6333,Assam,state,SADIYA,27 49 00 N,095 38 00 E
603102,12.55,80.1667,Tamil Nadu,state,SADRAS,12 33 00 N,080 10 00 E
306702,25.2,73.5333,Rajasthan,state,SADRI,25 12 00 N,073 32 00 E
125112,29.4333,76.7,Haryana,state,SAFIDON,29 26 00 N,076 42 00 E
416217,19.2,73.1,Maharashtra,state,SAGAON,19 12 00 N,073 06 00 E
845515,14.1667,75.0333,Karnataka,state,SAGAR,14 10 00 N,075 02 00 E
470002,23.8333,78.7333,Madhya Pradesh,state,SAGAR,23 50 00 N,078 44 00 E
742226,24.2833,88.1,West Bengal,state,SAGARDIGHI,24 17 00 N,088 06 00 E
314025,23.7,74.0333,Rajasthan,state,SAGWARA,23 42 00 N,074 02 00 E
247001,29.9667,77.5833,Uttar Pradesh,state,SAHARANPUR,29 58 00 N,077 35 00 E
852201,25.9,86.6,Bihar,state,SAHARSA,25 54 00 N,086 36 00 E
243638,28.0667,78.75,Uttar Pradesh,state,SAHASWAN,28 04 00 N,078 45 00 E
